{
"type": "FeatureCollection",
"name": "pak_districts",
"crs": { "type": "name", "properties": { "name": "urn:ogc:def:crs:OGC:1.3:CRS84" } },
"features": [
{ "type": "Feature", "properties": { "GID_0": "PAK", "NAME_0": "Pakistan", "GID_1": "PAK.1_1", "NAME_1": "Azad Kashmir", "NL_NAME_1": null, "GID_2": "PAK.1.1_1", "NAME_2": "Azad Kashmir", "NL_NAME_2": null, "GID_3": "PAK.1.1.1_1", "NAME_3": "Bagh", "VARNAME_3": null, "NL_NAME_3": null, "TYPE_3": "District", "ENGTYPE_3": "District", "CC_3": null, "HASC_3": null }, "geometry": { "type": "Polygon", "coordinates": [ [ [ 73.540954589843693, 33.903896331787109 ], [ 73.496910095214844, 33.977207183837947 ], [ 73.491630554199276, 33.983322143554688 ], [ 73.501960754394588, 34.024394989013786 ], [ 73.513137817382812, 34.041603088378963 ], [ 73.497909545898438, 34.100276947021598 ], [ 73.494430541992188, 34.125122070312557 ], [ 73.594558715820312, 34.10368728637701 ], [ 73.601577758789176, 34.101741790771541 ], [ 73.672660827636776, 34.121051788330135 ], [ 73.726829528808651, 34.119812011718807 ], [ 73.807487487793026, 34.066932678222713 ], [ 73.824363708496207, 34.057331085205135 ], [ 73.889808654785099, 34.042404174804801 ], [ 73.89817047119152, 34.032821655273494 ], [ 74.000000000000114, 34.03018951416027 ], [ 74.006072998046932, 34.022441864013729 ], [ 74.114982604980526, 34.05378341674799 ], [ 74.123695373535156, 34.055179595947266 ], [ 74.19635009765625, 34.040084838867244 ], [ 74.214675903320312, 34.038555145263672 ], [ 74.246528625488281, 34.016029357910213 ], [ 74.248687744140682, 34.013820648193416 ], [ 74.263252258300895, 33.955230712890739 ], [ 74.263580322265682, 33.942619323730526 ], [ 74.219673156738338, 33.86717605590826 ], [ 74.207626342773438, 33.859401702880973 ], [ 74.04904937744152, 33.808830261230469 ], [ 74.041343688964901, 33.798992156982422 ], [ 74.018196105957031, 33.819572448730526 ], [ 74.000999450683537, 33.836761474609432 ], [ 73.97617340087902, 33.895980834960938 ], [ 73.97043609619152, 33.905532836914062 ], [ 73.937965393066463, 33.894069671630916 ], [ 73.920768737792969, 33.87688064575201 ], [ 73.764129638671875, 33.87688064575201 ], [ 73.735473632812614, 33.880699157714787 ], [ 73.63232421875, 33.976211547851676 ], [ 73.609397888183707, 33.985763549804801 ], [ 73.586471557617244, 33.976211547851676 ], [ 73.540954589843693, 33.903896331787109 ] ] ] } },
{ "type": "Feature", "properties": { "GID_0": "PAK", "NAME_0": "Pakistan", "GID_1": "PAK.1_1", "NAME_1": "Azad Kashmir", "NL_NAME_1": null, "GID_2": "PAK.1.1_1", "NAME_2": "Azad Kashmir", "NL_NAME_2": null, "GID_3": "PAK.1.1.2_1", "NAME_3": "Bhimber", "VARNAME_3": null, "NL_NAME_3": null, "TYPE_3": "District", "ENGTYPE_3": "District", "CC_3": null, "HASC_3": null }, "geometry": { "type": "Polygon", "coordinates": [ [ [ 74.390777587890682, 32.8017578125 ], [ 74.353622436523551, 32.789485931396541 ], [ 74.311538696289062, 32.785964965820369 ], [ 74.261573791503906, 32.836631774902344 ], [ 74.253395080566406, 32.846275329589901 ], [ 74.202423095703068, 32.859832763671989 ], [ 74.183486938476676, 32.865695953369084 ], [ 74.153579711914176, 32.893310546875 ], [ 74.144027709961051, 32.900188446045036 ], [ 73.990638732910213, 32.946201324462891 ], [ 73.963821411132812, 32.943370819091797 ], [ 73.936294555664176, 32.989513397216797 ], [ 73.92600250244152, 33.001506805419865 ], [ 73.908554077148438, 32.998065948486271 ], [ 73.891914367675781, 32.995540618896598 ], [ 73.830345153808594, 33.017848968505973 ], [ 73.823463439941406, 33.017486572265625 ], [ 73.829078674316463, 33.049732208252067 ], [ 73.830986022949276, 33.076473236083984 ], [ 73.871101379394645, 33.152885437011719 ], [ 73.884475708007812, 33.166259765625 ], [ 73.874923706054631, 33.225296020507926 ], [ 73.874923706054631, 33.244579315185604 ], [ 73.98954010009777, 33.254131317138729 ], [ 74.013977050781193, 33.250942230224723 ], [ 74.014274597168026, 33.198249816894474 ], [ 74.018226623535156, 33.193191528320369 ], [ 74.082839965820312, 33.180740356445312 ], [ 74.099868774414062, 33.172508239746094 ], [ 74.157028198242131, 33.125862121582088 ], [ 74.17624664306652, 33.107151031494254 ], [ 74.190643310546875, 33.076709747314453 ], [ 74.199272155761776, 33.046878814697379 ], [ 74.242034912109489, 33.047294616699276 ], [ 74.254966735839901, 33.048774719238281 ], [ 74.337921142578182, 33.025939941406307 ], [ 74.34983062744152, 33.016250610351676 ], [ 74.353179931640682, 32.983131408691406 ], [ 74.346359252929744, 32.965549468994197 ], [ 74.316139221191406, 32.930160522460994 ], [ 74.318031311035156, 32.919700622558651 ], [ 74.406051635742244, 32.906974792480582 ], [ 74.413894653320426, 32.903949737548885 ], [ 74.466056823730469, 32.781360626220817 ], [ 74.471954345703125, 32.778362274169922 ], [ 74.390777587890682, 32.8017578125 ] ] ] } },
{ "type": "Feature", "properties": { "GID_0": "PAK", "NAME_0": "Pakistan", "GID_1": "PAK.1_1", "NAME_1": "Azad Kashmir", "NL_NAME_1": null, "GID_2": "PAK.1.1_1", "NAME_2": "Azad Kashmir", "NL_NAME_2": null, "GID_3": "PAK.1.1.3_1", "NAME_3": "Kotli", "VARNAME_3": null, "NL_NAME_3": null, "TYPE_3": "District", "ENGTYPE_3": "District", "CC_3": null, "HASC_3": null }, "geometry": { "type": "Polygon", "coordinates": [ [ [ 74.013977050781193, 33.250942230224723 ], [ 73.874923706054631, 33.244579315185604 ], [ 73.874923706054631, 33.225296020507926 ], [ 73.838630676269645, 33.244579315185604 ], [ 73.809974670410213, 33.269412994384822 ], [ 73.722106933593864, 33.366836547851676 ], [ 73.695358276367244, 33.393581390380916 ], [ 73.601753234863395, 33.445156097412053 ], [ 73.562965393066463, 33.444049835205078 ], [ 73.582992553710994, 33.463973999023438 ], [ 73.589393615722599, 33.482902526855526 ], [ 73.581581115722599, 33.499965667724666 ], [ 73.575263977050895, 33.508419036865348 ], [ 73.590019226074219, 33.531391143798828 ], [ 73.596603393554801, 33.544052124023381 ], [ 73.569099426269588, 33.612701416015739 ], [ 73.556793212890625, 33.628440856933651 ], [ 73.586166381835938, 33.644779205322322 ], [ 73.592430114746207, 33.653430938720646 ], [ 73.625869750976562, 33.653564453125 ], [ 73.634628295898438, 33.650241851806641 ], [ 73.644935607910156, 33.629974365234432 ], [ 73.651031494140625, 33.625171661377067 ], [ 73.741134643554744, 33.652923583984489 ], [ 73.752571105957088, 33.653209686279411 ], [ 73.764778137207088, 33.644313812255859 ], [ 73.771774291992188, 33.640247344970817 ], [ 73.985427856445312, 33.627918243408203 ], [ 73.995086669921818, 33.626041412353572 ], [ 74.01468658447277, 33.59836578369152 ], [ 74.028442382812614, 33.574680328369141 ], [ 74.088356018066349, 33.573204040527457 ], [ 74.095710754394588, 33.570396423339844 ], [ 74.17813873291027, 33.481681823730412 ], [ 74.185028076171989, 33.467739105224666 ], [ 74.184211730957088, 33.391040802001953 ], [ 74.185081481933594, 33.383510589599723 ], [ 74.115798950195426, 33.281131744384766 ], [ 74.102981567382869, 33.270542144775447 ], [ 74.013977050781193, 33.250942230224723 ] ] ] } },
{ "type": "Feature", "properties": { "GID_0": "PAK", "NAME_0": "Pakistan", "GID_1": "PAK.1_1", "NAME_1": "Azad Kashmir", "NL_NAME_1": null, "GID_2": "PAK.1.1_1", "NAME_2": "Azad Kashmir", "NL_NAME_2": null, "GID_3": "PAK.1.1.4_1", "NAME_3": "Mirpur", "VARNAME_3": null, "NL_NAME_3": null, "TYPE_3": "District", "ENGTYPE_3": "District", "CC_3": null, "HASC_3": null }, "geometry": { "type": "Polygon", "coordinates": [ [ [ 73.753807067871037, 32.979591369628963 ], [ 73.746116638183651, 33.027744293212947 ], [ 73.743797302246151, 33.034973144531193 ], [ 73.709205627441406, 33.052219390869254 ], [ 73.694999694824276, 33.071933746337891 ], [ 73.596740722656307, 33.094348907470817 ], [ 73.590934753417969, 33.101165771484318 ], [ 73.583091735839957, 33.136558532714901 ], [ 73.583984375000057, 33.143970489502067 ], [ 73.605010986328239, 33.196319580078239 ], [ 73.605827331542969, 33.218116760253906 ], [ 73.580184936523551, 33.306926727294922 ], [ 73.579208374023494, 33.314830780029411 ], [ 73.539176940918082, 33.387851715087947 ], [ 73.538993835449332, 33.394584655761776 ], [ 73.558845520019645, 33.439521789550724 ], [ 73.562965393066463, 33.444049835205078 ], [ 73.601753234863395, 33.445156097412053 ], [ 73.628501892089787, 33.439426422119084 ], [ 73.657150268554688, 33.422233581542969 ], [ 73.695358276367244, 33.393581390380916 ], [ 73.838630676269645, 33.244579315185604 ], [ 73.874923706054631, 33.225296020507926 ], [ 73.888298034667969, 33.187271118164119 ], [ 73.884475708007812, 33.166259765625 ], [ 73.850090026855582, 33.103218078613395 ], [ 73.836723327636832, 33.091758728027457 ], [ 73.829078674316463, 33.049732208252067 ], [ 73.829078674316463, 33.028720855713004 ], [ 73.753807067871037, 32.979591369628963 ] ] ] } },
{ "type": "Feature", "properties": { "GID_0": "PAK", "NAME_0": "Pakistan", "GID_1": "PAK.1_1", "NAME_1": "Azad Kashmir", "NL_NAME_1": null, "GID_2": "PAK.1.1_1", "NAME_2": "Azad Kashmir", "NL_NAME_2": null, "GID_3": "PAK.1.1.5_1", "NAME_3": "Muzaffarabad", "VARNAME_3": null, "NL_NAME_3": null, "TYPE_3": "District", "ENGTYPE_3": "District", "CC_3": null, "HASC_3": null }, "geometry": { "type": "Polygon", "coordinates": [ [ [ 73.494430541992188, 34.125122070312557 ], [ 73.478218078613281, 34.221958160400504 ], [ 73.467933654785156, 34.249473571777401 ], [ 73.412490844726619, 34.319160461425895 ], [ 73.409713745117301, 34.323051452636719 ], [ 73.398101806640625, 34.373264312744084 ], [ 73.397705078124943, 34.373954772949219 ], [ 73.441360473632926, 34.549995422363281 ], [ 73.4427490234375, 34.55499267578125 ], [ 73.460266113281193, 34.570549011230582 ], [ 73.464706420898438, 34.571937561035156 ], [ 73.575271606445426, 34.587211608886719 ], [ 73.581665039062557, 34.5877685546875 ], [ 73.619705200195426, 34.565826416015625 ], [ 73.624984741210994, 34.56388092041027 ], [ 73.647216796875, 34.573608398437614 ], [ 73.649421691894645, 34.576686859130916 ], [ 73.687721252441463, 34.551204681396598 ], [ 73.697273254394588, 34.539741516113281 ], [ 73.681991577148494, 34.472881317138672 ], [ 73.681991577148494, 34.455692291259766 ], [ 73.703002929687557, 34.434677124023494 ], [ 73.779411315917969, 34.427036285400504 ], [ 73.789657592773551, 34.427036285400504 ], [ 73.763221740722656, 34.359630584716854 ], [ 73.773391723632869, 34.349750518798942 ], [ 73.807395935058707, 34.356719970703239 ], [ 73.841751098632812, 34.338321685791129 ], [ 73.889404296875114, 34.357025146484375 ], [ 73.899406433105469, 34.359813690185604 ], [ 73.976226806640625, 34.26480865478527 ], [ 73.982032775878963, 34.239078521728572 ], [ 73.976577758789176, 34.211803436279354 ], [ 73.917076110839787, 34.142108917236328 ], [ 73.904083251953239, 34.122249603271598 ], [ 73.883216857910213, 34.049949645996151 ], [ 73.889808654785099, 34.042404174804801 ], [ 73.842147827148438, 34.059837341308594 ], [ 73.824363708496207, 34.057331085205135 ], [ 73.729370117187614, 34.118404388427848 ], [ 73.726829528808651, 34.119812011718807 ], [ 73.611267089843807, 34.102691650390739 ], [ 73.601577758789176, 34.101741790771541 ], [ 73.494430541992188, 34.125122070312557 ] ] ] } },
{ "type": "Feature", "properties": { "GID_0": "PAK", "NAME_0": "Pakistan", "GID_1": "PAK.1_1", "NAME_1": "Azad Kashmir", "NL_NAME_1": null, "GID_2": "PAK.1.1_1", "NAME_2": "Azad Kashmir", "NL_NAME_2": null, "GID_3": "PAK.1.1.6_1", "NAME_3": "Neelum", "VARNAME_3": null, "NL_NAME_3": null, "TYPE_3": "District", "ENGTYPE_3": "District", "CC_3": null, "HASC_3": null }, "geometry": { "type": "Polygon", "coordinates": [ [ [ 75.377822875976619, 34.552421569824332 ], [ 75.279151916503906, 34.601749420166129 ], [ 75.261856079101619, 34.610881805420036 ], [ 75.259635925293082, 34.644081115722656 ], [ 75.249710083007926, 34.647312164306754 ], [ 75.164672851562443, 34.66044998168951 ], [ 75.142295837402401, 34.662410736084098 ], [ 75.029907226562557, 34.641471862793026 ], [ 75.018745422363395, 34.641498565673828 ], [ 74.927810668945312, 34.678310394287109 ], [ 74.910507202148494, 34.683208465576115 ], [ 74.728073120117301, 34.688583374023494 ], [ 74.703002929687557, 34.693080902099723 ], [ 74.612426757812557, 34.746372222900391 ], [ 74.580177307128963, 34.770099639892635 ], [ 74.473968505859489, 34.790634155273551 ], [ 74.375541687011776, 34.80344390869152 ], [ 74.346214294433707, 34.790409088134709 ], [ 74.341262817382926, 34.789691925048828 ], [ 74.315093994140739, 34.800258636474666 ], [ 74.307296752929801, 34.800304412841911 ], [ 74.286796569824276, 34.774169921875057 ], [ 74.279747009277401, 34.768268585205192 ], [ 74.148971557617301, 34.695270538330078 ], [ 74.141792297363281, 34.691200256347713 ], [ 74.059700012207145, 34.685089111328125 ], [ 74.04913330078125, 34.684959411621151 ], [ 74.03363037109375, 34.693641662597656 ], [ 74.012893676757812, 34.709854125976562 ], [ 73.986076354980582, 34.704158782959098 ], [ 73.960220336914062, 34.696681976318416 ], [ 73.941558837890625, 34.677200317382756 ], [ 73.927330017089957, 34.645889282226676 ], [ 73.941558837890625, 34.591957092285156 ], [ 73.948066711425838, 34.573089599609375 ], [ 73.895339965820256, 34.546669006347713 ], [ 73.886688232421932, 34.514999389648494 ], [ 73.898742675781364, 34.495769500732422 ], [ 73.807258605957031, 34.441947937011776 ], [ 73.789657592773551, 34.427036285400504 ], [ 73.703002929687557, 34.434677124023494 ], [ 73.681991577148494, 34.455692291259766 ], [ 73.699180603027401, 34.528282165527344 ], [ 73.697273254394588, 34.539741516113281 ], [ 73.657150268554688, 34.568397521972713 ], [ 73.649421691894645, 34.576686859130916 ], [ 73.673309326171989, 34.640274047851619 ], [ 73.674423217773551, 34.645828247070369 ], [ 73.66192626953125, 34.689430236816406 ], [ 73.663604736328125, 34.694435119628906 ], [ 73.699996948242301, 34.721099853515625 ], [ 73.703598022461051, 34.724708557128906 ], [ 73.729705810546932, 34.778327941894531 ], [ 73.732208251953239, 34.78110504150402 ], [ 73.829437255859432, 34.825271606445312 ], [ 73.833877563476676, 34.826942443847656 ], [ 73.902770996093693, 34.826103210449276 ], [ 73.907760620117188, 34.826660156250057 ], [ 73.983047485351676, 34.867492675781307 ], [ 73.986373901367188, 34.870544433593807 ], [ 74.049148559570369, 34.952491760253906 ], [ 74.051651000976619, 34.955551147460938 ], [ 74.054428100585938, 34.991661071777401 ], [ 74.055816650390682, 34.996101379394645 ], [ 74.082763671875057, 35.014999389648381 ], [ 74.085266113281364, 35.018325805664119 ], [ 74.060256958007869, 35.069442749023494 ], [ 74.060256958007869, 35.074714660644531 ], [ 74.089981079101619, 35.109718322753963 ], [ 74.093322753906193, 35.113052368164062 ], [ 74.126487731933707, 35.124629974365234 ], [ 74.203376770019474, 35.140918731689567 ], [ 74.272781372070426, 35.137653350830135 ], [ 74.294410705566406, 35.140007019043026 ], [ 74.399436950683707, 35.117465972900504 ], [ 74.421058654785156, 35.115001678466911 ], [ 74.461235046386832, 35.08024978637701 ], [ 74.488945007324219, 35.078937530517692 ], [ 74.628639221191463, 35.149497985839844 ], [ 74.638595581054801, 35.154968261718864 ], [ 74.668853759765682, 35.124031066894588 ], [ 74.684875488281307, 35.111148834228572 ], [ 74.777534484863281, 35.061126708984489 ], [ 74.815132141113338, 35.046710968017692 ], [ 74.801116943359489, 35.020660400390739 ], [ 74.793922424316406, 35.001361846923771 ], [ 74.788154602050895, 34.934288024902457 ], [ 74.791412353515568, 34.914779663085994 ], [ 74.809814453125057, 34.941112518310547 ], [ 74.825965881347656, 34.935665130615291 ], [ 74.842430114746151, 34.933944702148438 ], [ 74.885795593261832, 34.896984100341911 ], [ 74.904129028320256, 34.888828277587834 ], [ 75.010948181152287, 34.862075805664062 ], [ 75.027755737304688, 34.853862762451286 ], [ 75.057334899902344, 34.806186676025504 ], [ 75.065475463867301, 34.797199249267635 ], [ 75.157409667968864, 34.860912322998104 ], [ 75.178390502929801, 34.870960235595703 ], [ 75.189979553222713, 34.854667663574276 ], [ 75.208686828613395, 34.859066009521428 ], [ 75.245376586914062, 34.907436370849666 ], [ 75.258445739746151, 34.906845092773381 ], [ 75.279968261718807, 34.876522064209041 ], [ 75.285957336425895, 34.85955810546875 ], [ 75.347267150878906, 34.812107086181754 ], [ 75.359031677246037, 34.782356262207031 ], [ 75.345283508300895, 34.661590576171875 ], [ 75.353874206543082, 34.643795013427734 ], [ 75.374397277832088, 34.612968444824219 ], [ 75.396026611328239, 34.590541839599609 ], [ 75.451179504394531, 34.563297271728516 ], [ 75.465171813964901, 34.549877166748161 ], [ 75.377822875976619, 34.552421569824332 ] ] ] } },
{ "type": "Feature", "properties": { "GID_0": "PAK", "NAME_0": "Pakistan", "GID_1": "PAK.1_1", "NAME_1": "Azad Kashmir", "NL_NAME_1": null, "GID_2": "PAK.1.1_1", "NAME_2": "Azad Kashmir", "NL_NAME_2": null, "GID_3": "PAK.1.1.7_1", "NAME_3": "Poonch", "VARNAME_3": null, "NL_NAME_3": null, "TYPE_3": "District", "ENGTYPE_3": "District", "CC_3": null, "HASC_3": null }, "geometry": { "type": "Polygon", "coordinates": [ [ [ 73.99961090087902, 33.624782562255973 ], [ 73.899238586425838, 33.630706787109375 ], [ 73.892364501953182, 33.630535125732536 ], [ 73.888298034667969, 33.666748046875 ], [ 73.876838684081974, 33.683940887451286 ], [ 73.779411315917969, 33.752712249755916 ], [ 73.752670288085881, 33.769905090332031 ], [ 73.668617248535156, 33.79473876953125 ], [ 73.628501892089787, 33.800468444824276 ], [ 73.529441833496151, 33.799480438232536 ], [ 73.524253845214901, 33.812259674072379 ], [ 73.540885925293026, 33.898323059082088 ], [ 73.540954589843693, 33.903896331787109 ], [ 73.586471557617244, 33.976211547851676 ], [ 73.609397888183707, 33.985763549804801 ], [ 73.714462280273551, 33.894069671630916 ], [ 73.735473632812614, 33.880699157714787 ], [ 73.897850036621094, 33.874969482421818 ], [ 73.920768737792969, 33.87688064575201 ], [ 73.955154418945369, 33.903621673584098 ], [ 73.97043609619152, 33.905532836914062 ], [ 74.018196105957031, 33.819572448730526 ], [ 74.041343688964901, 33.798992156982422 ], [ 74.023979187011776, 33.772041320800781 ], [ 74.000000000000114, 33.752578735351562 ], [ 73.966461181640739, 33.740322113037166 ], [ 73.956253051757869, 33.720291137695256 ], [ 73.99961090087902, 33.624782562255973 ] ] ] } },
{ "type": "Feature", "properties": { "GID_0": "PAK", "NAME_0": "Pakistan", "GID_1": "PAK.1_1", "NAME_1": "Azad Kashmir", "NL_NAME_1": null, "GID_2": "PAK.1.1_1", "NAME_2": "Azad Kashmir", "NL_NAME_2": null, "GID_3": "PAK.1.1.8_1", "NAME_3": "Sudhnati", "VARNAME_3": null, "NL_NAME_3": null, "TYPE_3": "District", "ENGTYPE_3": "District", "CC_3": null, "HASC_3": null }, "geometry": { "type": "Polygon", "coordinates": [ [ [ 73.556793212890625, 33.628440856933651 ], [ 73.536727905273551, 33.657295227050895 ], [ 73.536026000976562, 33.665195465087947 ], [ 73.563888549804688, 33.728572845459098 ], [ 73.562568664550781, 33.751102447509766 ], [ 73.539390563964957, 33.781627655029297 ], [ 73.53411865234375, 33.787975311279354 ], [ 73.538719177246094, 33.802379608154411 ], [ 73.569282531738338, 33.808109283447379 ], [ 73.724014282226676, 33.779453277588004 ], [ 73.752670288085881, 33.769905090332031 ], [ 73.888298034667969, 33.666748046875 ], [ 73.894027709960938, 33.643825531005916 ], [ 73.892364501953182, 33.630535125732536 ], [ 73.888671875, 33.630443572998104 ], [ 73.713844299316463, 33.652233123779411 ], [ 73.705039978027344, 33.652011871337947 ], [ 73.658958435058707, 33.625370025634879 ], [ 73.651031494140625, 33.625171661377067 ], [ 73.640693664550895, 33.642608642578239 ], [ 73.634628295898438, 33.650241851806641 ], [ 73.602119445800895, 33.653675079345703 ], [ 73.592430114746207, 33.653430938720646 ], [ 73.556793212890625, 33.628440856933651 ] ] ] } },
{ "type": "Feature", "properties": { "GID_0": "PAK", "NAME_0": "Pakistan", "GID_1": "PAK.2_1", "NAME_1": "Baluchistan", "NL_NAME_1": null, "GID_2": "PAK.2.1_1", "NAME_2": "Kalat", "NL_NAME_2": null, "GID_3": "PAK.2.1.1_1", "NAME_3": "Awaran", "VARNAME_3": null, "NL_NAME_3": null, "TYPE_3": "District", "ENGTYPE_3": "District", "CC_3": null, "HASC_3": null }, "geometry": { "type": "Polygon", "coordinates": [ [ [ 66.248947143554801, 26.507705688476562 ], [ 66.215347290039176, 26.501298904419002 ], [ 66.204849243164176, 26.50633621215826 ], [ 66.186981201171818, 26.55091667175293 ], [ 66.16680908203125, 26.561069488525447 ], [ 66.080696105957145, 26.538679122924918 ], [ 66.0693359375, 26.520650863647518 ], [ 66.065895080566406, 26.440591812133789 ], [ 66.065849304199332, 26.426532745361328 ], [ 66.046394348144645, 26.382684707641658 ], [ 66.045570373535213, 26.367519378662223 ], [ 66.056625366210994, 26.266525268554801 ], [ 66.056457519531364, 26.252500534057674 ], [ 66.062942504882926, 26.230403900146598 ], [ 66.077285766601676, 26.193307876587028 ], [ 66.114387512207088, 26.167304992675838 ], [ 66.138900756836051, 26.14476203918457 ], [ 66.160446166992301, 26.064397811889648 ], [ 66.161094665527344, 26.04392242431652 ], [ 66.131324768066406, 26.029111862182617 ], [ 66.122894287109318, 26.009937286376953 ], [ 66.107803344726676, 26.024332046508903 ], [ 66.101104736328239, 26.025285720825309 ], [ 66.092376708984318, 25.981683731079102 ], [ 66.096580505371094, 25.951295852661246 ], [ 66.053230285644645, 25.897369384765682 ], [ 66.045028686523551, 25.883367538452148 ], [ 66.042098999023494, 25.84577751159668 ], [ 66.032257080078239, 25.823808670044002 ], [ 65.975921630859432, 25.795932769775391 ], [ 65.971153259277401, 25.791955947876033 ], [ 65.934310913085938, 25.717868804931754 ], [ 65.929260253906364, 25.711526870727653 ], [ 65.847778320312557, 25.641853332519645 ], [ 65.841033935546875, 25.637813568115234 ], [ 65.727691650390568, 25.602546691894588 ], [ 65.708572387695426, 25.599632263183651 ], [ 65.615905761718864, 25.606645584106559 ], [ 65.597511291503963, 25.608615875244084 ], [ 65.581550598144645, 25.626188278198356 ], [ 65.578758239746094, 25.641462326049918 ], [ 65.612602233886776, 25.739212036132812 ], [ 65.608314514160156, 25.742849349975643 ], [ 65.572570800781364, 25.716842651367301 ], [ 65.561836242675838, 25.707117080688533 ], [ 65.465766906738395, 25.668418884277287 ], [ 65.441001892089957, 25.65008735656744 ], [ 65.333534240722713, 25.622051239013729 ], [ 65.304214477539176, 25.599571228027344 ], [ 65.259521484375057, 25.62309455871582 ], [ 65.231773376464787, 25.622798919677734 ], [ 65.189689636230469, 25.602504730224723 ], [ 65.148590087890739, 25.592905044555778 ], [ 64.859741210937557, 25.566537857055721 ], [ 64.798881530761719, 25.561204910278377 ], [ 64.595375061035213, 25.526939392089844 ], [ 64.536727905273551, 25.517471313476619 ], [ 64.47784423828125, 25.480842590332088 ], [ 64.433341979980582, 25.462591171264648 ], [ 64.158157348632812, 25.505184173584098 ], [ 64.148406982421818, 25.516139984130859 ], [ 64.210136413574276, 25.63143348693859 ], [ 64.225357055664119, 25.641307830810604 ], [ 64.254440307617301, 25.649518966674805 ], [ 64.281234741210994, 25.646778106689453 ], [ 64.31314849853527, 25.630208969116325 ], [ 64.343894958496207, 25.626613616943359 ], [ 64.364692687988224, 25.640703201294002 ], [ 64.386032104492301, 25.662923812866268 ], [ 64.383102416992244, 25.682132720947322 ], [ 64.367118835449276, 25.69134521484375 ], [ 64.327880859374943, 25.689905166626033 ], [ 64.316741943359432, 25.69456863403326 ], [ 64.319679260253849, 25.73686599731451 ], [ 64.318984985351562, 25.75147628784174 ], [ 64.348442077636832, 25.782440185546989 ], [ 64.355857849121151, 25.806022644043026 ], [ 64.345916748046932, 25.84111213684082 ], [ 64.349327087402401, 25.858585357666072 ], [ 64.364814758300838, 25.875125885009766 ], [ 64.383903503418026, 25.884771347045955 ], [ 64.4234619140625, 26.007839202880859 ], [ 64.434112548828239, 26.028465270996207 ], [ 64.547340393066463, 26.069374084472656 ], [ 64.554779052734432, 26.092262268066406 ], [ 64.554100036621037, 26.115226745605526 ], [ 64.542060852050895, 26.185556411743164 ], [ 64.420364379882926, 26.271446228027401 ], [ 64.393333435058594, 26.291126251220703 ], [ 64.391952514648551, 26.319879531860352 ], [ 64.407531738281307, 26.34222602844244 ], [ 64.496757507324219, 26.379894256591911 ], [ 64.537574768066406, 26.389951705932617 ], [ 64.709953308105469, 26.379064559936523 ], [ 64.759910583496037, 26.372352600097713 ], [ 64.964126586914176, 26.382724761962947 ], [ 64.99674224853527, 26.395645141601676 ], [ 65.007843017578239, 26.409780502319336 ], [ 64.989608764648438, 26.47720909118658 ], [ 64.996444702148438, 26.493818283081168 ], [ 65.120429992675781, 26.578332901000977 ], [ 65.157485961914119, 26.600389480590763 ], [ 65.237297058105582, 26.690797805786076 ], [ 65.254829406738395, 26.726640701294059 ], [ 65.321784973144645, 26.764583587646541 ], [ 65.350059509277344, 26.800397872924805 ], [ 65.364257812500057, 26.807167053222656 ], [ 65.402725219726562, 26.870100021362362 ], [ 65.420547485351619, 26.895969390869197 ], [ 65.418434143066463, 26.937698364257926 ], [ 65.416976928710881, 26.942775726318473 ], [ 65.402885437011719, 26.949932098388672 ], [ 65.394004821777401, 26.958116531372127 ], [ 65.560897827148494, 27.218595504760799 ], [ 65.564300537109432, 27.228172302246151 ], [ 65.636711120605412, 27.308431625366268 ], [ 65.64048004150402, 27.314304351806754 ], [ 65.655052185058594, 27.411327362060604 ], [ 65.658195495605526, 27.429483413696403 ], [ 65.681442260742244, 27.477481842041016 ], [ 65.684989929199219, 27.481725692749023 ], [ 65.705612182617188, 27.483972549438533 ], [ 65.716896057128963, 27.483259201049805 ], [ 65.72674560546875, 27.522649765014762 ], [ 65.733795166015568, 27.532062530517635 ], [ 65.744384765625057, 27.535530090332031 ], [ 65.788352966308594, 27.488813400268612 ], [ 65.882530212402457, 27.482927322387638 ], [ 65.900184631347713, 27.459383010864315 ], [ 65.882530212402457, 27.30634689331049 ], [ 65.882530212402457, 27.27691650390625 ], [ 65.894302368164119, 27.24748611450201 ], [ 65.911956787109375, 27.229827880859375 ], [ 65.935501098632869, 27.223941802978629 ], [ 65.935501098632869, 27.188625335693473 ], [ 65.970817565918082, 27.176853179931641 ], [ 66.012016296386832, 27.170967102050895 ], [ 66.012016296386832, 27.159194946289006 ], [ 66.012016296386832, 27.12387847900402 ], [ 65.982589721679744, 27.082677841186523 ], [ 65.959045410156193, 27.047361373901481 ], [ 66.047332763671989, 26.988500595092773 ], [ 66.076766967773438, 26.976728439331112 ], [ 66.106193542480526, 26.8590087890625 ], [ 66.106193542480526, 26.717742919921932 ], [ 66.182716369628963, 26.623565673828239 ], [ 66.218032836914176, 26.600021362304688 ], [ 66.253349304199162, 26.541162490844783 ], [ 66.268882751464901, 26.522804260253963 ], [ 66.248947143554801, 26.507705688476562 ] ] ] } },
{ "type": "Feature", "properties": { "GID_0": "PAK", "NAME_0": "Pakistan", "GID_1": "PAK.2_1", "NAME_1": "Baluchistan", "NL_NAME_1": null, "GID_2": "PAK.2.1_1", "NAME_2": "Kalat", "NL_NAME_2": null, "GID_3": "PAK.2.1.2_1", "NAME_3": "Disputed Area 1", "VARNAME_3": null, "NL_NAME_3": null, "TYPE_3": "District", "ENGTYPE_3": "District", "CC_3": null, "HASC_3": null }, "geometry": { "type": "Polygon", "coordinates": [ [ [ 66.248947143554801, 26.507705688476562 ], [ 66.250335693359375, 26.442537307739315 ], [ 66.244354248046989, 26.41195106506342 ], [ 66.192573547363281, 26.376296997070312 ], [ 66.180816650390739, 26.360038757324219 ], [ 66.174514770507869, 26.304388046264705 ], [ 66.172515869140625, 26.280849456787166 ], [ 66.206504821777401, 26.215297698974723 ], [ 66.218307495117188, 26.197849273681641 ], [ 66.274215698242244, 25.945522308349609 ], [ 66.275894165039062, 25.908933639526367 ], [ 66.269477844238338, 25.874282836914062 ], [ 66.255523681640682, 25.832777023315373 ], [ 66.113784790039062, 25.521047592163143 ], [ 66.107513427734432, 25.502138137817326 ], [ 66.098312377929688, 25.488821029663143 ], [ 66.08917236328125, 25.496568679809684 ], [ 66.078216552734489, 25.511169433593807 ], [ 66.051658630371151, 25.509843826294002 ], [ 66.028465270996207, 25.499481201171875 ], [ 65.997222900390625, 25.526882171630916 ], [ 65.9903564453125, 25.528059005737362 ], [ 65.949218750000057, 25.506034851074276 ], [ 65.93381500244152, 25.503671646118107 ], [ 65.866424560546932, 25.550411224365348 ], [ 65.848480224609375, 25.553493499755803 ], [ 65.812934875488395, 25.547496795654354 ], [ 65.782814025878849, 25.544282913208121 ], [ 65.595977783203182, 25.455286026000977 ], [ 65.58841705322277, 25.462100982666129 ], [ 65.623291015625057, 25.51469802856451 ], [ 65.628097534179801, 25.535659790039006 ], [ 65.612976074218807, 25.599163055419979 ], [ 65.597511291503963, 25.608615875244084 ], [ 65.701995849609375, 25.599504470825252 ], [ 65.708572387695426, 25.599632263183651 ], [ 65.818077087402457, 25.628427505493164 ], [ 65.841033935546875, 25.637813568115234 ], [ 65.904029846191463, 25.683282852172965 ], [ 65.908737182617188, 25.687999725341797 ], [ 65.963264465332031, 25.774089813232479 ], [ 65.971153259277401, 25.791955947876033 ], [ 66.028289794921818, 25.819616317748967 ], [ 66.032257080078239, 25.823808670044002 ], [ 66.043380737304688, 25.876419067382869 ], [ 66.045028686523551, 25.883367538452148 ], [ 66.087898254394588, 25.92825889587408 ], [ 66.096580505371094, 25.951295852661246 ], [ 66.095840454101562, 26.010782241821403 ], [ 66.101104736328239, 26.025285720825309 ], [ 66.107803344726676, 26.024332046508903 ], [ 66.122894287109318, 26.009937286376953 ], [ 66.131324768066406, 26.029111862182617 ], [ 66.161094665527344, 26.04392242431652 ], [ 66.147308349609318, 26.113180160522461 ], [ 66.14725494384777, 26.129495620727539 ], [ 66.114387512207088, 26.167304992675838 ], [ 66.077285766601676, 26.193307876587028 ], [ 66.062942504882926, 26.230403900146598 ], [ 66.056457519531364, 26.252500534057674 ], [ 66.050308227539119, 26.350519180297965 ], [ 66.045570373535213, 26.367519378662223 ], [ 66.061012268066463, 26.409690856933651 ], [ 66.065849304199332, 26.426532745361328 ], [ 66.065139770507812, 26.503007888794002 ], [ 66.0693359375, 26.520650863647518 ], [ 66.080696105957145, 26.538679122924918 ], [ 66.099250793457031, 26.551759719848576 ], [ 66.142288208007926, 26.561904907226619 ], [ 66.16680908203125, 26.561069488525447 ], [ 66.186981201171818, 26.55091667175293 ], [ 66.194000244140739, 26.542030334472656 ], [ 66.198738098144588, 26.516544342041016 ], [ 66.204849243164176, 26.50633621215826 ], [ 66.248947143554801, 26.507705688476562 ] ] ] } },
{ "type": "Feature", "properties": { "GID_0": "PAK", "NAME_0": "Pakistan", "GID_1": "PAK.2_1", "NAME_1": "Baluchistan", "NL_NAME_1": null, "GID_2": "PAK.2.1_1", "NAME_2": "Kalat", "NL_NAME_2": null, "GID_3": "PAK.2.1.3_1", "NAME_3": "Disputed Area 2", "VARNAME_3": null, "NL_NAME_3": null, "TYPE_3": "District", "ENGTYPE_3": "District", "CC_3": null, "HASC_3": null }, "geometry": { "type": "Polygon", "coordinates": [ [ [ 66.990478515625057, 26.596212387085018 ], [ 66.916709899902457, 26.694938659668082 ], [ 66.935264587402344, 26.709802627563533 ], [ 66.952163696289176, 26.71059608459484 ], [ 66.963676452636719, 26.70694732666027 ], [ 66.982727050781193, 26.685661315917969 ], [ 66.992965698242301, 26.682521820068359 ], [ 67.033638000488395, 26.7047119140625 ], [ 67.055068969726562, 26.702335357666016 ], [ 67.072715759277457, 26.696617126464957 ], [ 67.08969879150402, 26.687448501586971 ], [ 67.094078063964957, 26.662973403930664 ], [ 67.103080749511662, 26.656087875366268 ], [ 66.990478515625057, 26.596212387085018 ] ] ] } },
{ "type": "Feature", "properties": { "GID_0": "PAK", "NAME_0": "Pakistan", "GID_1": "PAK.2_1", "NAME_1": "Baluchistan", "NL_NAME_1": null, "GID_2": "PAK.2.1_1", "NAME_2": "Kalat", "NL_NAME_2": null, "GID_3": "PAK.2.1.4_1", "NAME_3": "Kalat", "VARNAME_3": null, "NL_NAME_3": null, "TYPE_3": "District", "ENGTYPE_3": "District", "CC_3": null, "HASC_3": null }, "geometry": { "type": "Polygon", "coordinates": [ [ [ 67.346427917480582, 28.881010055542049 ], [ 67.151939392089844, 28.842815399169979 ], [ 67.101669311523494, 28.835720062255859 ], [ 66.868492126464844, 28.82273101806652 ], [ 66.773330688476562, 28.813886642456112 ], [ 66.716957092285213, 28.799348831176871 ], [ 66.679046630859489, 28.789756774902457 ], [ 66.619071960449276, 28.748527526855526 ], [ 66.609329223632812, 28.740070343017692 ], [ 66.597984313964957, 28.720792770385799 ], [ 66.589088439941406, 28.678985595703125 ], [ 66.570037841796875, 28.387557983398438 ], [ 66.567771911621151, 28.342237472534293 ], [ 66.548187255859489, 28.261152267456112 ], [ 66.538230895996151, 28.212842941284237 ], [ 66.524024963378906, 28.171867370605469 ], [ 66.50986480712902, 28.140851974487418 ], [ 66.43412017822277, 28.031341552734432 ], [ 66.418060302734432, 28.019611358642635 ], [ 66.029953002929801, 27.956321716308594 ], [ 66.007583618164119, 27.954355239868221 ], [ 66.028991699218864, 28.013278961181641 ], [ 66.025756835937614, 28.040645599365348 ], [ 65.999794006347713, 28.070234298706168 ], [ 65.994689941406364, 28.074699401855582 ], [ 65.952239990234375, 28.049636840820369 ], [ 65.945442199707088, 28.052125930786133 ], [ 65.927421569824219, 28.095685958862305 ], [ 65.926338195800838, 28.110860824585075 ], [ 65.951965332031364, 28.188405990600586 ], [ 65.949722290039062, 28.203119277954215 ], [ 65.918243408203125, 28.213212966919059 ], [ 65.872085571289062, 28.23149490356451 ], [ 65.947769165039176, 28.380289077758903 ], [ 65.948463439941463, 28.401409149169922 ], [ 65.967346191406307, 28.416851043701172 ], [ 65.978637695312614, 28.424259185791016 ], [ 66.05399322509777, 28.544412612915039 ], [ 66.178421020507812, 28.616827011108455 ], [ 66.188438415527401, 28.699737548828239 ], [ 66.188140869140625, 28.727458953857536 ], [ 66.058769226074332, 28.731781005859489 ], [ 66.047958374023438, 28.751592636108342 ], [ 66.069793701171932, 28.7971706390382 ], [ 66.076568603515625, 28.822854995727539 ], [ 66.141708374023494, 28.844530105590934 ], [ 66.187461853027401, 28.847520828247127 ], [ 66.187919616699332, 29.029928207397461 ], [ 66.185882568359375, 29.053108215332088 ], [ 66.180900573730469, 29.073614120483398 ], [ 66.172134399414062, 29.104261398315373 ], [ 66.134040832519588, 29.152055740356445 ], [ 66.127975463867244, 29.169200897216911 ], [ 66.148483276367188, 29.20745658874506 ], [ 66.161537170410213, 29.224725723266602 ], [ 66.194526672363338, 29.365327835083008 ], [ 66.199592590332031, 29.380958557128963 ], [ 66.237579345703125, 29.396036148071289 ], [ 66.278427124023494, 29.427188873291016 ], [ 66.319587707519531, 29.508405685424918 ], [ 66.321266174316406, 29.551151275634766 ], [ 66.329803466796989, 29.568937301635742 ], [ 66.353279113769645, 29.58587837219244 ], [ 66.365234375000057, 29.62743186950695 ], [ 66.36240386962902, 29.645492553710938 ], [ 66.422935485839844, 29.615695953369197 ], [ 66.469291687011719, 29.599140167236442 ], [ 66.585174560546989, 29.602451324462891 ], [ 66.608352661132812, 29.585897445678711 ], [ 66.651390075683707, 29.44684028625494 ], [ 66.674568176269588, 29.380622863769588 ], [ 66.750717163085994, 29.238252639770451 ], [ 66.770584106445426, 29.191900253295955 ], [ 66.813621520996151, 29.162103652954215 ], [ 66.823554992675838, 29.15548133850092 ], [ 66.866600036621094, 29.092573165893668 ], [ 66.893089294433594, 29.042909622192496 ], [ 66.975860595703068, 29.006490707397518 ], [ 67.002342224121207, 29.006490707397518 ], [ 67.025520324707088, 29.029666900634766 ], [ 67.052009582519531, 29.029666900634766 ], [ 67.075187683105582, 29.042909622192496 ], [ 67.088432312011719, 29.06608772277832 ], [ 67.104980468749943, 29.076019287109432 ], [ 67.191070556640625, 29.082641601562557 ], [ 67.220863342285213, 29.072708129882812 ], [ 67.257286071777401, 29.032978057861385 ], [ 67.257286071777401, 29.003179550170842 ], [ 67.336746215820312, 28.960138320922965 ], [ 67.366851806640739, 28.946241378784237 ], [ 67.346427917480582, 28.881010055542049 ] ] ] } },
{ "type": "Feature", "properties": { "GID_0": "PAK", "NAME_0": "Pakistan", "GID_1": "PAK.2_1", "NAME_1": "Baluchistan", "NL_NAME_1": null, "GID_2": "PAK.2.1_1", "NAME_2": "Kalat", "NL_NAME_2": null, "GID_3": "PAK.2.1.5_1", "NAME_3": "Kharan", "VARNAME_3": null, "NL_NAME_3": null, "TYPE_3": "District", "ENGTYPE_3": "District", "CC_3": null, "HASC_3": null }, "geometry": { "type": "Polygon", "coordinates": [ [ [ 66.189262390136662, 29.351366043090763 ], [ 66.167808532714901, 29.253782272338981 ], [ 66.161537170410213, 29.224725723266602 ], [ 66.136535644531307, 29.183206558227596 ], [ 66.127975463867244, 29.169200897216911 ], [ 66.180900573730469, 29.073614120483398 ], [ 66.185882568359375, 29.053108215332088 ], [ 66.188369750976562, 28.861379623413143 ], [ 66.187461853027401, 28.847520828247127 ], [ 66.141708374023494, 28.844530105590934 ], [ 66.076568603515625, 28.822854995727539 ], [ 66.053718566894531, 28.766098022461051 ], [ 66.047958374023438, 28.751592636108342 ], [ 66.075904846191463, 28.728839874267692 ], [ 66.188140869140625, 28.727458953857536 ], [ 66.181762695312557, 28.635290145874023 ], [ 66.178421020507812, 28.616827011108455 ], [ 66.05399322509777, 28.544412612915039 ], [ 65.982917785644531, 28.435016632080135 ], [ 65.978637695312614, 28.424259185791016 ], [ 65.955932617187557, 28.412921905517635 ], [ 65.948463439941463, 28.401409149169922 ], [ 65.884651184082145, 28.263767242431697 ], [ 65.872688293457031, 28.246232986450309 ], [ 65.872085571289062, 28.23149490356451 ], [ 65.941276550293082, 28.21018028259283 ], [ 65.949722290039062, 28.203119277954215 ], [ 65.932846069335994, 28.137941360473633 ], [ 65.926338195800838, 28.110860824585075 ], [ 65.94736480712902, 28.058944702148438 ], [ 65.945442199707088, 28.052125930786133 ], [ 65.98264312744152, 28.074268341064453 ], [ 65.994689941406364, 28.074699401855582 ], [ 66.005470275878963, 28.064346313476619 ], [ 66.015350341796875, 28.059614181518498 ], [ 66.028991699218864, 28.013278961181641 ], [ 66.025550842285213, 27.988512039184684 ], [ 65.942008972168026, 27.867630004882812 ], [ 65.93881988525402, 27.863462448120174 ], [ 65.849632263183594, 27.812919616699276 ], [ 65.842811584472713, 27.803771972656307 ], [ 65.831428527832145, 27.72081565856945 ], [ 65.829940795898438, 27.713832855224666 ], [ 65.778472900390625, 27.683675765991154 ], [ 65.774444580078125, 27.679891586303711 ], [ 65.755096435546989, 27.604608535766545 ], [ 65.754234313964844, 27.59902381896984 ], [ 65.758758544921989, 27.545989990234489 ], [ 65.757881164550781, 27.540403366088981 ], [ 65.733795166015568, 27.532062530517635 ], [ 65.72674560546875, 27.522649765014762 ], [ 65.719635009765739, 27.488182067871207 ], [ 65.716896057128963, 27.483259201049805 ], [ 65.684989929199219, 27.481725692749023 ], [ 65.681442260742244, 27.477481842041016 ], [ 65.661209106445369, 27.43394660949707 ], [ 65.658195495605526, 27.429483413696403 ], [ 65.647384643554631, 27.32974815368658 ], [ 65.643974304199219, 27.320402145385799 ], [ 65.433036804199219, 27.032638549804744 ], [ 65.429756164550724, 27.028169631958121 ], [ 65.401863098144645, 26.967544555664062 ], [ 65.394004821777401, 26.958116531372127 ], [ 65.420211791992301, 26.930074691772404 ], [ 65.424674987792969, 26.915775299072266 ], [ 65.317535400390682, 26.907939910888672 ], [ 65.287429809570426, 26.916652679443473 ], [ 65.275306701660156, 26.92802810668951 ], [ 65.269027709960938, 26.945549011230582 ], [ 65.261283874511776, 27.012247085571289 ], [ 65.25299072265625, 27.035764694213867 ], [ 65.223991394042969, 27.051229476928711 ], [ 65.192642211914176, 27.057596206665039 ], [ 65.161735534668082, 27.048887252807731 ], [ 65.12186431884777, 27.059967041015739 ], [ 65.066604614257756, 27.201429367065487 ], [ 65.052230834960994, 27.2092800140382 ], [ 64.966850280761662, 27.147777557373104 ], [ 64.942558288574276, 27.127820968628043 ], [ 64.842323303222656, 27.081588745117188 ], [ 64.792152404785156, 27.051391601562614 ], [ 64.745162963867301, 27.028682708740234 ], [ 64.7208251953125, 27.019401550292969 ], [ 64.679687500000057, 27.020013809204045 ], [ 64.636993408203182, 27.029184341430664 ], [ 64.492622375488338, 27.093523025512752 ], [ 64.457756042480582, 27.112590789794922 ], [ 64.42911529541027, 27.2835693359375 ], [ 64.420036315917969, 27.3073024749757 ], [ 64.372116088867301, 27.254171371459961 ], [ 64.365203857421932, 27.23988151550293 ], [ 64.308448791503906, 27.202133178710938 ], [ 64.301589965820312, 27.18622016906744 ], [ 64.243370056152457, 27.162370681762752 ], [ 64.221969604492244, 27.142467498779411 ], [ 64.145767211914062, 27.124544143676758 ], [ 64.131614685058537, 27.116151809692383 ], [ 64.142982482910213, 27.068323135375977 ], [ 64.140304565429744, 27.052721023559627 ], [ 64.107833862304688, 26.981779098510742 ], [ 64.089729309082031, 26.974239349365348 ], [ 64.072311401367131, 26.97878456115734 ], [ 64.074081420898438, 26.989727020263615 ], [ 64.096115112304801, 27.014978408813533 ], [ 64.111099243164119, 27.030813217163086 ], [ 64.115585327148551, 27.073837280273494 ], [ 64.108451843261776, 27.084842681884822 ], [ 64.029541015625114, 27.08775520324707 ], [ 64.011985778808707, 27.087886810302791 ], [ 63.964939117431697, 27.137825012207145 ], [ 63.947288513183651, 27.150255203247184 ], [ 63.922657012939567, 27.150716781616325 ], [ 63.906162261962947, 27.150634765625 ], [ 63.897300720214901, 27.184585571289062 ], [ 63.895801544189453, 27.217515945434627 ], [ 63.865875244140739, 27.237606048584041 ], [ 63.835041046142635, 27.253034591674805 ], [ 63.594528198242188, 27.221317291259766 ], [ 63.555027008056697, 27.211051940918082 ], [ 63.376708984375, 27.201633453369084 ], [ 63.320884704589901, 27.211948394775391 ], [ 63.298374176025504, 27.202701568603572 ], [ 63.333431243896541, 27.12445259094244 ], [ 63.336368560791016, 27.11359977722168 ], [ 63.293685913086051, 27.113485336303768 ], [ 63.283897399902401, 27.110727310180721 ], [ 63.303485870361385, 27.122362136840877 ], [ 63.313079833984432, 27.129333496093807 ], [ 63.313407897949219, 27.147615432739201 ], [ 63.29924392700201, 27.178920745849723 ], [ 63.211357116699219, 27.227437973022404 ], [ 63.184223175048885, 27.241436004638729 ], [ 63.074733734130859, 27.233518600463981 ], [ 63.058647155761776, 27.233188629150447 ], [ 62.977245330810547, 27.195110321045036 ], [ 62.951656341552734, 27.192070007324219 ], [ 62.892322540283146, 27.210790634155387 ], [ 62.878330230712947, 27.217138290405217 ], [ 62.843658447265625, 27.21308517456049 ], [ 62.82136154174799, 27.212320327758789 ], [ 62.781902313232422, 27.246551513671818 ], [ 62.781478881835938, 27.251426696777401 ], [ 62.823181152343693, 27.286216735839957 ], [ 62.832530975341854, 27.304941177368278 ], [ 62.828052520751896, 27.319345474243221 ], [ 62.807399749755973, 27.34007453918457 ], [ 62.839981079101562, 27.425014495849609 ], [ 62.855392456054801, 27.46513748168951 ], [ 62.806873321533146, 27.859725952148551 ], [ 62.802379608154354, 27.88588905334484 ], [ 62.843578338623104, 27.89225959777832 ], [ 62.870868682861385, 27.899274826049862 ], [ 62.900947570800895, 27.944869995117188 ], [ 62.905998229980469, 27.951232910156307 ], [ 63.046611785888786, 28.084796905517578 ], [ 63.062149047851676, 28.099479675293082 ], [ 63.200008392333984, 28.184713363647575 ], [ 63.207195281982536, 28.189723968505916 ], [ 63.235282897949276, 28.187469482421875 ], [ 63.290748596191463, 28.295284271240348 ], [ 63.312385559082145, 28.281303405761719 ], [ 63.333171844482422, 28.269163131713924 ], [ 63.390579223632926, 28.267463684082088 ], [ 63.399501800537109, 28.267168045044059 ], [ 63.520210266113338, 28.294517517089844 ], [ 63.552974700927848, 28.302566528320369 ], [ 63.653350830078182, 28.291236877441406 ], [ 63.681640625000114, 28.290847778320312 ], [ 63.77872467041027, 28.301509857177791 ], [ 63.788356781005973, 28.303548812866325 ], [ 63.869071960449276, 28.34592437744152 ], [ 63.875244140625114, 28.349754333496207 ], [ 63.932003021240348, 28.40582466125494 ], [ 63.937427520751953, 28.408481597900391 ], [ 64.029472351074276, 28.413702011108455 ], [ 64.040306091308594, 28.410427093505916 ], [ 64.054344177246207, 28.440858840942383 ], [ 64.058647155761776, 28.445816040039119 ], [ 64.088829040527401, 28.452650070190487 ], [ 64.099365234375114, 28.459115982055664 ], [ 64.123725891113338, 28.486032485961914 ], [ 64.131134033203182, 28.492208480834961 ], [ 64.213249206542912, 28.496309280395508 ], [ 64.227981567382812, 28.494499206543082 ], [ 64.244766235351562, 28.51129341125494 ], [ 64.249633789062614, 28.515098571777457 ], [ 64.277641296386776, 28.515628814697266 ], [ 64.283645629882756, 28.516204833984432 ], [ 64.304100036621094, 28.567882537841797 ], [ 64.312049865722599, 28.573371887207031 ], [ 64.386619567871207, 28.541357040405387 ], [ 64.401565551757812, 28.54071044921875 ], [ 64.428604125976506, 28.564662933349609 ], [ 64.433212280273438, 28.568231582641602 ], [ 64.437927246093864, 28.594547271728629 ], [ 64.447662353515568, 28.601692199707145 ], [ 64.541809082031307, 28.632713317871151 ], [ 64.553756713867188, 28.635955810546932 ], [ 64.612075805664006, 28.681852340698242 ], [ 64.619842529296932, 28.685014724731502 ], [ 64.63177490234375, 28.680133819580135 ], [ 64.637832641601506, 28.670267105102539 ], [ 64.675369262695426, 28.675621032714901 ], [ 64.689872741699332, 28.672180175781307 ], [ 64.81137847900402, 28.730203628540039 ], [ 64.823791503906193, 28.73485183715826 ], [ 64.932884216308707, 28.71092796325695 ], [ 64.945159912109375, 28.711627960205192 ], [ 65.009887695312557, 28.756530761718807 ], [ 65.015235900878963, 28.760812759399528 ], [ 65.053932189941463, 28.828968048095817 ], [ 65.057716369628963, 28.832988739013615 ], [ 65.169174194336051, 28.838230133056697 ], [ 65.1795654296875, 28.842134475708008 ], [ 65.2152099609375, 28.892471313476562 ], [ 65.220733642578125, 28.900463104248161 ], [ 65.329559326171932, 28.945367813110408 ], [ 65.334457397460938, 28.948242187500114 ], [ 65.358428955078068, 28.978393554687614 ], [ 65.367286682128963, 28.988306045532283 ], [ 65.459037780761776, 29.045015335083121 ], [ 65.472114562988281, 29.053842544555664 ], [ 65.575904846191406, 29.056938171386776 ], [ 65.593399047851676, 29.049140930175895 ], [ 65.609764099121207, 29.077751159668082 ], [ 65.61688232421875, 29.084377288818303 ], [ 65.673522949218693, 29.102573394775447 ], [ 65.677841186523494, 29.10636138916027 ], [ 65.711677551269531, 29.157985687255973 ], [ 65.724082946777344, 29.161211013793945 ], [ 65.881095886230469, 29.159528732299918 ], [ 65.941886901855412, 29.164834976196289 ], [ 66.068992614746151, 29.255620956420955 ], [ 66.099052429199162, 29.282470703125 ], [ 66.131088256835881, 29.345129013061637 ], [ 66.149681091308651, 29.363155364990291 ], [ 66.167007446289062, 29.373559951782283 ], [ 66.189262390136662, 29.351366043090763 ] ] ] } },
{ "type": "Feature", "properties": { "GID_0": "PAK", "NAME_0": "Pakistan", "GID_1": "PAK.2_1", "NAME_1": "Baluchistan", "NL_NAME_1": null, "GID_2": "PAK.2.1_1", "NAME_2": "Kalat", "NL_NAME_2": null, "GID_3": "PAK.2.1.6_1", "NAME_3": "Khuzdar", "VARNAME_3": null, "NL_NAME_3": null, "TYPE_3": "District", "ENGTYPE_3": "District", "CC_3": null, "HASC_3": null }, "geometry": { "type": "Polygon", "coordinates": [ [ [ 67.158340454101676, 26.68580436706543 ], [ 67.103080749511662, 26.656087875366268 ], [ 67.072715759277457, 26.696617126464957 ], [ 67.055068969726562, 26.702335357666016 ], [ 67.000190734863338, 26.687593460083008 ], [ 66.992965698242301, 26.682521820068359 ], [ 66.935264587402344, 26.709802627563533 ], [ 66.916709899902457, 26.694938659668082 ], [ 66.988227844238395, 26.598146438598633 ], [ 66.990478515625057, 26.596212387085018 ], [ 66.981773376464787, 26.585514068603629 ], [ 66.981300354003963, 26.570930480957145 ], [ 67.082565307617244, 26.419219970703182 ], [ 67.099334716796932, 26.398210525512638 ], [ 67.112739562988338, 26.314544677734432 ], [ 67.116920471191463, 26.302768707275391 ], [ 67.161224365234489, 26.302701950073356 ], [ 67.167114257812614, 26.288557052612362 ], [ 67.153228759765739, 26.126029968261719 ], [ 67.155364990234375, 26.087265014648381 ], [ 67.143363952636719, 26.049821853637752 ], [ 67.123069763183707, 26.023321151733342 ], [ 67.119972229003963, 25.970836639404297 ], [ 67.110641479492244, 25.93808746337902 ], [ 67.07354736328125, 25.902730941772575 ], [ 67.055061340332031, 25.882173538208065 ], [ 67.066696166992188, 25.831937789917049 ], [ 67.066032409668082, 25.820968627929801 ], [ 67.039916992187614, 25.77069091796875 ], [ 66.987297058105412, 25.771556854248047 ], [ 66.965377807617188, 25.797084808349609 ], [ 66.95121002197277, 25.824625015258903 ], [ 66.889785766601676, 26.086082458496207 ], [ 66.861419677734318, 26.127037048339901 ], [ 66.845153808593864, 26.264633178711051 ], [ 66.840240478515568, 26.298093795776424 ], [ 66.787780761718864, 26.349481582641658 ], [ 66.766532897949276, 26.375757217407227 ], [ 66.749099731445312, 26.467477798461914 ], [ 66.743087768554744, 26.482748031616325 ], [ 66.708374023437557, 26.487398147583065 ], [ 66.700370788574276, 26.488821029663143 ], [ 66.631591796875, 26.451234817504826 ], [ 66.622573852539176, 26.442262649536246 ], [ 66.574974060058594, 26.478937149047852 ], [ 66.561157226562614, 26.491388320922908 ], [ 66.493865966796818, 26.475681304931754 ], [ 66.483726501464957, 26.467386245727596 ], [ 66.274291992187614, 26.525617599487362 ], [ 66.268882751464901, 26.522804260253963 ], [ 66.253349304199162, 26.541162490844783 ], [ 66.218032836914176, 26.600021362304688 ], [ 66.141510009765682, 26.676540374755803 ], [ 66.106193542480526, 26.717742919921932 ], [ 66.106193542480526, 26.8590087890625 ], [ 66.08853912353527, 26.911981582641658 ], [ 66.076766967773438, 26.976728439331112 ], [ 65.976707458496151, 27.023815155029411 ], [ 65.959045410156193, 27.047361373901481 ], [ 65.982589721679744, 27.082677841186523 ], [ 66.012016296386832, 27.12387847900402 ], [ 66.012016296386832, 27.159194946289006 ], [ 66.012016296386832, 27.170967102050895 ], [ 65.970817565918082, 27.176853179931641 ], [ 65.935501098632869, 27.188625335693473 ], [ 65.935501098632869, 27.223941802978629 ], [ 65.911956787109375, 27.229827880859375 ], [ 65.894302368164119, 27.24748611450201 ], [ 65.882530212402457, 27.27691650390625 ], [ 65.882530212402457, 27.30634689331049 ], [ 65.900184631347713, 27.429952621460075 ], [ 65.900184631347713, 27.459383010864315 ], [ 65.882530212402457, 27.482927322387638 ], [ 65.788352966308594, 27.488813400268612 ], [ 65.744384765625057, 27.535530090332031 ], [ 65.749908447265682, 27.535848617553654 ], [ 65.757881164550781, 27.540403366088981 ], [ 65.754440307617188, 27.575832366943473 ], [ 65.754234313964844, 27.59902381896984 ], [ 65.773086547851506, 27.674299240112418 ], [ 65.774444580078125, 27.679891586303711 ], [ 65.823127746582088, 27.703741073608398 ], [ 65.829940795898438, 27.713832855224666 ], [ 65.841575622558594, 27.798650741577262 ], [ 65.842811584472713, 27.803771972656307 ], [ 65.92752838134777, 27.854148864746151 ], [ 65.93881988525402, 27.863462448120174 ], [ 66.002578735351562, 27.948026657104435 ], [ 66.007583618164119, 27.954355239868221 ], [ 66.300613403320426, 27.995672225952262 ], [ 66.354301452636719, 28.000896453857479 ], [ 66.43412017822277, 28.031341552734432 ], [ 66.455612182617244, 28.052614212036246 ], [ 66.50986480712902, 28.140851974487418 ], [ 66.524024963378906, 28.171867370605469 ], [ 66.548187255859489, 28.261152267456112 ], [ 66.559791564941463, 28.306381225585994 ], [ 66.58544921875, 28.644634246826229 ], [ 66.589088439941406, 28.678985595703125 ], [ 66.609329223632812, 28.740070343017692 ], [ 66.619071960449276, 28.748527526855526 ], [ 66.654319763183594, 28.775783538818359 ], [ 66.679046630859489, 28.789756774902457 ], [ 66.749351501464901, 28.807979583740348 ], [ 66.773330688476562, 28.813886642456112 ], [ 67.073989868164119, 28.832721710205135 ], [ 67.101669311523494, 28.835720062255859 ], [ 67.326217651367301, 28.879035949707145 ], [ 67.346427917480582, 28.881010055542049 ], [ 67.292488098144531, 28.819339752197322 ], [ 67.273597717285099, 28.802633285522518 ], [ 67.246604919433651, 28.583774566650447 ], [ 67.2421875, 28.554050445556697 ], [ 67.188835144043026, 28.502891540527457 ], [ 67.185989379882926, 28.491409301757869 ], [ 67.210662841796875, 28.49193000793457 ], [ 67.228256225585938, 28.49084663391119 ], [ 67.249053955078125, 28.456295013427678 ], [ 67.254348754882812, 28.446844100952148 ], [ 67.29766845703125, 28.434661865234375 ], [ 67.329307556152344, 28.43447303771984 ], [ 67.353668212890739, 28.380571365356445 ], [ 67.374092102050895, 28.35529899597168 ], [ 67.390312194824332, 28.287324905395565 ], [ 67.398124694824332, 28.246517181396484 ], [ 67.400238037109318, 28.129240036010742 ], [ 67.415374755859375, 28.101606369018555 ], [ 67.406127929687614, 27.967823028564396 ], [ 67.398437500000057, 27.940299987792969 ], [ 67.415130615234375, 27.901029586792049 ], [ 67.424064636230582, 27.891820907592773 ], [ 67.39255523681652, 27.780963897705078 ], [ 67.370376586914119, 27.743677139282227 ], [ 67.347167968750114, 27.726690292358455 ], [ 67.291145324706974, 27.690723419189453 ], [ 67.280807495117301, 27.667472839355582 ], [ 67.277778625488395, 27.626556396484375 ], [ 67.235275268554688, 27.578792572021541 ], [ 67.212242126464844, 27.554883956909293 ], [ 67.202575683593807, 27.454755783081168 ], [ 67.197151184082031, 27.408031463623047 ], [ 67.161567687988338, 27.347908020019588 ], [ 67.144218444824332, 27.300304412841797 ], [ 67.185287475585881, 27.143936157226506 ], [ 67.186820983886719, 27.093162536621207 ], [ 67.167480468750057, 26.963790893554744 ], [ 67.164772033691463, 26.930038452148494 ], [ 67.17730712890625, 26.796546936035213 ], [ 67.179214477539062, 26.771408081054801 ], [ 67.159858703613395, 26.752635955810661 ], [ 67.158340454101676, 26.68580436706543 ] ] ] } },
{ "type": "Feature", "properties": { "GID_0": "PAK", "NAME_0": "Pakistan", "GID_1": "PAK.2_1", "NAME_1": "Baluchistan", "NL_NAME_1": null, "GID_2": "PAK.2.1_1", "NAME_2": "Kalat", "NL_NAME_2": null, "GID_3": "PAK.2.1.7_1", "NAME_3": "Lasbela", "VARNAME_3": null, "NL_NAME_3": null, "TYPE_3": "District", "ENGTYPE_3": "District", "CC_3": null, "HASC_3": null }, "geometry": null },
{ "type": "Feature", "properties": { "GID_0": "PAK", "NAME_0": "Pakistan", "GID_1": "PAK.2_1", "NAME_1": "Baluchistan", "NL_NAME_1": null, "GID_2": "PAK.2.1_1", "NAME_2": "Kalat", "NL_NAME_2": null, "GID_3": "PAK.2.1.8_1", "NAME_3": "Mastung", "VARNAME_3": "Mustung", "NL_NAME_3": null, "TYPE_3": "District", "ENGTYPE_3": "District", "CC_3": null, "HASC_3": null }, "geometry": { "type": "Polygon", "coordinates": [ [ [ 67.440185546875057, 30.05644607543951 ], [ 67.405624389648438, 29.978330612182674 ], [ 67.391975402832088, 29.968852996826172 ], [ 67.366539001464844, 29.962480545043888 ], [ 67.321578979492244, 29.955120086669922 ], [ 67.27091217041027, 29.971267700195312 ], [ 67.252853393554688, 29.973526000976562 ], [ 67.220428466796875, 29.950117111206168 ], [ 67.213279724121207, 29.917247772216854 ], [ 67.215782165527457, 29.879636764526367 ], [ 67.218772888183651, 29.800083160400391 ], [ 67.239044189453239, 29.741695404052734 ], [ 67.247200012207088, 29.726583480835075 ], [ 67.263313293457031, 29.727172851562557 ], [ 67.327041625976562, 29.795803070068473 ], [ 67.343589782714787, 29.78850173950201 ], [ 67.378761291503963, 29.721017837524414 ], [ 67.395858764648381, 29.678955078125114 ], [ 67.43680572509777, 29.529966354370231 ], [ 67.439445495605526, 29.49559211730957 ], [ 67.519752502441463, 29.386215209960881 ], [ 67.528945922851676, 29.377088546752987 ], [ 67.494590759277401, 29.327342987060661 ], [ 67.474838256835938, 29.297002792358455 ], [ 67.449562072753963, 29.129039764404297 ], [ 67.44488525390625, 29.099325180053711 ], [ 67.396774291992301, 29.037557601928711 ], [ 67.384223937988224, 29.017616271972713 ], [ 67.373336791992301, 28.976539611816406 ], [ 67.366851806640739, 28.946241378784237 ], [ 67.336746215820312, 28.960138320922965 ], [ 67.283775329589901, 28.980003356933594 ], [ 67.220863342285213, 29.072708129882812 ], [ 67.191070556640625, 29.082641601562557 ], [ 67.138092041015682, 29.079330444335881 ], [ 67.104980468749943, 29.076019287109432 ], [ 67.088432312011719, 29.06608772277832 ], [ 67.075187683105582, 29.042909622192496 ], [ 67.025520324707088, 29.029666900634766 ], [ 67.002342224121207, 29.006490707397518 ], [ 66.936126708984489, 29.016422271728629 ], [ 66.893089294433594, 29.042909622192496 ], [ 66.813621520996151, 29.162103652954215 ], [ 66.770584106445426, 29.191900253295955 ], [ 66.720916748046932, 29.294538497924862 ], [ 66.674568176269588, 29.380622863769588 ], [ 66.624900817871037, 29.539545059204158 ], [ 66.608352661132812, 29.585897445678711 ], [ 66.585174560546989, 29.602451324462891 ], [ 66.522262573242301, 29.599140167236442 ], [ 66.469291687011719, 29.599140167236442 ], [ 66.3765869140625, 29.645492553710938 ], [ 66.36240386962902, 29.645492553710938 ], [ 66.344139099121037, 29.679336547851676 ], [ 66.337379455566463, 29.686271667480469 ], [ 66.340179443359375, 29.701547622680607 ], [ 66.347785949707031, 29.723520278930664 ], [ 66.337753295898494, 29.758611679077205 ], [ 66.33707427978527, 29.790864944458008 ], [ 66.378532409667969, 29.848344802856502 ], [ 66.408546447753963, 29.850925445556754 ], [ 66.471244812011776, 29.847326278686637 ], [ 66.489463806152457, 29.846317291259879 ], [ 66.525108337402457, 29.814510345458928 ], [ 66.536743164062614, 29.803775787353629 ], [ 66.576225280761832, 29.800807952880859 ], [ 66.59576416015625, 29.813215255737418 ], [ 66.61533355712902, 29.887960433960075 ], [ 66.612525939941406, 29.902416229248161 ], [ 66.639144897460994, 29.922328948974609 ], [ 66.659721374511776, 29.947513580322266 ], [ 66.672615051269531, 30.009847640991325 ], [ 66.675140380859432, 30.030912399291992 ], [ 66.692588806152457, 30.048503875732536 ], [ 66.713874816894588, 30.071071624755859 ], [ 66.731079101562557, 30.13739013671875 ], [ 66.747032165527344, 30.148941040039176 ], [ 66.829483032226619, 30.117223739624137 ], [ 66.837211608886719, 30.115806579589844 ], [ 66.856040954589957, 30.075529098510742 ], [ 66.867439270019588, 30.068656921386832 ], [ 66.858779907226562, 30.035324096679688 ], [ 66.864898681640625, 30.026077270507926 ], [ 66.919700622558651, 30.040483474731388 ], [ 66.953445434570369, 30.049545288086051 ], [ 66.995536804199219, 30.042320251464957 ], [ 67.018913269043082, 30.045696258544922 ], [ 67.028648376464957, 30.063440322875977 ], [ 67.030517578125057, 30.084463119506836 ], [ 67.053733825683594, 30.097108840942496 ], [ 67.083389282226676, 30.103271484375057 ], [ 67.100128173828182, 30.154365539550781 ], [ 67.111671447753906, 30.165782928466854 ], [ 67.171722412109489, 30.177141189575252 ], [ 67.1937255859375, 30.18518257141119 ], [ 67.263099670410099, 30.236520767212028 ], [ 67.274536132812614, 30.237043380737248 ], [ 67.311210632324219, 30.179929733276424 ], [ 67.318962097168082, 30.167379379272575 ], [ 67.361503601074332, 30.155456542968693 ], [ 67.39111328125, 30.156034469604492 ], [ 67.415504455566349, 30.173934936523551 ], [ 67.429374694824332, 30.170667648315373 ], [ 67.442512512207088, 30.150747299194393 ], [ 67.448616027832088, 30.112545013427791 ], [ 67.440185546875057, 30.05644607543951 ] ] ] } },
{ "type": "Feature", "properties": { "GID_0": "PAK", "NAME_0": "Pakistan", "GID_1": "PAK.2_1", "NAME_1": "Baluchistan", "NL_NAME_1": null, "GID_2": "PAK.2.2_1", "NAME_2": "Makran", "NL_NAME_2": null, "GID_3": "PAK.2.2.1_1", "NAME_3": "Gwadar", "VARNAME_3": null, "NL_NAME_3": null, "TYPE_3": "District", "ENGTYPE_3": "District", "CC_3": null, "HASC_3": null }, "geometry": null },
{ "type": "Feature", "properties": { "GID_0": "PAK", "NAME_0": "Pakistan", "GID_1": "PAK.2_1", "NAME_1": "Baluchistan", "NL_NAME_1": null, "GID_2": "PAK.2.2_1", "NAME_2": "Makran", "NL_NAME_2": null, "GID_3": "PAK.2.2.2_1", "NAME_3": "Kech", "VARNAME_3": null, "NL_NAME_3": null, "TYPE_3": "District", "ENGTYPE_3": "District", "CC_3": null, "HASC_3": null }, "geometry": { "type": "Polygon", "coordinates": [ [ [ 61.808467864990291, 26.032121658325252 ], [ 61.847881317138672, 26.22813987731945 ], [ 61.870754241943303, 26.246740341186523 ], [ 62.03850173950201, 26.304553985595817 ], [ 62.061145782470703, 26.31541824340826 ], [ 62.106742858886832, 26.314226150512752 ], [ 62.121147155761719, 26.316764831542969 ], [ 62.12808990478527, 26.380365371704158 ], [ 62.132389068603629, 26.38998985290533 ], [ 62.263530731201172, 26.358234405517578 ], [ 62.282505035400504, 26.358367919921875 ], [ 62.291503906250057, 26.371135711670036 ], [ 62.291336059570369, 26.386838912963981 ], [ 62.261577606201172, 26.437217712402457 ], [ 62.256370544433594, 26.445981979370231 ], [ 62.269779205322266, 26.445749282836914 ], [ 62.282592773437614, 26.447250366210938 ], [ 62.303924560546932, 26.469966888427848 ], [ 62.308795928955135, 26.476678848266658 ], [ 62.297039031982365, 26.494127273559684 ], [ 62.295864105224723, 26.498746871948299 ], [ 62.306018829345703, 26.524431228637809 ], [ 62.315067291259822, 26.52886962890625 ], [ 62.397117614746094, 26.538314819336051 ], [ 62.403537750244141, 26.539346694946403 ], [ 62.434532165527344, 26.568136215210018 ], [ 62.441226959228459, 26.570030212402344 ], [ 62.581958770752067, 26.582828521728572 ], [ 62.608146667480526, 26.5850124359132 ], [ 62.648326873779411, 26.609146118164062 ], [ 62.660850524902457, 26.616512298583984 ], [ 62.710224151611328, 26.617015838623161 ], [ 62.721385955810661, 26.619895935058651 ], [ 62.760684967041129, 26.648427963256836 ], [ 62.778697967529297, 26.652280807495174 ], [ 63.09001541137701, 26.644073486328125 ], [ 63.09818267822277, 26.644186019897461 ], [ 63.162040710449276, 26.563232421875057 ], [ 63.167335510253906, 26.552423477172908 ], [ 63.120628356933651, 26.511384963989258 ], [ 63.102458953857536, 26.497114181518498 ], [ 63.162227630615234, 26.486179351806754 ], [ 63.175319671630973, 26.46855545043951 ], [ 63.218719482421989, 26.479824066162166 ], [ 63.239784240722656, 26.484865188598633 ], [ 63.23576736450201, 26.470167160034293 ], [ 63.234672546386776, 26.462949752807731 ], [ 63.269252777099609, 26.453626632690373 ], [ 63.276222229003906, 26.448188781738281 ], [ 63.254425048828068, 26.432687759399528 ], [ 63.250236511230412, 26.423788070678768 ], [ 63.358627319335938, 26.433504104614201 ], [ 63.386623382568416, 26.434267044067326 ], [ 63.427814483642635, 26.467079162597656 ], [ 63.443981170654297, 26.478294372558594 ], [ 63.591842651367131, 26.43746376037609 ], [ 63.626163482666072, 26.428134918212947 ], [ 63.636394500732422, 26.418581008911246 ], [ 63.630161285400447, 26.408018112182731 ], [ 63.559459686279411, 26.39019775390625 ], [ 63.555797576904354, 26.381307601928825 ], [ 63.629528045654297, 26.385259628295955 ], [ 63.641380310058707, 26.382932662963924 ], [ 63.629375457763672, 26.337444305419922 ], [ 63.628498077392635, 26.322805404663086 ], [ 63.638545989990234, 26.293054580688533 ], [ 63.638202667236385, 26.287014007568473 ], [ 63.727294921875, 26.294042587280273 ], [ 63.761474609375, 26.289352416992244 ], [ 63.824050903320369, 26.316303253173828 ], [ 63.857696533203239, 26.320886611938533 ], [ 63.91110992431652, 26.294744491577092 ], [ 63.927467346191463, 26.290643692016545 ], [ 63.958717346191463, 26.296575546264705 ], [ 63.980861663818359, 26.291656494140682 ], [ 64.090156555175838, 26.155862808227596 ], [ 64.099502563476619, 26.149774551391658 ], [ 64.242851257324219, 26.18173789978033 ], [ 64.256195068359375, 26.191041946411246 ], [ 64.352302551269474, 26.191009521484489 ], [ 64.369834899902457, 26.191574096679801 ], [ 64.424980163574162, 26.25714302062994 ], [ 64.424240112304688, 26.268781661987418 ], [ 64.501068115234318, 26.207988739013729 ], [ 64.542060852050895, 26.185556411743164 ], [ 64.554100036621037, 26.115226745605526 ], [ 64.554779052734432, 26.092262268066406 ], [ 64.547340393066463, 26.069374084472656 ], [ 64.513824462890739, 26.051563262939453 ], [ 64.447906494140625, 26.04033279418951 ], [ 64.434112548828239, 26.028465270996207 ], [ 64.391448974609375, 25.904178619384822 ], [ 64.383903503418026, 25.884771347045955 ], [ 64.364814758300838, 25.875125885009766 ], [ 64.349327087402401, 25.858585357666072 ], [ 64.352813720703182, 25.820354461669922 ], [ 64.355857849121151, 25.806022644043026 ], [ 64.326988220214844, 25.764160156249943 ], [ 64.318984985351562, 25.75147628784174 ], [ 64.318023681640625, 25.704341888427848 ], [ 64.316741943359432, 25.69456863403326 ], [ 64.367118835449276, 25.69134521484375 ], [ 64.383102416992244, 25.682132720947322 ], [ 64.386032104492301, 25.662923812866268 ], [ 64.364692687988224, 25.640703201294002 ], [ 64.343894958496207, 25.626613616943359 ], [ 64.281234741210994, 25.646778106689453 ], [ 64.254440307617301, 25.649518966674805 ], [ 64.225357055664119, 25.641307830810604 ], [ 64.210136413574276, 25.63143348693859 ], [ 64.087074279785213, 25.632883071899471 ], [ 63.919895172119197, 25.609750747680664 ], [ 63.632137298584098, 25.51098823547369 ], [ 63.568759918212947, 25.48471832275402 ], [ 63.448394775390739, 25.401897430419922 ], [ 63.436683654785213, 25.39935302734375 ], [ 63.42301177978527, 25.401184082031364 ], [ 63.440280914306754, 25.419382095336914 ], [ 63.447704315185661, 25.425094604492188 ], [ 63.44195556640625, 25.442392349243278 ], [ 63.439964294433707, 25.447692871093864 ], [ 63.382526397705078, 25.512519836425838 ], [ 63.371341705322322, 25.52762603759777 ], [ 63.166179656982536, 25.531393051147575 ], [ 63.159885406494254, 25.531738281250057 ], [ 63.052829742431697, 25.55639839172369 ], [ 63.033973693847656, 25.556505203247013 ], [ 62.990528106689567, 25.626239776611385 ], [ 62.960796356201115, 25.631013870239315 ], [ 62.899215698242244, 25.623579025268555 ], [ 62.887290954589844, 25.619407653808594 ], [ 62.869064331054744, 25.598173141479435 ], [ 62.853683471679801, 25.595792770385799 ], [ 62.828441619873047, 25.608078002929744 ], [ 62.821846008300724, 25.609809875488395 ], [ 62.397262573242131, 25.594793319702148 ], [ 62.380542755127067, 25.593547821044865 ], [ 62.148342132568416, 25.519977569580078 ], [ 62.139472961425838, 25.518880844116211 ], [ 62.136558532714844, 25.537626266479549 ], [ 62.131881713867244, 25.545196533203068 ], [ 62.064010620117301, 25.555513381958121 ], [ 62.059940338134879, 25.569129943847713 ], [ 62.066837310791016, 25.583883285522461 ], [ 62.081550598144645, 25.591125488281364 ], [ 62.147209167480412, 25.593530654907227 ], [ 62.15338134765625, 25.59736251831049 ], [ 62.151454925537223, 25.618215560913086 ], [ 62.151115417480526, 25.629581451416129 ], [ 62.133346557617188, 25.637136459350586 ], [ 62.11712646484375, 25.645416259765682 ], [ 62.120666503906364, 25.64966011047369 ], [ 62.115348815918082, 25.669984817504826 ], [ 62.100261688232422, 25.67550086975109 ], [ 62.093643188476562, 25.686748504638729 ], [ 62.198932647705135, 25.703832626342887 ], [ 62.207756042480526, 25.706552505493278 ], [ 62.093753814697266, 25.727134704589957 ], [ 62.081115722656307, 25.738267898559513 ], [ 62.074798583984375, 25.827739715576286 ], [ 62.068428039550895, 25.830635070800838 ], [ 62.032333374023494, 25.802562713623161 ], [ 62.027801513671989, 25.796442031860295 ], [ 61.989116668701229, 25.714473724365178 ], [ 61.985488891601562, 25.704425811767578 ], [ 61.827465057373047, 25.734617233276367 ], [ 61.816989898681641, 25.742570877075252 ], [ 61.785339355468864, 25.724534988403263 ], [ 61.774974822998161, 25.720855712890739 ], [ 61.744613647460938, 25.737920761108455 ], [ 61.717765808105526, 25.742517471313477 ], [ 61.69642257690424, 25.711853027343864 ], [ 61.689914703369254, 25.717922210693359 ], [ 61.690578460693416, 25.758533477783146 ], [ 61.689205169677734, 25.799165725708008 ], [ 61.770946502685661, 25.804801940917969 ], [ 61.780349731445369, 25.818246841430664 ], [ 61.808467864990291, 26.032121658325252 ] ] ] } },
{ "type": "Feature", "properties": { "GID_0": "PAK", "NAME_0": "Pakistan", "GID_1": "PAK.2_1", "NAME_1": "Baluchistan", "NL_NAME_1": null, "GID_2": "PAK.2.2_1", "NAME_2": "Makran", "NL_NAME_2": null, "GID_3": "PAK.2.2.3_1", "NAME_3": "Panjgur", "VARNAME_3": null, "NL_NAME_3": null, "TYPE_3": "District", "ENGTYPE_3": "District", "CC_3": null, "HASC_3": null }, "geometry": { "type": "Polygon", "coordinates": [ [ [ 65.424674987792969, 26.915775299072266 ], [ 65.371673583984432, 26.822162628173885 ], [ 65.364257812500057, 26.807167053222656 ], [ 65.321784973144645, 26.764583587646541 ], [ 65.254829406738395, 26.726640701294059 ], [ 65.237297058105582, 26.690797805786076 ], [ 65.208450317382869, 26.648008346557617 ], [ 65.013305664062557, 26.508295059204102 ], [ 64.996444702148438, 26.493818283081168 ], [ 64.989608764648438, 26.47720909118658 ], [ 64.988998413085938, 26.462343215942383 ], [ 65.007843017578239, 26.409780502319336 ], [ 64.99674224853527, 26.395645141601676 ], [ 64.964126586914176, 26.382724761962947 ], [ 64.905372619628963, 26.376968383789176 ], [ 64.831672668457031, 26.380908966064396 ], [ 64.759910583496037, 26.372352600097713 ], [ 64.537574768066406, 26.389951705932617 ], [ 64.496757507324219, 26.379894256591911 ], [ 64.407531738281307, 26.34222602844244 ], [ 64.391952514648551, 26.319879531860352 ], [ 64.386581420898551, 26.306781768798885 ], [ 64.393333435058594, 26.291126251220703 ], [ 64.424240112304688, 26.268781661987418 ], [ 64.424980163574162, 26.25714302062994 ], [ 64.390579223632869, 26.207284927368107 ], [ 64.369834899902457, 26.191574096679801 ], [ 64.286109924316349, 26.189056396484432 ], [ 64.272613525390625, 26.193674087524471 ], [ 64.126884460449219, 26.153774261474609 ], [ 64.099502563476619, 26.149774551391658 ], [ 64.006477355957145, 26.275663375854435 ], [ 63.980861663818359, 26.291656494140682 ], [ 63.927467346191463, 26.290643692016545 ], [ 63.91110992431652, 26.294744491577092 ], [ 63.874187469482536, 26.321199417114258 ], [ 63.857696533203239, 26.320886611938533 ], [ 63.796253204345703, 26.308813095092887 ], [ 63.782585144042912, 26.292770385742244 ], [ 63.644584655761776, 26.283653259277401 ], [ 63.638202667236385, 26.287014007568473 ], [ 63.628498077392635, 26.322805404663086 ], [ 63.629375457763672, 26.337444305419922 ], [ 63.643314361572266, 26.370666503906364 ], [ 63.641380310058707, 26.382932662963924 ], [ 63.575210571289176, 26.380052566528434 ], [ 63.555797576904354, 26.381307601928825 ], [ 63.636394500732422, 26.418581008911246 ], [ 63.626163482666072, 26.428134918212947 ], [ 63.460819244384822, 26.475595474243278 ], [ 63.443981170654297, 26.478294372558594 ], [ 63.410793304443359, 26.449348449707031 ], [ 63.386623382568416, 26.434267044067326 ], [ 63.279102325439567, 26.421783447265739 ], [ 63.250236511230412, 26.423788070678768 ], [ 63.268882751464957, 26.439693450927734 ], [ 63.276222229003906, 26.448188781738281 ], [ 63.245037078857422, 26.457809448242301 ], [ 63.234672546386776, 26.462949752807731 ], [ 63.243618011474723, 26.479135513305664 ], [ 63.239784240722656, 26.484865188598633 ], [ 63.197341918945369, 26.467813491821403 ], [ 63.175319671630973, 26.46855545043951 ], [ 63.128684997558707, 26.495754241943359 ], [ 63.102458953857536, 26.497114181518498 ], [ 63.156803131103572, 26.545494079589901 ], [ 63.167335510253906, 26.552423477172908 ], [ 63.11899566650402, 26.628332138061467 ], [ 63.09818267822277, 26.644186019897461 ], [ 63.162025451660213, 26.64361763000494 ], [ 63.169185638427791, 26.647294998169059 ], [ 63.203205108642692, 26.768262863159237 ], [ 63.192134857177848, 26.843492507934627 ], [ 63.275531768798828, 26.864767074585018 ], [ 63.281391143798942, 26.87457466125494 ], [ 63.258975982666016, 26.924116134643668 ], [ 63.25669097900402, 26.928676605224723 ], [ 63.256092071533203, 27.046215057373047 ], [ 63.255905151367301, 27.082952499389705 ], [ 63.273200988769588, 27.102432250976619 ], [ 63.283897399902401, 27.110727310180721 ], [ 63.318367004394531, 27.111400604248161 ], [ 63.336368560791016, 27.11359977722168 ], [ 63.298374176025504, 27.202701568603572 ], [ 63.320884704589901, 27.211948394775391 ], [ 63.408218383789062, 27.198751449585018 ], [ 63.436981201171875, 27.200223922729492 ], [ 63.594528198242188, 27.221317291259766 ], [ 63.696701049804801, 27.228824615478572 ], [ 63.811897277832145, 27.256309509277344 ], [ 63.835041046142635, 27.253034591674805 ], [ 63.886035919189567, 27.228935241699276 ], [ 63.895801544189453, 27.217515945434627 ], [ 63.895755767822379, 27.165988922119141 ], [ 63.900825500488224, 27.154016494751033 ], [ 63.922657012939567, 27.150716781616325 ], [ 63.947288513183651, 27.150255203247184 ], [ 64.000488281250057, 27.096023559570426 ], [ 64.011985778808707, 27.087886810302791 ], [ 64.085685729980469, 27.092998504638729 ], [ 64.108451843261776, 27.084842681884822 ], [ 64.115409851074162, 27.053176879882812 ], [ 64.111099243164119, 27.030813217163086 ], [ 64.072311401367131, 26.97878456115734 ], [ 64.089729309082031, 26.974239349365348 ], [ 64.123893737793026, 27.005525588989258 ], [ 64.133964538574219, 27.027997970581112 ], [ 64.133323669433707, 27.093902587890682 ], [ 64.131614685058537, 27.116151809692383 ], [ 64.199943542480469, 27.134391784668082 ], [ 64.221969604492244, 27.142467498779411 ], [ 64.243370056152457, 27.162370681762752 ], [ 64.245689392089787, 27.172626495361442 ], [ 64.282936096191406, 27.179368972778377 ], [ 64.301589965820312, 27.18622016906744 ], [ 64.308448791503906, 27.202133178710938 ], [ 64.312744140625057, 27.216373443603516 ], [ 64.333648681640625, 27.226749420166072 ], [ 64.365203857421932, 27.23988151550293 ], [ 64.408798217773438, 27.306392669677734 ], [ 64.420036315917969, 27.3073024749757 ], [ 64.457138061523494, 27.133466720581055 ], [ 64.457756042480582, 27.112590789794922 ], [ 64.492622375488338, 27.093523025512752 ], [ 64.53556060791027, 27.067413330078239 ], [ 64.679687500000057, 27.020013809204045 ], [ 64.7208251953125, 27.019401550292969 ], [ 64.906341552734489, 27.112976074218807 ], [ 64.942558288574276, 27.127820968628043 ], [ 65.040298461914062, 27.205339431762752 ], [ 65.052230834960994, 27.2092800140382 ], [ 65.119010925293082, 27.067804336547908 ], [ 65.12186431884777, 27.059967041015739 ], [ 65.223991394042969, 27.051229476928711 ], [ 65.25299072265625, 27.035764694213867 ], [ 65.275306701660156, 26.92802810668951 ], [ 65.287429809570426, 26.916652679443473 ], [ 65.424674987792969, 26.915775299072266 ] ] ] } },
{ "type": "Feature", "properties": { "GID_0": "PAK", "NAME_0": "Pakistan", "GID_1": "PAK.2_1", "NAME_1": "Baluchistan", "NL_NAME_1": null, "GID_2": "PAK.2.3_1", "NAME_2": "Nasirabad", "NL_NAME_2": null, "GID_3": "PAK.2.3.1_1", "NAME_3": "Bolan", "VARNAME_3": null, "NL_NAME_3": null, "TYPE_3": "District", "ENGTYPE_3": "District", "CC_3": null, "HASC_3": null }, "geometry": { "type": "Polygon", "coordinates": [ [ [ 67.346427917480582, 28.881010055542049 ], [ 67.373336791992301, 28.976539611816406 ], [ 67.384223937988224, 29.017616271972713 ], [ 67.432746887207088, 29.07103157043457 ], [ 67.44488525390625, 29.099325180053711 ], [ 67.467536926269645, 29.260663986205998 ], [ 67.474838256835938, 29.297002792358455 ], [ 67.517112731933707, 29.355733871460018 ], [ 67.528945922851676, 29.377088546752987 ], [ 67.463882446289119, 29.455354690551758 ], [ 67.439445495605526, 29.49559211730957 ], [ 67.378761291503963, 29.721017837524414 ], [ 67.360603332519531, 29.762424468994254 ], [ 67.343589782714787, 29.78850173950201 ], [ 67.327041625976562, 29.795803070068473 ], [ 67.263313293457031, 29.727172851562557 ], [ 67.247200012207088, 29.726583480835075 ], [ 67.230316162109375, 29.773271560668888 ], [ 67.218772888183651, 29.800083160400391 ], [ 67.215782165527457, 29.879636764526367 ], [ 67.213279724121207, 29.917247772216854 ], [ 67.220428466796875, 29.950117111206168 ], [ 67.252853393554688, 29.973526000976562 ], [ 67.27091217041027, 29.971267700195312 ], [ 67.321578979492244, 29.955120086669922 ], [ 67.372802734375, 29.963506698608512 ], [ 67.391975402832088, 29.968852996826172 ], [ 67.437995910644645, 30.053855895996094 ], [ 67.440185546875057, 30.05644607543951 ], [ 67.448593139648494, 30.002597808837891 ], [ 67.448837280273551, 29.993797302246151 ], [ 67.510673522949162, 29.912551879882869 ], [ 67.523902893066406, 29.906526565551815 ], [ 67.486854553222656, 29.872394561767635 ], [ 67.489433288574276, 29.842424392700252 ], [ 67.501678466796989, 29.825778961181641 ], [ 67.517532348632926, 29.808773040771598 ], [ 67.549613952636719, 29.646896362304801 ], [ 67.557312011718807, 29.633190155029297 ], [ 67.665077209472713, 29.635181427002067 ], [ 67.684333801269588, 29.630565643310604 ], [ 67.688858032226562, 29.585933685302791 ], [ 67.692382812500057, 29.577470779419002 ], [ 67.744461059570426, 29.587678909301701 ], [ 67.766700744628906, 29.597780227661246 ], [ 67.792015075683537, 29.530181884765739 ], [ 67.796760559082145, 29.496427536010742 ], [ 67.870872497558651, 29.423400878906364 ], [ 67.880889892578068, 29.403360366821346 ], [ 67.884468078613395, 29.336990356445426 ], [ 67.893615722656364, 29.326707839965934 ], [ 67.922378540039119, 29.325925827026367 ], [ 67.940048217773438, 29.332481384277344 ], [ 67.988571166992244, 29.362039566039982 ], [ 67.996963500976619, 29.364061355590877 ], [ 68.079704284667969, 29.328020095825252 ], [ 68.098350524902344, 29.321340560913086 ], [ 68.170280456542969, 29.35215950012207 ], [ 68.17801666259777, 29.36179351806652 ], [ 68.353538513183537, 29.241697311401424 ], [ 68.462448120117131, 29.1929225921632 ], [ 68.296310424804631, 29.202949523925781 ], [ 68.290153503418082, 29.198534011840934 ], [ 68.282546997070426, 29.173091888427734 ], [ 68.283607482910213, 29.161705017089957 ], [ 68.301971435546932, 29.136737823486385 ], [ 68.291046142578182, 29.112571716308594 ], [ 68.102859497070426, 28.815084457397575 ], [ 68.080841064453125, 28.792236328125114 ], [ 68.03082275390625, 28.681200027465877 ], [ 68.023979187011719, 28.668226242065543 ], [ 67.947052001953239, 28.690299987793026 ], [ 67.938224792480526, 28.730030059814453 ], [ 67.911735534668082, 28.725616455078182 ], [ 67.898490905761719, 28.68147087097168 ], [ 67.786239624023551, 28.649307250976619 ], [ 67.753921508789062, 28.665468215942496 ], [ 67.747299194335994, 28.698577880859489 ], [ 67.747299194335994, 28.744930267333984 ], [ 67.760536193847599, 28.774728775024528 ], [ 67.793647766113338, 28.801214218139648 ], [ 67.783714294433651, 28.817770004272575 ], [ 67.747299194335994, 28.817770004272575 ], [ 67.654594421386776, 28.7979030609132 ], [ 67.614860534667969, 28.7979030609132 ], [ 67.585060119628849, 28.771417617797908 ], [ 67.581748962402401, 28.728374481201229 ], [ 67.565200805664176, 28.701887130737362 ], [ 67.455940246581974, 28.718442916870117 ], [ 67.416206359863395, 28.715131759643668 ], [ 67.363235473632756, 28.662157058715877 ], [ 67.340057373046932, 28.658847808837834 ], [ 67.280464172363224, 28.69195556640625 ], [ 67.262550354003906, 28.700910568237305 ], [ 67.265609741210938, 28.780216217041016 ], [ 67.273597717285099, 28.802633285522518 ], [ 67.346427917480582, 28.881010055542049 ] ] ] } },
{ "type": "Feature", "properties": { "GID_0": "PAK", "NAME_0": "Pakistan", "GID_1": "PAK.2_1", "NAME_1": "Baluchistan", "NL_NAME_1": null, "GID_2": "PAK.2.3_1", "NAME_2": "Nasirabad", "NL_NAME_2": null, "GID_3": "PAK.2.3.2_1", "NAME_3": "Jafarabad", "VARNAME_3": "Nasir Abad", "NL_NAME_3": null, "TYPE_3": "District", "ENGTYPE_3": "District", "CC_3": null, "HASC_3": null }, "geometry": { "type": "Polygon", "coordinates": [ [ [ 67.923667907714844, 28.011009216308707 ], [ 67.811386108398494, 27.962268829345817 ], [ 67.759246826171875, 27.94367790222168 ], [ 67.660476684570369, 27.929903030395565 ], [ 67.646110534667969, 27.927207946777401 ], [ 67.654853820800895, 27.947935104370174 ], [ 67.663208007812614, 27.984468460083065 ], [ 67.650230407714901, 28.126214981079215 ], [ 67.655731201171932, 28.133434295654297 ], [ 67.720809936523551, 28.155590057373104 ], [ 67.767158508300895, 28.162212371826172 ], [ 67.879730224609489, 28.218498229980582 ], [ 67.926086425781364, 28.24167442321783 ], [ 67.959190368652401, 28.24167442321783 ], [ 67.998924255371207, 28.24498558044445 ], [ 68.14129638671875, 28.38735389709484 ], [ 68.167778015136719, 28.4204616546632 ], [ 68.263793945312557, 28.453571319580192 ], [ 68.3167724609375, 28.453571319580192 ], [ 68.382987976074276, 28.489990234375 ], [ 68.429344177246151, 28.549587249755859 ], [ 68.480888366699332, 28.630123138427791 ], [ 68.649688720703239, 28.540554046630973 ], [ 68.829948425293082, 28.468185424804801 ], [ 68.926971435546932, 28.455963134765739 ], [ 69.008682250976676, 28.454923629760799 ], [ 68.503913879394588, 28.445684432983398 ], [ 68.4656982421875, 28.43931770324707 ], [ 68.430618286132812, 28.419376373291072 ], [ 68.407310485839957, 28.396387100219727 ], [ 68.385658264160213, 28.34825515747076 ], [ 68.367424011230582, 28.315645217895621 ], [ 68.257888793945369, 28.275150299072266 ], [ 68.197998046875057, 28.251590728759879 ], [ 68.039627075195312, 28.122365951538029 ], [ 67.993087768554688, 28.103631973266602 ], [ 67.923667907714844, 28.011009216308707 ] ] ] } },
{ "type": "Feature", "properties": { "GID_0": "PAK", "NAME_0": "Pakistan", "GID_1": "PAK.2_1", "NAME_1": "Baluchistan", "NL_NAME_1": null, "GID_2": "PAK.2.3_1", "NAME_2": "Nasirabad", "NL_NAME_2": null, "GID_3": "PAK.2.3.3_1", "NAME_3": "Jhal Magsi", "VARNAME_3": null, "NL_NAME_3": null, "TYPE_3": "District", "ENGTYPE_3": "District", "CC_3": null, "HASC_3": null }, "geometry": { "type": "Polygon", "coordinates": [ [ [ 67.646110534667969, 27.927207946777401 ], [ 67.424064636230582, 27.891820907592773 ], [ 67.415130615234375, 27.901029586792049 ], [ 67.401229858398438, 27.927228927612418 ], [ 67.398437500000057, 27.940299987792969 ], [ 67.406127929687614, 27.967823028564396 ], [ 67.418273925781307, 28.002138137817383 ], [ 67.415725708007812, 28.091865539550895 ], [ 67.415374755859375, 28.101606369018555 ], [ 67.400238037109318, 28.129240036010742 ], [ 67.403823852539176, 28.187250137329215 ], [ 67.398124694824332, 28.246517181396484 ], [ 67.378746032714844, 28.319465637207031 ], [ 67.374092102050895, 28.35529899597168 ], [ 67.348434448242244, 28.415037155151424 ], [ 67.329307556152344, 28.43447303771984 ], [ 67.29766845703125, 28.434661865234375 ], [ 67.254348754882812, 28.446844100952148 ], [ 67.249053955078125, 28.456295013427678 ], [ 67.241180419921875, 28.47788238525402 ], [ 67.210662841796875, 28.49193000793457 ], [ 67.185989379882926, 28.491409301757869 ], [ 67.220428466796875, 28.525171279907283 ], [ 67.236610412597656, 28.539192199707031 ], [ 67.255897521972656, 28.665441513061523 ], [ 67.262550354003906, 28.700910568237305 ], [ 67.306945800781364, 28.672090530395565 ], [ 67.340057373046932, 28.658847808837834 ], [ 67.363235473632756, 28.662157058715877 ], [ 67.393028259277344, 28.701887130737362 ], [ 67.416206359863395, 28.715131759643668 ], [ 67.455940246581974, 28.718442916870117 ], [ 67.485733032226562, 28.718442916870117 ], [ 67.525466918945369, 28.701887130737362 ], [ 67.565200805664176, 28.701887130737362 ], [ 67.585060119628849, 28.771417617797908 ], [ 67.614860534667969, 28.7979030609132 ], [ 67.747299194335994, 28.817770004272575 ], [ 67.783714294433651, 28.817770004272575 ], [ 67.793647766113338, 28.801214218139648 ], [ 67.760536193847599, 28.774728775024528 ], [ 67.747299194335994, 28.744930267333984 ], [ 67.747299194335994, 28.698577880859489 ], [ 67.753921508789062, 28.665468215942496 ], [ 67.796958923339957, 28.638980865478629 ], [ 67.800270080566406, 28.609182357788086 ], [ 67.800270080566406, 28.546276092529411 ], [ 67.800270080566406, 28.499923706054688 ], [ 67.763847351074219, 28.400596618652401 ], [ 67.763847351074219, 28.380731582641602 ], [ 67.827865600585881, 28.240018844604606 ], [ 67.851608276367244, 28.206777572631893 ], [ 67.810203552246151, 28.18538856506359 ], [ 67.767158508300895, 28.162212371826172 ], [ 67.655731201171932, 28.133434295654297 ], [ 67.650230407714901, 28.126214981079215 ], [ 67.662986755371151, 28.009027481079102 ], [ 67.663208007812614, 27.984468460083065 ], [ 67.646110534667969, 27.927207946777401 ] ] ] } },
{ "type": "Feature", "properties": { "GID_0": "PAK", "NAME_0": "Pakistan", "GID_1": "PAK.2_1", "NAME_1": "Baluchistan", "NL_NAME_1": null, "GID_2": "PAK.2.3_1", "NAME_2": "Nasirabad", "NL_NAME_2": null, "GID_3": "PAK.2.3.4_1", "NAME_3": "Nasirabad", "VARNAME_3": "Nasir Abad", "NL_NAME_3": null, "TYPE_3": "District", "ENGTYPE_3": "District", "CC_3": null, "HASC_3": null }, "geometry": { "type": "Polygon", "coordinates": [ [ [ 67.851608276367244, 28.206777572631893 ], [ 67.801376342773438, 28.284164428710938 ], [ 67.768409729003906, 28.347902297973576 ], [ 67.763847351074219, 28.380731582641602 ], [ 67.763847351074219, 28.400596618652401 ], [ 67.78702545166027, 28.456882476806641 ], [ 67.800270080566406, 28.499923706054688 ], [ 67.78702545166027, 28.648914337158317 ], [ 67.786239624023551, 28.649307250976619 ], [ 67.849937438964957, 28.668226242065543 ], [ 67.898490905761719, 28.68147087097168 ], [ 67.911735534668082, 28.725616455078182 ], [ 67.938224792480526, 28.730030059814453 ], [ 67.947052001953239, 28.690299987793026 ], [ 68.013275146484375, 28.668226242065543 ], [ 68.023979187011719, 28.668226242065543 ], [ 68.062324523925781, 28.76046180725092 ], [ 68.080841064453125, 28.792236328125114 ], [ 68.122406005859375, 28.83477973937994 ], [ 68.134597778320312, 28.846624374389648 ], [ 68.135917663574219, 28.858854293823242 ], [ 68.138122558593807, 28.873601913452205 ], [ 68.291046142578182, 29.112571716308594 ], [ 68.301971435546932, 29.136737823486385 ], [ 68.386856079101676, 29.054992675781307 ], [ 68.397850036621094, 29.027505874633789 ], [ 68.456649780273494, 28.658773422241211 ], [ 68.480888366699332, 28.630123138427791 ], [ 68.429344177246151, 28.549587249755859 ], [ 68.382987976074276, 28.489990234375 ], [ 68.3167724609375, 28.453571319580192 ], [ 68.263793945312557, 28.453571319580192 ], [ 68.207511901855526, 28.427083969116268 ], [ 68.167778015136719, 28.4204616546632 ], [ 68.038658142089844, 28.278093338012638 ], [ 67.998924255371207, 28.24498558044445 ], [ 67.959190368652401, 28.24167442321783 ], [ 67.926086425781364, 28.24167442321783 ], [ 67.851608276367244, 28.206777572631893 ] ] ] } },
{ "type": "Feature", "properties": { "GID_0": "PAK", "NAME_0": "Pakistan", "GID_1": "PAK.2_1", "NAME_1": "Baluchistan", "NL_NAME_1": null, "GID_2": "PAK.2.4_1", "NAME_2": "Quetta", "NL_NAME_2": null, "GID_3": "PAK.2.4.1_1", "NAME_3": "Chagai", "VARNAME_3": null, "NL_NAME_3": null, "TYPE_3": "District", "ENGTYPE_3": "District", "CC_3": null, "HASC_3": null }, "geometry": { "type": "Polygon", "coordinates": [ [ [ 60.899436950683537, 29.837495803833121 ], [ 61.914150238037166, 29.546169281005859 ], [ 61.923797607421932, 29.543386459350586 ], [ 62.396675109863395, 29.388002395629883 ], [ 62.400802612304744, 29.387001037597656 ], [ 62.499084472656364, 29.376485824584961 ], [ 62.5035400390625, 29.376403808593807 ], [ 63.113830566406364, 29.442148208618107 ], [ 63.116207122802848, 29.442590713500977 ], [ 63.295383453369141, 29.442378997802848 ], [ 63.299510955810661, 29.441999435424918 ], [ 63.367603302002067, 29.461555480956974 ], [ 63.374839782714844, 29.462339401245117 ], [ 63.661079406738224, 29.472360610961971 ], [ 63.664894104003849, 29.476406097412109 ], [ 63.96630859375, 29.426446914672908 ], [ 63.969501495361385, 29.42579269409174 ], [ 64.092208862304688, 29.364736557006893 ], [ 64.094345092773494, 29.363862991333065 ], [ 64.132560729980582, 29.36157417297369 ], [ 64.136070251464844, 29.361572265625114 ], [ 64.170364379882812, 29.39129829406744 ], [ 64.173538208007926, 29.396551132202205 ], [ 64.164779663086051, 29.432050704956112 ], [ 64.164543151855526, 29.434226989746207 ], [ 64.180923461914119, 29.456119537353459 ], [ 64.188667297363281, 29.461872100830078 ], [ 64.236839294433651, 29.47646522521984 ], [ 64.242713928222713, 29.478929519653434 ], [ 64.267959594726676, 29.505170822143668 ], [ 64.27005767822277, 29.506013870239371 ], [ 64.325004577636832, 29.504928588867244 ], [ 64.327293395996207, 29.505222320556697 ], [ 64.441154479980582, 29.536396026611442 ], [ 64.446189880371094, 29.537193298339901 ], [ 64.455482482910099, 29.564008712768612 ], [ 64.487617492675838, 29.571783065795898 ], [ 64.615676879882926, 29.580230712890625 ], [ 64.631927490234318, 29.581081390380859 ], [ 64.821701049804631, 29.56407356262207 ], [ 64.917274475097656, 29.556589126586857 ], [ 64.955253601074219, 29.566959381103516 ], [ 64.96136474609375, 29.56711387634283 ], [ 65.054008483886662, 29.534740447998047 ], [ 65.067047119140625, 29.536233901977539 ], [ 65.786857604980469, 29.725326538086051 ], [ 65.786308288574219, 29.700626373291129 ], [ 65.871086120605582, 29.741350173950252 ], [ 65.87509918212902, 29.743312835693473 ], [ 66.239372253418082, 29.832809448242244 ], [ 66.242050170898551, 29.83324241638195 ], [ 66.276878356933594, 29.849975585937557 ], [ 66.278884887695426, 29.851839065551871 ], [ 66.285247802734375, 29.868316650390682 ], [ 66.274528503417912, 29.878877639770621 ], [ 66.318908691406364, 29.912704467773438 ], [ 66.322601318359375, 29.91673469543457 ], [ 66.334175109863395, 29.885490417480526 ], [ 66.341445922851676, 29.865806579589901 ], [ 66.371925354003963, 29.84778022766119 ], [ 66.378532409667969, 29.848344802856502 ], [ 66.348190307617188, 29.807733535766715 ], [ 66.33707427978527, 29.790864944458008 ], [ 66.340179443359375, 29.701547622680607 ], [ 66.337379455566463, 29.686271667480469 ], [ 66.36240386962902, 29.645492553710938 ], [ 66.365234375000057, 29.62743186950695 ], [ 66.353279113769645, 29.58587837219244 ], [ 66.329803466796989, 29.568937301635742 ], [ 66.321266174316406, 29.551151275634766 ], [ 66.313507080078182, 29.4869384765625 ], [ 66.278427124023494, 29.427188873291016 ], [ 66.194526672363338, 29.365327835083008 ], [ 66.189262390136662, 29.351366043090763 ], [ 66.167007446289062, 29.373559951782283 ], [ 66.149681091308651, 29.363155364990291 ], [ 66.115608215332145, 29.307804107666072 ], [ 66.099052429199162, 29.282470703125 ], [ 65.963134765625057, 29.177726745605582 ], [ 65.941886901855412, 29.164834976196289 ], [ 65.724082946777344, 29.161211013793945 ], [ 65.711677551269531, 29.157985687255973 ], [ 65.683372497558651, 29.11295127868658 ], [ 65.677841186523494, 29.10636138916027 ], [ 65.622001647949332, 29.087718963623104 ], [ 65.61688232421875, 29.084377288818303 ], [ 65.601860046386719, 29.054632186889762 ], [ 65.593399047851676, 29.049140930175895 ], [ 65.536682128906307, 29.064563751220703 ], [ 65.516807556152401, 29.064424514770565 ], [ 65.459037780761776, 29.045015335083121 ], [ 65.451759338378906, 29.0430202484132 ], [ 65.3765869140625, 28.992654800415039 ], [ 65.367286682128963, 28.988306045532283 ], [ 65.346748352050895, 28.957521438598633 ], [ 65.334457397460938, 28.948242187500114 ], [ 65.236892700195426, 28.904695510864258 ], [ 65.220733642578125, 28.900463104248161 ], [ 65.184448242187614, 28.845239639282283 ], [ 65.1795654296875, 28.842134475708008 ], [ 65.068580627441406, 28.837141036987362 ], [ 65.057716369628963, 28.832988739013615 ], [ 65.022453308105526, 28.77187538146984 ], [ 65.015235900878963, 28.760812759399528 ], [ 64.958877563476562, 28.724199295044059 ], [ 64.945159912109375, 28.711627960205192 ], [ 64.831367492675838, 28.734996795654297 ], [ 64.823791503906193, 28.73485183715826 ], [ 64.760810852050895, 28.715307235717887 ], [ 64.754325866699332, 28.713327407837028 ], [ 64.700759887695426, 28.676101684570426 ], [ 64.689872741699332, 28.672180175781307 ], [ 64.63177490234375, 28.680133819580135 ], [ 64.619842529296932, 28.685014724731502 ], [ 64.558891296386719, 28.639068603515739 ], [ 64.553756713867188, 28.635955810546932 ], [ 64.454887390136832, 28.605310440063533 ], [ 64.447662353515568, 28.601692199707145 ], [ 64.410346984863281, 28.544822692871151 ], [ 64.401565551757812, 28.54071044921875 ], [ 64.327003479003906, 28.572723388671989 ], [ 64.312049865722599, 28.573371887207031 ], [ 64.293769836425781, 28.527999877929744 ], [ 64.293960571289062, 28.521507263183651 ], [ 64.235137939453239, 28.500434875488395 ], [ 64.227981567382812, 28.494499206543082 ], [ 64.137603759765625, 28.494882583618221 ], [ 64.131134033203182, 28.492208480834961 ], [ 64.111160278320426, 28.467924118042106 ], [ 64.106315612792969, 28.463422775268555 ], [ 64.065567016601619, 28.45081901550293 ], [ 64.058647155761776, 28.445816040039119 ], [ 64.045677185058651, 28.414937973022575 ], [ 64.040306091308594, 28.410427093505916 ], [ 63.956691741943359, 28.412557601928768 ], [ 63.937427520751953, 28.408481597900391 ], [ 63.821830749511832, 28.313699722290096 ], [ 63.815620422363281, 28.311260223388729 ], [ 63.691532135009766, 28.292892456054801 ], [ 63.681640625000114, 28.290847778320312 ], [ 63.560306549072266, 28.302471160888729 ], [ 63.552974700927848, 28.302566528320369 ], [ 63.430835723876953, 28.2703151702882 ], [ 63.406829833984318, 28.267305374145565 ], [ 63.340545654296932, 28.267910003662109 ], [ 63.333171844482422, 28.269163131713924 ], [ 63.296901702880859, 28.290988922119141 ], [ 63.290748596191463, 28.295284271240348 ], [ 63.235282897949276, 28.187469482421875 ], [ 63.212905883789062, 28.19145584106451 ], [ 63.207195281982536, 28.189723968505916 ], [ 63.068153381347656, 28.100290298462028 ], [ 63.062149047851676, 28.099479675293082 ], [ 62.877696990966797, 27.907527923584098 ], [ 62.870868682861385, 27.899274826049862 ], [ 62.808113098144474, 27.887178421020565 ], [ 62.802379608154354, 27.88588905334484 ], [ 62.771831512451172, 28.015052795410156 ], [ 62.76822662353527, 28.032405853271541 ], [ 62.796569824218807, 28.208948135376033 ], [ 62.791938781738281, 28.277097702026367 ], [ 62.619998931884766, 28.258190155029354 ], [ 62.592315673828182, 28.25512886047369 ], [ 62.44212722778326, 28.404792785644588 ], [ 62.439670562744254, 28.407129287719783 ], [ 62.342025756835938, 28.444486618042106 ], [ 62.296291351318359, 28.463451385498104 ], [ 62.115787506103629, 28.485099792480526 ], [ 62.043304443359375, 28.507888793945256 ], [ 61.822090148925838, 28.633022308349666 ], [ 61.804157257080192, 28.640169143676758 ], [ 61.651523590087947, 28.809930801391602 ], [ 61.640266418457031, 28.821624755859489 ], [ 61.539470672607422, 28.970752716064453 ], [ 61.504318237304688, 29.007545471191463 ], [ 61.505565643310604, 29.048055648803711 ], [ 61.503166198730469, 29.056407928466797 ], [ 61.478874206542912, 29.080551147460994 ], [ 61.477939605712947, 29.102762222290096 ], [ 61.443531036376953, 29.128122329711971 ], [ 61.415805816650504, 29.135641098022518 ], [ 61.422344207763672, 29.176595687866211 ], [ 61.428668975830078, 29.193780899047965 ], [ 61.390972137451229, 29.21361160278326 ], [ 61.383487701416016, 29.221462249755973 ], [ 61.363643646240234, 29.268745422363281 ], [ 61.357746124267635, 29.282783508300895 ], [ 61.373203277587947, 29.34703254699707 ], [ 61.372604370117301, 29.348672866821403 ], [ 61.234600067138786, 29.464958190918082 ], [ 61.192588806152287, 29.502494812011776 ], [ 60.899436950683537, 29.837495803833121 ] ] ] } },
{ "type": "Feature", "properties": { "GID_0": "PAK", "NAME_0": "Pakistan", "GID_1": "PAK.2_1", "NAME_1": "Baluchistan", "NL_NAME_1": null, "GID_2": "PAK.2.4_1", "NAME_2": "Quetta", "NL_NAME_2": null, "GID_3": "PAK.2.4.2_1", "NAME_3": "Pishin", "VARNAME_3": null, "NL_NAME_3": null, "TYPE_3": "District", "ENGTYPE_3": "District", "CC_3": null, "HASC_3": null }, "geometry": { "type": "Polygon", "coordinates": [ [ [ 66.372764587402344, 30.423286437988281 ], [ 66.462226867675781, 30.425296783447266 ], [ 66.504455566406307, 30.432334899902401 ], [ 66.638168334960994, 30.541416168212891 ], [ 66.659278869628906, 30.580123901367244 ], [ 66.726142883300895, 30.611793518066463 ], [ 66.782440185546989, 30.611793518066463 ], [ 66.814109802246037, 30.646982192993278 ], [ 66.817626953125057, 30.682170867919865 ], [ 66.785957336425838, 30.749027252197322 ], [ 66.785957336425838, 30.77013969421381 ], [ 66.856338500976619, 30.847553253173828 ], [ 66.895042419433594, 30.893299102783317 ], [ 66.926712036132812, 30.917930603027401 ], [ 66.986534118652287, 30.910892486572266 ], [ 67.007644653320369, 30.910892486572266 ], [ 67.056907653808707, 30.96015739440918 ], [ 67.070983886718864, 30.970712661743164 ], [ 67.09561920166027, 30.970712661743164 ], [ 67.155433654785213, 30.932006835937557 ], [ 67.201179504394531, 30.932006835937557 ], [ 67.246925354003906, 30.977750778198299 ], [ 67.289154052734432, 31.016458511352653 ], [ 67.292671203613224, 31.051645278930721 ], [ 67.292671203613224, 31.076278686523551 ], [ 67.384155273437557, 31.1748046875 ], [ 67.398468017578239, 31.198659896850643 ], [ 67.432662963867131, 31.203359603881836 ], [ 67.456108093261832, 31.205543518066463 ], [ 67.48480224609375, 31.191329956054631 ], [ 67.508819580078125, 31.182838439941463 ], [ 67.543571472168026, 31.188331604003906 ], [ 67.562118530273551, 31.197174072265682 ], [ 67.604743957519531, 31.157451629638786 ], [ 67.616706848144645, 31.140354156494141 ], [ 67.634666442871094, 31.141572952270621 ], [ 67.654624938964957, 31.147123336792049 ], [ 67.693893432617244, 31.131378173828182 ], [ 67.712409973144588, 31.127714157104606 ], [ 67.828811645507926, 31.137275695800838 ], [ 67.837120056152401, 31.137445449829102 ], [ 67.840370178222713, 31.122739791870174 ], [ 67.842231750488281, 31.112018585205135 ], [ 67.833930969238395, 31.082431793212947 ], [ 67.832397460937614, 31.071136474609489 ], [ 67.814743041992188, 31.065042495727596 ], [ 67.772682189941463, 31.058418273925781 ], [ 67.669326782226676, 30.926330566406307 ], [ 67.640167236328239, 30.900491714477653 ], [ 67.514747619628906, 30.856735229492301 ], [ 67.500282287597713, 30.852382659912166 ], [ 67.487968444824332, 30.837760925292969 ], [ 67.484161376953068, 30.816122055053711 ], [ 67.492088317871151, 30.783878326416016 ], [ 67.495300292968807, 30.774269104003963 ], [ 67.482093811035156, 30.739295959472599 ], [ 67.483528137207088, 30.718862533569336 ], [ 67.454399108886832, 30.699506759643612 ], [ 67.446395874023381, 30.694461822509822 ], [ 67.489074707031364, 30.679754257202148 ], [ 67.502288818359318, 30.679288864135799 ], [ 67.508712768554801, 30.660068511962891 ], [ 67.517181396484375, 30.652126312255916 ], [ 67.581169128418026, 30.655660629272575 ], [ 67.612121582031364, 30.651557922363224 ], [ 67.688751220703182, 30.671323776245231 ], [ 67.706695556640739, 30.666290283203125 ], [ 67.708084106445256, 30.644701004028434 ], [ 67.699081420898551, 30.63482666015625 ], [ 67.725601196289176, 30.612350463867244 ], [ 67.733734130859432, 30.587583541870231 ], [ 67.653083801269588, 30.585723876953239 ], [ 67.626800537109489, 30.578079223632926 ], [ 67.608634948730526, 30.536563873291072 ], [ 67.600242614746151, 30.528753280639705 ], [ 67.444587707519588, 30.582420349121151 ], [ 67.419342041015625, 30.574739456176701 ], [ 67.353004455566406, 30.541177749633789 ], [ 67.325645446777457, 30.526622772216854 ], [ 67.318336486816463, 30.496074676513672 ], [ 67.315727233886832, 30.483892440795898 ], [ 67.291870117187614, 30.460643768310604 ], [ 67.283843994140739, 30.44332313537592 ], [ 67.210220336914176, 30.410909652710018 ], [ 67.201202392578182, 30.400154113769645 ], [ 67.156318664550781, 30.399839401245174 ], [ 67.141494750976619, 30.397726058960018 ], [ 67.103622436523551, 30.341068267822322 ], [ 67.091384887695426, 30.338689804077262 ], [ 67.034217834472599, 30.348031997680721 ], [ 67.009323120117244, 30.348371505737418 ], [ 66.94931793212902, 30.444324493408146 ], [ 66.920127868652457, 30.43662071228033 ], [ 66.876480102539006, 30.404809951782227 ], [ 66.859443664550838, 30.381200790405387 ], [ 66.842353820800781, 30.325880050659293 ], [ 66.834236145019588, 30.30770301818842 ], [ 66.739517211914176, 30.177749633789176 ], [ 66.733749389648494, 30.174356460571403 ], [ 66.711601257324276, 30.169101715087891 ], [ 66.692428588867131, 30.17075157165533 ], [ 66.57080078125, 30.215927124023438 ], [ 66.560180664062557, 30.216766357421932 ], [ 66.550315856933707, 30.173847198486442 ], [ 66.541641235351619, 30.167482376098746 ], [ 66.401229858398438, 30.164304733276424 ], [ 66.379577636718864, 30.157655715942383 ], [ 66.34561920166027, 30.102333068847713 ], [ 66.338897705078182, 30.089462280273381 ], [ 66.268150329589901, 30.074541091919002 ], [ 66.239387512207145, 30.062555313110465 ], [ 66.257255554199276, 30.110683441162223 ], [ 66.258087158203239, 30.116111755371207 ], [ 66.30216217041027, 30.1460475921632 ], [ 66.303031921386776, 30.147878646850643 ], [ 66.297119140625057, 30.16931343078619 ], [ 66.296653747558537, 30.176267623901424 ], [ 66.330673217773494, 30.234453201294059 ], [ 66.33286285400402, 30.239053726196289 ], [ 66.353477478027457, 30.374376296997127 ], [ 66.353347778320312, 30.387756347656364 ], [ 66.372764587402344, 30.423286437988281 ] ] ] } },
{ "type": "Feature", "properties": { "GID_0": "PAK", "NAME_0": "Pakistan", "GID_1": "PAK.2_1", "NAME_1": "Baluchistan", "NL_NAME_1": null, "GID_2": "PAK.2.4_1", "NAME_2": "Quetta", "NL_NAME_2": null, "GID_3": "PAK.2.4.3_1", "NAME_3": "Qilla Abdullah", "VARNAME_3": null, "NL_NAME_3": null, "TYPE_3": "District", "ENGTYPE_3": "District", "CC_3": null, "HASC_3": null }, "geometry": { "type": "Polygon", "coordinates": [ [ [ 66.730300903320369, 31.212045669555664 ], [ 66.776245117187557, 31.209791183471623 ], [ 66.792907714843864, 31.21306228637701 ], [ 66.834976196289119, 31.264278411865348 ], [ 66.856582641601619, 31.278507232666072 ], [ 66.969123840332145, 31.312610626220703 ], [ 66.985656738281307, 31.312873840332031 ], [ 67.011726379394531, 31.302713394165153 ], [ 67.006538391113395, 31.293436050415039 ], [ 67.039062500000057, 31.294502258300895 ], [ 67.040573120117188, 31.29299354553234 ], [ 67.014060974121094, 31.23732948303234 ], [ 67.014236450195312, 31.234344482421932 ], [ 67.061843872070426, 31.203508377075252 ], [ 67.065757751464844, 31.202215194702148 ], [ 67.156234741211051, 31.210273742675781 ], [ 67.1591796875, 31.210054397583121 ], [ 67.276687622070312, 31.182472229003963 ], [ 67.279014587402401, 31.1816921234132 ], [ 67.394454956054744, 31.19810676574707 ], [ 67.398468017578239, 31.198659896850643 ], [ 67.320823669433651, 31.093872070312443 ], [ 67.292671203613224, 31.076278686523551 ], [ 67.292671203613224, 31.051645278930721 ], [ 67.289154052734432, 31.016458511352653 ], [ 67.246925354003906, 30.977750778198299 ], [ 67.201179504394531, 30.932006835937557 ], [ 67.155433654785213, 30.932006835937557 ], [ 67.09561920166027, 30.970712661743164 ], [ 67.070983886718864, 30.970712661743164 ], [ 67.032279968261832, 30.924968719482365 ], [ 67.007644653320369, 30.910892486572266 ], [ 66.944305419921932, 30.917930603027401 ], [ 66.926712036132812, 30.917930603027401 ], [ 66.856338500976619, 30.847553253173828 ], [ 66.831703186035156, 30.81236648559576 ], [ 66.803550720214901, 30.801809310913029 ], [ 66.785957336425838, 30.77013969421381 ], [ 66.800033569335938, 30.727914810180664 ], [ 66.817626953125057, 30.682170867919865 ], [ 66.814109802246037, 30.646982192993278 ], [ 66.782440185546989, 30.611793518066463 ], [ 66.726142883300895, 30.611793518066463 ], [ 66.659278869628906, 30.580123901367244 ], [ 66.638168334960994, 30.541416168212891 ], [ 66.567794799804744, 30.492153167724723 ], [ 66.543159484863338, 30.453445434570312 ], [ 66.504455566406307, 30.432334899902401 ], [ 66.412963867187614, 30.425296783447266 ], [ 66.372764587402344, 30.423286437988281 ], [ 66.378173828125057, 30.432418823242188 ], [ 66.380081176757869, 30.435260772705135 ], [ 66.358741760253963, 30.450038909912053 ], [ 66.356155395507756, 30.453239440917969 ], [ 66.372291564941463, 30.470903396606502 ], [ 66.376411437988281, 30.473049163818416 ], [ 66.36669921875, 30.489765167236328 ], [ 66.364059448242244, 30.495231628418026 ], [ 66.294853210449276, 30.535642623901424 ], [ 66.294464111328182, 30.53844070434576 ], [ 66.31833648681652, 30.632080078125114 ], [ 66.321083068847656, 30.643339157104492 ], [ 66.384574890136662, 30.756082534790153 ], [ 66.385147094726506, 30.758258819580192 ], [ 66.358551025390682, 30.783325195312614 ], [ 66.359092712402401, 30.786502838134709 ], [ 66.388374328613395, 30.836853027343807 ], [ 66.38968658447277, 30.838872909545898 ], [ 66.425476074218807, 30.852468490600643 ], [ 66.428474426269531, 30.85415077209484 ], [ 66.480552673339844, 30.917301177978629 ], [ 66.482368469238395, 30.919950485229549 ], [ 66.458763122558707, 30.920871734619197 ], [ 66.456748962402401, 30.921651840209961 ], [ 66.455085754394588, 30.933818817138729 ], [ 66.456604003906307, 30.935836791992244 ], [ 66.590354919433707, 30.959486007690543 ], [ 66.593048095703068, 30.96088981628418 ], [ 66.631126403808651, 30.991916656494084 ], [ 66.632453918457088, 30.993474960327262 ], [ 66.652702331543082, 31.035425186157227 ], [ 66.654518127441406, 31.037487030029411 ], [ 66.6884765625, 31.056890487670955 ], [ 66.69683837890625, 31.062126159668026 ], [ 66.739593505859375, 31.187976837158317 ], [ 66.740737915039062, 31.191793441772518 ], [ 66.730300903320369, 31.212045669555664 ] ] ] } },
{ "type": "Feature", "properties": { "GID_0": "PAK", "NAME_0": "Pakistan", "GID_1": "PAK.2_1", "NAME_1": "Baluchistan", "NL_NAME_1": null, "GID_2": "PAK.2.4_1", "NAME_2": "Quetta", "NL_NAME_2": null, "GID_3": "PAK.2.4.4_1", "NAME_3": "Quetta", "VARNAME_3": null, "NL_NAME_3": null, "TYPE_3": "District", "ENGTYPE_3": "District", "CC_3": null, "HASC_3": null }, "geometry": { "type": "Polygon", "coordinates": [ [ [ 66.239387512207145, 30.062555313110465 ], [ 66.320869445800724, 30.082530975341797 ], [ 66.338897705078182, 30.089462280273381 ], [ 66.365898132324219, 30.147424697876033 ], [ 66.379577636718864, 30.157655715942383 ], [ 66.499420166015625, 30.15717887878418 ], [ 66.519218444824332, 30.161308288574332 ], [ 66.541641235351619, 30.167482376098746 ], [ 66.550315856933707, 30.173847198486442 ], [ 66.553680419921932, 30.202039718627987 ], [ 66.560180664062557, 30.216766357421932 ], [ 66.726417541503906, 30.170984268188477 ], [ 66.733749389648494, 30.174356460571403 ], [ 66.790878295898438, 30.248575210571232 ], [ 66.82248687744152, 30.289113998413029 ], [ 66.847702026367188, 30.348722457885799 ], [ 66.859443664550838, 30.381200790405387 ], [ 66.920127868652457, 30.43662071228033 ], [ 66.94931793212902, 30.444324493408146 ], [ 66.997886657714901, 30.361490249633732 ], [ 67.009323120117244, 30.348371505737418 ], [ 67.075874328613338, 30.341678619384879 ], [ 67.091384887695426, 30.338689804077262 ], [ 67.103622436523551, 30.341068267822322 ], [ 67.113311767578182, 30.346260070800838 ], [ 67.13323974609375, 30.386034011840877 ], [ 67.141494750976619, 30.397726058960018 ], [ 67.180145263671875, 30.397663116455135 ], [ 67.201202392578182, 30.400154113769645 ], [ 67.235527038574276, 30.418436050415096 ], [ 67.255622863769645, 30.426946640014705 ], [ 67.251274108886662, 30.392820358276481 ], [ 67.250480651855582, 30.380571365356388 ], [ 67.225708007812614, 30.3719482421875 ], [ 67.222892761230469, 30.360929489135799 ], [ 67.235244750976676, 30.346828460693473 ], [ 67.257240295410156, 30.327754974365348 ], [ 67.31671142578125, 30.307195663452262 ], [ 67.322013854980582, 30.302076339721623 ], [ 67.319351196289176, 30.28271484375 ], [ 67.306404113769474, 30.265567779541129 ], [ 67.264999389648551, 30.231126785278377 ], [ 67.253196716308594, 30.220184326171932 ], [ 67.214744567871151, 30.201133728027401 ], [ 67.1937255859375, 30.18518257141119 ], [ 67.128166198730526, 30.171699523925781 ], [ 67.111671447753906, 30.165782928466854 ], [ 67.086410522460994, 30.12100791931158 ], [ 67.083389282226676, 30.103271484375057 ], [ 67.053733825683594, 30.097108840942496 ], [ 67.030517578125057, 30.084463119506836 ], [ 67.028648376464957, 30.063440322875977 ], [ 67.029067993164006, 30.047899246215934 ], [ 66.995536804199219, 30.042320251464957 ], [ 66.953445434570369, 30.049545288086051 ], [ 66.886634826660156, 30.024429321289062 ], [ 66.864898681640625, 30.026077270507926 ], [ 66.862594604492188, 30.045862197875977 ], [ 66.867439270019588, 30.068656921386832 ], [ 66.842834472656307, 30.101472854614371 ], [ 66.837211608886719, 30.115806579589844 ], [ 66.763229370117188, 30.149568557739371 ], [ 66.747032165527344, 30.148941040039176 ], [ 66.692588806152457, 30.048503875732536 ], [ 66.675140380859432, 30.030912399291992 ], [ 66.671218872070426, 29.975509643554744 ], [ 66.659721374511776, 29.947513580322266 ], [ 66.626167297363338, 29.913410186767635 ], [ 66.612525939941406, 29.902416229248161 ], [ 66.61533355712902, 29.887960433960075 ], [ 66.620735168457031, 29.86995887756359 ], [ 66.59576416015625, 29.813215255737418 ], [ 66.576225280761832, 29.800807952880859 ], [ 66.551918029785156, 29.800569534301758 ], [ 66.536743164062614, 29.803775787353629 ], [ 66.504508972168082, 29.838006973266658 ], [ 66.489463806152457, 29.846317291259879 ], [ 66.371925354003963, 29.84778022766119 ], [ 66.356422424316463, 29.853677749633846 ], [ 66.327850341796932, 29.901615142822322 ], [ 66.322601318359375, 29.91673469543457 ], [ 66.361946105957031, 29.968135833740291 ], [ 66.361503601074162, 29.972019195556754 ], [ 66.239387512207145, 30.062555313110465 ] ] ] } },
{ "type": "Feature", "properties": { "GID_0": "PAK", "NAME_0": "Pakistan", "GID_1": "PAK.2_1", "NAME_1": "Baluchistan", "NL_NAME_1": null, "GID_2": "PAK.2.5_1", "NAME_2": "Sibi", "NL_NAME_2": null, "GID_3": "PAK.2.5.1_1", "NAME_3": "Dera Bugti", "VARNAME_3": null, "NL_NAME_3": null, "TYPE_3": "District", "ENGTYPE_3": "District", "CC_3": null, "HASC_3": null }, "geometry": { "type": "Polygon", "coordinates": [ [ [ 68.480888366699332, 28.630123138427791 ], [ 68.456649780273494, 28.658773422241211 ], [ 68.441474914550781, 28.726942062378043 ], [ 68.399795532226619, 28.995010375976676 ], [ 68.397850036621094, 29.027505874633789 ], [ 68.301971435546932, 29.136737823486385 ], [ 68.289787292480582, 29.148748397827148 ], [ 68.290153503418082, 29.198534011840934 ], [ 68.296310424804631, 29.202949523925781 ], [ 68.423072814941463, 29.194311141967773 ], [ 68.462448120117131, 29.1929225921632 ], [ 68.543533325195312, 29.213689804077262 ], [ 68.566329956054744, 29.224699020385799 ], [ 68.595191955566349, 29.220207214355526 ], [ 68.606826782226506, 29.219331741333121 ], [ 68.658042907714901, 29.257133483886719 ], [ 68.682525634765739, 29.259281158447209 ], [ 68.916984558105469, 29.215808868408203 ], [ 68.928733825683707, 29.211456298828239 ], [ 68.991378784179688, 29.249549865722713 ], [ 69.019325256347713, 29.259681701660213 ], [ 69.150375366211051, 29.242553710937614 ], [ 69.165496826171818, 29.244104385376033 ], [ 69.237808227539062, 29.307336807250977 ], [ 69.272567749023494, 29.342706680297908 ], [ 69.293861389160099, 29.343114852905273 ], [ 69.425544738769588, 29.429035186767521 ], [ 69.472396850585938, 29.461896896362248 ], [ 69.487693786621094, 29.509071350097656 ], [ 69.481033325195312, 29.522739410400391 ], [ 69.411331176757926, 29.53677940368658 ], [ 69.405708312988338, 29.55643272399908 ], [ 69.412559509277344, 29.588386535644645 ], [ 69.479812622070426, 29.654577255249023 ], [ 69.593574523925838, 29.685758590698356 ], [ 69.585960388183651, 29.672212600708008 ], [ 69.580398559570312, 29.65628814697277 ], [ 69.565979003906364, 29.659297943115234 ], [ 69.558380126953239, 29.651525497436523 ], [ 69.562385559082145, 29.566999435424805 ], [ 69.56504058837902, 29.543985366821403 ], [ 69.528480529785156, 29.449417114257812 ], [ 69.527976989746151, 29.4313259124757 ], [ 69.556457519531364, 29.438539505004883 ], [ 69.582702636718807, 29.438594818115234 ], [ 69.609794616699276, 29.421234130859432 ], [ 69.62750244140625, 29.403089523315543 ], [ 69.636672973632812, 29.386936187744141 ], [ 69.617149353027287, 29.347097396850586 ], [ 69.613487243652457, 29.333230972290153 ], [ 69.640594482421989, 29.296146392822266 ], [ 69.643524169921875, 29.273824691772404 ], [ 69.732910156250114, 29.311647415161246 ], [ 69.736137390136832, 29.291410446166992 ], [ 69.703849792480526, 29.216962814331168 ], [ 69.702743530273551, 29.172426223754996 ], [ 69.669441223144531, 29.123056411743107 ], [ 69.672431945800895, 29.105373382568359 ], [ 69.639984130859489, 29.101703643798942 ], [ 69.609275817871207, 29.087562561035156 ], [ 69.549079895019531, 29.008213043212947 ], [ 69.541519165039119, 28.982805252075309 ], [ 69.463607788085881, 28.941787719726676 ], [ 69.452667236328182, 28.924089431762809 ], [ 69.439720153808707, 28.87486648559576 ], [ 69.433700561523438, 28.864749908447322 ], [ 69.481979370117188, 28.84961128234869 ], [ 69.486389160156307, 28.817752838134766 ], [ 69.392364501953182, 28.648200988769588 ], [ 69.372642517089844, 28.613470077514762 ], [ 69.277961730957088, 28.580600738525504 ], [ 69.26175689697277, 28.569948196411133 ], [ 69.294830322265625, 28.496570587158203 ], [ 69.348686218261776, 28.456981658935604 ], [ 68.926971435546932, 28.455963134765739 ], [ 68.829948425293082, 28.468185424804801 ], [ 68.649688720703239, 28.540554046630973 ], [ 68.480888366699332, 28.630123138427791 ] ] ] } },
{ "type": "Feature", "properties": { "GID_0": "PAK", "NAME_0": "Pakistan", "GID_1": "PAK.2_1", "NAME_1": "Baluchistan", "NL_NAME_1": null, "GID_2": "PAK.2.5_1", "NAME_2": "Sibi", "NL_NAME_2": null, "GID_3": "PAK.2.5.2_1", "NAME_3": "Kholu", "VARNAME_3": null, "NL_NAME_3": null, "TYPE_3": "District", "ENGTYPE_3": "District", "CC_3": null, "HASC_3": null }, "geometry": { "type": "Polygon", "coordinates": [ [ [ 68.17801666259777, 29.36179351806652 ], [ 68.094299316406364, 29.388654708862248 ], [ 68.145103454589844, 29.501604080200309 ], [ 68.246269226074276, 29.580778121948242 ], [ 68.263862609863395, 29.608930587768668 ], [ 68.344795227050781, 29.637079238891545 ], [ 68.394058227539119, 29.647636413574276 ], [ 68.471473693847656, 29.703937530517578 ], [ 68.503143310546932, 29.735607147216797 ], [ 68.513702392578239, 29.798946380615291 ], [ 68.503143310546932, 29.834133148193473 ], [ 68.443321228027457, 29.872840881347656 ], [ 68.397575378418082, 29.88691520690918 ], [ 68.383506774902344, 29.915067672729606 ], [ 68.387023925781307, 29.967849731445369 ], [ 68.398704528808707, 30.005218505859375 ], [ 68.416770935058651, 29.990854263305778 ], [ 68.451255798339844, 29.954895019531307 ], [ 68.555389404296875, 29.903739929199219 ], [ 68.620132446289176, 29.906784057617188 ], [ 68.711532592773551, 29.920238494873047 ], [ 68.732597351074276, 29.921348571777401 ], [ 68.862350463867244, 30.004558563232479 ], [ 68.884254455566463, 30.013051986694393 ], [ 68.904029846191406, 30.01420783996582 ], [ 68.93674468994152, 30.008884429931641 ], [ 68.960945129394588, 29.980932235717773 ], [ 68.978515625000114, 29.97336387634283 ], [ 69.073387145996094, 29.977197647094727 ], [ 69.098518371582145, 29.976312637329158 ], [ 69.12711334228527, 29.989433288574276 ], [ 69.155578613281193, 30.005569458007812 ], [ 69.302032470703239, 30.014070510864315 ], [ 69.328941345214957, 30.01242637634283 ], [ 69.366966247558594, 30.051156997680778 ], [ 69.385391235351676, 30.063014984130973 ], [ 69.445587158203182, 30.074790954589844 ], [ 69.454429626464957, 30.075405120849723 ], [ 69.440147399902287, 30.010128021240291 ], [ 69.439514160156307, 29.995557785034293 ], [ 69.361259460449276, 29.891538619995174 ], [ 69.342254638671989, 29.87228965759283 ], [ 69.327461242675781, 29.866325378417969 ], [ 69.263198852539062, 29.85052490234375 ], [ 69.172439575195369, 29.780763626098633 ], [ 69.134040832519531, 29.757101058960075 ], [ 69.036140441894645, 29.717962265014705 ], [ 69.040397644042969, 29.704351425170898 ], [ 69.106483459472713, 29.673067092895565 ], [ 69.178604125976676, 29.63740348815918 ], [ 69.248588562011776, 29.624048233032283 ], [ 69.325607299804744, 29.617162704467773 ], [ 69.450088500976562, 29.692684173583984 ], [ 69.47519683837902, 29.703147888183651 ], [ 69.588203430175781, 29.706344604492244 ], [ 69.600914001464957, 29.698816299438533 ], [ 69.444473266601619, 29.629650115966911 ], [ 69.412559509277344, 29.588386535644645 ], [ 69.405708312988338, 29.55643272399908 ], [ 69.411331176757926, 29.53677940368658 ], [ 69.470352172851562, 29.527748107910099 ], [ 69.481033325195312, 29.522739410400391 ], [ 69.484565734863395, 29.49088287353527 ], [ 69.472396850585938, 29.461896896362248 ], [ 69.293861389160099, 29.343114852905273 ], [ 69.272567749023494, 29.342706680297908 ], [ 69.185523986816349, 29.257064819336051 ], [ 69.165496826171818, 29.244104385376033 ], [ 69.034103393554688, 29.259393692016715 ], [ 69.019325256347713, 29.259681701660213 ], [ 68.941810607910156, 29.213775634765739 ], [ 68.928733825683707, 29.211456298828239 ], [ 68.721038818359489, 29.255840301513786 ], [ 68.682525634765739, 29.259281158447209 ], [ 68.623535156250057, 29.227544784545898 ], [ 68.606826782226506, 29.219331741333121 ], [ 68.543533325195312, 29.213689804077262 ], [ 68.462448120117131, 29.1929225921632 ], [ 68.353538513183537, 29.241697311401424 ], [ 68.17801666259777, 29.36179351806652 ] ] ] } },
{ "type": "Feature", "properties": { "GID_0": "PAK", "NAME_0": "Pakistan", "GID_1": "PAK.2_1", "NAME_1": "Baluchistan", "NL_NAME_1": null, "GID_2": "PAK.2.5_1", "NAME_2": "Sibi", "NL_NAME_2": null, "GID_3": "PAK.2.5.3_1", "NAME_3": "Sibi", "VARNAME_3": null, "NL_NAME_3": null, "TYPE_3": "District", "ENGTYPE_3": "District", "CC_3": null, "HASC_3": null }, "geometry": { "type": "Polygon", "coordinates": [ [ [ 67.875274658203182, 30.344722747802848 ], [ 67.874656677246094, 30.325441360473576 ], [ 67.954246520996151, 30.288585662841854 ], [ 68.027076721191463, 30.263086318969727 ], [ 68.08914947509777, 30.264604568481388 ], [ 68.099075317382926, 30.260084152221793 ], [ 68.092910766601619, 30.243856430053825 ], [ 68.096061706542969, 30.232860565185547 ], [ 68.173294067382756, 30.195392608642692 ], [ 68.201606750488338, 30.178413391113338 ], [ 68.201972961425838, 30.15709114074707 ], [ 68.213134765625114, 30.139556884765682 ], [ 68.280708312988281, 30.106599807739315 ], [ 68.309616088867301, 30.09724235534668 ], [ 68.357223510742188, 30.058734893798885 ], [ 68.372543334960994, 30.053098678588924 ], [ 68.382926940917969, 30.017757415771541 ], [ 68.398704528808707, 30.005218505859375 ], [ 68.383506774902344, 29.915067672729606 ], [ 68.397575378418082, 29.88691520690918 ], [ 68.503143310546932, 29.834133148193473 ], [ 68.513702392578239, 29.798946380615291 ], [ 68.503143310546932, 29.735607147216797 ], [ 68.471473693847656, 29.703937530517578 ], [ 68.425727844238338, 29.679306030273494 ], [ 68.394058227539119, 29.647636413574276 ], [ 68.302574157714957, 29.623004913330192 ], [ 68.263862609863395, 29.608930587768668 ], [ 68.168853759765739, 29.517440795898381 ], [ 68.145103454589844, 29.501604080200309 ], [ 68.094299316406364, 29.388654708862248 ], [ 68.17801666259777, 29.36179351806652 ], [ 68.170280456542969, 29.35215950012207 ], [ 68.125556945800895, 29.326404571533317 ], [ 68.098350524902344, 29.321340560913086 ], [ 68.015235900878906, 29.354846954345646 ], [ 67.996963500976619, 29.364061355590877 ], [ 67.903312683105526, 29.323122024536246 ], [ 67.893615722656364, 29.326707839965934 ], [ 67.883125305175895, 29.377340316772575 ], [ 67.880889892578068, 29.403360366821346 ], [ 67.810188293457031, 29.477193832397461 ], [ 67.796760559082145, 29.496427536010742 ], [ 67.775077819824219, 29.587757110595703 ], [ 67.766700744628906, 29.597780227661246 ], [ 67.744461059570426, 29.587678909301701 ], [ 67.692382812500057, 29.577470779419002 ], [ 67.69260406494152, 29.617998123169059 ], [ 67.684333801269588, 29.630565643310604 ], [ 67.576576232910213, 29.628805160522461 ], [ 67.557312011718807, 29.633190155029297 ], [ 67.526771545410213, 29.747299194335938 ], [ 67.527015686035213, 29.776475906372184 ], [ 67.501678466796989, 29.825778961181641 ], [ 67.489433288574276, 29.842424392700252 ], [ 67.486854553222656, 29.872394561767635 ], [ 67.516159057617301, 29.88965988159174 ], [ 67.523902893066406, 29.906526565551815 ], [ 67.466690063476619, 29.972566604614371 ], [ 67.448837280273551, 29.993797302246151 ], [ 67.448616027832088, 30.112545013427791 ], [ 67.442512512207088, 30.150747299194393 ], [ 67.429374694824332, 30.170667648315373 ], [ 67.415504455566349, 30.173934936523551 ], [ 67.399909973144531, 30.161514282226676 ], [ 67.39111328125, 30.156034469604492 ], [ 67.335334777832145, 30.16217041015625 ], [ 67.318962097168082, 30.167379379272575 ], [ 67.274536132812614, 30.237043380737248 ], [ 67.263099670410099, 30.236520767212028 ], [ 67.278091430664119, 30.253131866455135 ], [ 67.306404113769474, 30.265567779541129 ], [ 67.322013854980582, 30.302076339721623 ], [ 67.31671142578125, 30.307195663452262 ], [ 67.370086669921989, 30.319730758667049 ], [ 67.391197204589901, 30.326768875122184 ], [ 67.500282287597713, 30.30213737487793 ], [ 67.538986206054744, 30.295099258422965 ], [ 67.598808288574219, 30.30213737487793 ], [ 67.626960754394588, 30.305656433105526 ], [ 67.700851440429688, 30.28806114196783 ], [ 67.757156372070312, 30.28806114196783 ], [ 67.799377441406307, 30.295099258422965 ], [ 67.875274658203182, 30.344722747802848 ] ] ] } },
{ "type": "Feature", "properties": { "GID_0": "PAK", "NAME_0": "Pakistan", "GID_1": "PAK.2_1", "NAME_1": "Baluchistan", "NL_NAME_1": null, "GID_2": "PAK.2.5_1", "NAME_2": "Sibi", "NL_NAME_2": null, "GID_3": "PAK.2.5.4_1", "NAME_3": "Ziarat", "VARNAME_3": null, "NL_NAME_3": null, "TYPE_3": "District", "ENGTYPE_3": "District", "CC_3": null, "HASC_3": null }, "geometry": { "type": "Polygon", "coordinates": [ [ [ 67.255622863769645, 30.426946640014705 ], [ 67.304199218750057, 30.475496292114371 ], [ 67.315727233886832, 30.483892440795898 ], [ 67.315803527832031, 30.509366989135856 ], [ 67.325645446777457, 30.526622772216854 ], [ 67.353004455566406, 30.541177749633789 ], [ 67.419342041015625, 30.574739456176701 ], [ 67.444587707519588, 30.582420349121151 ], [ 67.467857360839901, 30.580442428588924 ], [ 67.584014892578182, 30.531410217285156 ], [ 67.600242614746151, 30.528753280639705 ], [ 67.625061035156364, 30.562158584594727 ], [ 67.626800537109489, 30.578079223632926 ], [ 67.710235595703125, 30.587413787841797 ], [ 67.729011535644645, 30.589530944824332 ], [ 67.745620727539176, 30.566015243530387 ], [ 67.739501953125114, 30.52708625793457 ], [ 67.812896728515682, 30.479099273681641 ], [ 67.822433471679744, 30.459770202636776 ], [ 67.828758239746151, 30.438470840454158 ], [ 67.802436828613338, 30.376628875732422 ], [ 67.800041198730469, 30.369300842285156 ], [ 67.874122619628963, 30.348854064941349 ], [ 67.875274658203182, 30.344722747802848 ], [ 67.799377441406307, 30.295099258422965 ], [ 67.757156372070312, 30.28806114196783 ], [ 67.47564697265625, 30.305656433105526 ], [ 67.429901123046932, 30.326768875122184 ], [ 67.331375122070426, 30.312694549560661 ], [ 67.31671142578125, 30.307195663452262 ], [ 67.235244750976676, 30.346828460693473 ], [ 67.222892761230469, 30.360929489135799 ], [ 67.237373352050781, 30.377559661865178 ], [ 67.250480651855582, 30.380571365356388 ], [ 67.255622863769645, 30.426946640014705 ] ] ] } },
{ "type": "Feature", "properties": { "GID_0": "PAK", "NAME_0": "Pakistan", "GID_1": "PAK.2_1", "NAME_1": "Baluchistan", "NL_NAME_1": null, "GID_2": "PAK.2.6_1", "NAME_2": "Zhob", "NL_NAME_2": null, "GID_3": "PAK.2.6.1_1", "NAME_3": "Barkhan", "VARNAME_3": null, "NL_NAME_3": null, "TYPE_3": "District", "ENGTYPE_3": "District", "CC_3": null, "HASC_3": null }, "geometry": { "type": "Polygon", "coordinates": [ [ [ 69.950798034667969, 30.289838790893668 ], [ 70.016448974609432, 30.291563034057731 ], [ 70.048324584960994, 30.271343231201172 ], [ 69.940689086914062, 30.251207351684684 ], [ 69.938194274902344, 30.244749069213924 ], [ 70.044120788574276, 30.243320465087891 ], [ 70.041404724121094, 30.232467651367301 ], [ 70.004592895507812, 30.181062698364201 ], [ 69.999374389648551, 30.149816513061637 ], [ 69.952133178710938, 30.099504470825252 ], [ 69.965774536132926, 30.07747840881359 ], [ 69.934631347656307, 30.049886703491325 ], [ 69.890823364257926, 29.996038436889705 ], [ 69.827301025390739, 29.845039367675838 ], [ 69.805953979492301, 29.808940887451286 ], [ 69.759101867675781, 29.788555145263786 ], [ 69.693351745605526, 29.735977172851676 ], [ 69.604316711425895, 29.704875946044922 ], [ 69.600914001464957, 29.698816299438533 ], [ 69.502098083496207, 29.707063674926871 ], [ 69.47519683837902, 29.703147888183651 ], [ 69.343460083007812, 29.627883911132756 ], [ 69.325607299804744, 29.617162704467773 ], [ 69.197334289550895, 29.632574081421012 ], [ 69.178604125976676, 29.63740348815918 ], [ 69.036140441894645, 29.717962265014705 ], [ 69.034027099609489, 29.724727630615234 ], [ 69.092178344726619, 29.743289947509822 ], [ 69.134040832519531, 29.757101058960075 ], [ 69.238304138183707, 29.833103179931697 ], [ 69.263198852539062, 29.85052490234375 ], [ 69.327461242675781, 29.866325378417969 ], [ 69.342254638671989, 29.87228965759283 ], [ 69.39261627197277, 29.926101684570369 ], [ 69.426177978515739, 29.969621658325252 ], [ 69.45157623291027, 30.039834976196346 ], [ 69.460723876953239, 30.064990997314453 ], [ 69.454429626464957, 30.075405120849723 ], [ 69.395332336425724, 30.063648223876953 ], [ 69.400444030761832, 30.087488174438533 ], [ 69.498970031738338, 30.200090408325309 ], [ 69.527122497558537, 30.214166641235408 ], [ 69.541198730468864, 30.210647583007869 ], [ 69.527122497558537, 30.157865524292106 ], [ 69.516563415527401, 30.129714965820312 ], [ 69.548233032226619, 30.119159698486328 ], [ 69.572868347168082, 30.129714965820312 ], [ 69.597496032714957, 30.154346466064567 ], [ 69.625648498535213, 30.256393432617188 ], [ 69.625648498535213, 30.281024932861442 ], [ 69.664352416992244, 30.333806991577148 ], [ 69.662406921386719, 30.343557357788143 ], [ 69.685470581054688, 30.347881317138729 ], [ 69.717140197753906, 30.319730758667049 ], [ 69.717140197753906, 30.281024932861442 ], [ 69.727691650390682, 30.273986816406307 ], [ 69.755844116210938, 30.270467758178711 ], [ 69.801589965820256, 30.323249816894645 ], [ 69.829742431640682, 30.326768875122184 ], [ 69.84381103515625, 30.326768875122184 ], [ 69.854370117187614, 30.305656433105526 ], [ 69.861412048339901, 30.256393432617188 ], [ 69.882522583007812, 30.249355316162223 ], [ 69.921226501464844, 30.252874374389592 ], [ 69.950798034667969, 30.289838790893668 ] ] ] } },
{ "type": "Feature", "properties": { "GID_0": "PAK", "NAME_0": "Pakistan", "GID_1": "PAK.2_1", "NAME_1": "Baluchistan", "NL_NAME_1": null, "GID_2": "PAK.2.6_1", "NAME_2": "Zhob", "NL_NAME_2": null, "GID_3": "PAK.2.6.2_1", "NAME_3": "Loralai", "VARNAME_3": null, "NL_NAME_3": null, "TYPE_3": "District", "ENGTYPE_3": "District", "CC_3": null, "HASC_3": null }, "geometry": { "type": "Polygon", "coordinates": [ [ [ 69.395332336425724, 30.063648223876953 ], [ 69.346298217773551, 30.035440444946346 ], [ 69.328941345214957, 30.01242637634283 ], [ 69.197990417480526, 30.008243560791129 ], [ 69.155578613281193, 30.005569458007812 ], [ 69.12711334228527, 29.989433288574276 ], [ 69.098518371582145, 29.976312637329158 ], [ 69.014305114746094, 29.973028182983512 ], [ 68.978515625000114, 29.97336387634283 ], [ 68.952949523925838, 29.993951797485295 ], [ 68.93674468994152, 30.008884429931641 ], [ 68.904029846191406, 30.01420783996582 ], [ 68.884254455566463, 30.013051986694393 ], [ 68.773178100585938, 29.941459655761719 ], [ 68.732597351074276, 29.921348571777401 ], [ 68.555389404296875, 29.903739929199219 ], [ 68.522308349609489, 29.912549972534293 ], [ 68.398704528808707, 30.005218505859375 ], [ 68.382926940917969, 30.017757415771541 ], [ 68.381690979003963, 30.042816162109432 ], [ 68.372543334960994, 30.053098678588924 ], [ 68.329109191894645, 30.080341339111442 ], [ 68.309616088867301, 30.09724235534668 ], [ 68.246177673339844, 30.118009567260856 ], [ 68.213134765625114, 30.139556884765682 ], [ 68.201972961425838, 30.15709114074707 ], [ 68.201606750488338, 30.178413391113338 ], [ 68.092910766601619, 30.243856430053825 ], [ 68.099075317382926, 30.260084152221793 ], [ 68.027076721191463, 30.263086318969727 ], [ 67.954246520996151, 30.288585662841854 ], [ 67.874656677246094, 30.325441360473576 ], [ 67.875274658203182, 30.344722747802848 ], [ 67.874122619628963, 30.348854064941349 ], [ 67.814697265625114, 30.360445022583065 ], [ 67.800041198730469, 30.369300842285156 ], [ 67.828758239746151, 30.438470840454158 ], [ 67.822433471679744, 30.459770202636776 ], [ 67.812896728515682, 30.479099273681641 ], [ 67.795654296875, 30.494068145752067 ], [ 67.755638122558594, 30.510534286499137 ], [ 67.739501953125114, 30.52708625793457 ], [ 67.733734130859432, 30.587583541870231 ], [ 67.725601196289176, 30.612350463867244 ], [ 67.802108764648551, 30.60571479797369 ], [ 67.819396972656307, 30.603485107421818 ], [ 67.928207397460938, 30.641107559204045 ], [ 67.935165405273494, 30.645957946777401 ], [ 67.967559814453182, 30.585983276367188 ], [ 67.982574462890625, 30.573410034179688 ], [ 68.119911193847656, 30.598909378051871 ], [ 68.1502685546875, 30.598997116088981 ], [ 68.218597412109432, 30.5655517578125 ], [ 68.242027282714901, 30.561481475830078 ], [ 68.319503784179744, 30.576816558837947 ], [ 68.339691162109432, 30.581663131713981 ], [ 68.432548522949219, 30.53947639465332 ], [ 68.449317932128906, 30.537263870239315 ], [ 68.663017272949276, 30.570726394653263 ], [ 68.677421569824219, 30.573692321777457 ], [ 68.755409240722599, 30.506088256835938 ], [ 68.797691345214901, 30.505987167358398 ], [ 69.093513488769588, 30.654682159423942 ], [ 69.100418090820426, 30.658143997192383 ], [ 69.095832824707145, 30.671972274780273 ], [ 69.087211608886776, 30.682466506958121 ], [ 69.122329711914176, 30.684471130371151 ], [ 69.164344787597599, 30.678125381469727 ], [ 69.174438476562614, 30.642099380493164 ], [ 69.179748535156364, 30.627088546752873 ], [ 69.279922485351676, 30.615913391113281 ], [ 69.294166564941463, 30.615179061889705 ], [ 69.35247802734375, 30.560544967651367 ], [ 69.363319396972656, 30.547422409057617 ], [ 69.452621459960994, 30.489379882812614 ], [ 69.471725463867244, 30.469480514526424 ], [ 69.485923767089787, 30.479635238647575 ], [ 69.490180969238281, 30.48686408996582 ], [ 69.639724731445312, 30.361957550048828 ], [ 69.660835266113224, 30.351400375366268 ], [ 69.662406921386719, 30.343557357788143 ], [ 69.664352416992244, 30.333806991577148 ], [ 69.639724731445312, 30.30213737487793 ], [ 69.625648498535213, 30.281024932861442 ], [ 69.625648498535213, 30.256393432617188 ], [ 69.62213134765625, 30.214166641235408 ], [ 69.604537963867301, 30.18249702453619 ], [ 69.597496032714957, 30.154346466064567 ], [ 69.548233032226619, 30.119159698486328 ], [ 69.52008056640625, 30.119159698486328 ], [ 69.541198730468864, 30.210647583007869 ], [ 69.527122497558537, 30.214166641235408 ], [ 69.498970031738338, 30.200090408325309 ], [ 69.428596496582088, 30.108602523803768 ], [ 69.400444030761832, 30.087488174438533 ], [ 69.395332336425724, 30.063648223876953 ] ] ] } },
{ "type": "Feature", "properties": { "GID_0": "PAK", "NAME_0": "Pakistan", "GID_1": "PAK.2_1", "NAME_1": "Baluchistan", "NL_NAME_1": null, "GID_2": "PAK.2.6_1", "NAME_2": "Zhob", "NL_NAME_2": null, "GID_3": "PAK.2.6.3_1", "NAME_3": "Musakhel", "VARNAME_3": null, "NL_NAME_3": null, "TYPE_3": "District", "ENGTYPE_3": "District", "CC_3": null, "HASC_3": null }, "geometry": { "type": "Polygon", "coordinates": [ [ [ 70.216728210449276, 31.066802978515625 ], [ 70.243026733398494, 31.047281265258846 ], [ 70.229934692382926, 30.902690887451172 ], [ 70.224189758300838, 30.893730163574332 ], [ 70.250915527343864, 30.88960075378418 ], [ 70.260810852050838, 30.888286590576229 ], [ 70.261871337890625, 30.866689682006836 ], [ 70.258094787597713, 30.843544006347713 ], [ 70.224327087402344, 30.841518402099666 ], [ 70.20159912109375, 30.843959808349609 ], [ 70.179344177246151, 30.80021858215332 ], [ 70.178756713867244, 30.774934768676815 ], [ 70.151145935058651, 30.773044586181697 ], [ 70.127059936523494, 30.773883819580192 ], [ 70.123039245605469, 30.752830505371037 ], [ 70.11856842041027, 30.738281250000114 ], [ 70.09226226806652, 30.733121871948356 ], [ 70.070098876953239, 30.71722412109375 ], [ 70.070625305175838, 30.653867721557674 ], [ 70.079750061035156, 30.634466171264705 ], [ 70.033416748046932, 30.550027847290096 ], [ 69.979957580566406, 30.432285308838004 ], [ 70.001762390136776, 30.420343399047908 ], [ 70.002586364746207, 30.401071548461971 ], [ 70.000495910644645, 30.36281776428234 ], [ 69.939849853515739, 30.33243560791027 ], [ 69.92425537109375, 30.30622482299799 ], [ 69.920135498046932, 30.298168182373161 ], [ 69.920730590820369, 30.282148361206112 ], [ 69.950798034667969, 30.289838790893668 ], [ 69.921226501464844, 30.252874374389592 ], [ 69.882522583007812, 30.249355316162223 ], [ 69.861412048339901, 30.256393432617188 ], [ 69.854370117187614, 30.305656433105526 ], [ 69.84381103515625, 30.326768875122184 ], [ 69.829742431640682, 30.326768875122184 ], [ 69.801589965820256, 30.323249816894645 ], [ 69.755844116210938, 30.270467758178711 ], [ 69.727691650390682, 30.273986816406307 ], [ 69.717140197753906, 30.319730758667049 ], [ 69.685470581054688, 30.347881317138729 ], [ 69.662406921386719, 30.343557357788143 ], [ 69.604537963867301, 30.383069992065487 ], [ 69.558792114257756, 30.421777725219727 ], [ 69.523605346679744, 30.453445434570312 ], [ 69.490180969238281, 30.48686408996582 ], [ 69.476379394531364, 30.528148651123104 ], [ 69.471481323242188, 30.534807205200252 ], [ 69.448768615722656, 30.531671524047852 ], [ 69.434486389160156, 30.531478881835994 ], [ 69.418975830078068, 30.54453277587902 ], [ 69.408096313476676, 30.568542480468864 ], [ 69.43865966796875, 30.614717483520565 ], [ 69.461235046386776, 30.632450103759766 ], [ 69.469024658203182, 30.72135162353527 ], [ 69.471466064453125, 30.741416931152344 ], [ 69.495864868164062, 30.759317398071403 ], [ 69.591827392578125, 30.859004974365234 ], [ 69.632438659667969, 30.956708908081055 ], [ 69.664947509765682, 31.017637252807674 ], [ 69.655609130859432, 31.064985275268668 ], [ 69.654937744140625, 31.07913970947277 ], [ 69.639846801757756, 31.084072113037109 ], [ 69.634811401367244, 31.099536895751953 ], [ 69.640037536621037, 31.177177429199332 ], [ 69.644844055175781, 31.198085784912223 ], [ 69.630661010742301, 31.211788177490348 ], [ 69.627342224121151, 31.224876403808707 ], [ 69.643165588378963, 31.236595153808594 ], [ 69.647285461425724, 31.283237457275391 ], [ 69.662452697753963, 31.297758102416992 ], [ 69.675895690917912, 31.284776687622127 ], [ 69.696319580078125, 31.271316528320312 ], [ 69.731712341308651, 31.285587310791072 ], [ 69.751144409179744, 31.296714782714901 ], [ 69.839561462402344, 31.265802383422852 ], [ 69.856986999511776, 31.260787963867188 ], [ 69.885810852050838, 31.291040420532283 ], [ 69.904640197753906, 31.306127548217773 ], [ 69.935081481933707, 31.308063507080135 ], [ 69.946578979492188, 31.315765380859432 ], [ 69.957389831543082, 31.367036819458121 ], [ 69.976402282714901, 31.394735336303768 ], [ 69.994087219238281, 31.312143325805664 ], [ 70.000343322753849, 31.307525634765625 ], [ 70.02872467041027, 31.38743972778326 ], [ 70.035484313964844, 31.402360916137695 ], [ 70.095458984375114, 31.416419982910156 ], [ 70.118782043456974, 31.416343688964957 ], [ 70.191947937011776, 31.47886848449707 ], [ 70.205329895019645, 31.473537445068359 ], [ 70.221900939941463, 31.389570236206112 ], [ 70.222915649414176, 31.382900238037223 ], [ 70.188865661621151, 31.123910903930664 ], [ 70.188507080078182, 31.11655426025402 ], [ 70.216728210449276, 31.066802978515625 ] ] ] } },
{ "type": "Feature", "properties": { "GID_0": "PAK", "NAME_0": "Pakistan", "GID_1": "PAK.2_1", "NAME_1": "Baluchistan", "NL_NAME_1": null, "GID_2": "PAK.2.6_1", "NAME_2": "Zhob", "NL_NAME_2": null, "GID_3": "PAK.2.6.4_1", "NAME_3": "Qilla Saifullah", "VARNAME_3": null, "NL_NAME_3": null, "TYPE_3": "District", "ENGTYPE_3": "District", "CC_3": null, "HASC_3": null }, "geometry": { "type": "Polygon", "coordinates": [ [ [ 67.398468017578239, 31.198659896850643 ], [ 67.496940612792912, 31.224693298339957 ], [ 67.503005981445426, 31.226858139038143 ], [ 67.50626373291027, 31.22844123840332 ], [ 67.471939086914176, 31.238893508911133 ], [ 67.531356811523494, 31.260377883911246 ], [ 67.539245605468864, 31.263561248779297 ], [ 67.612190246582031, 31.2752685546875 ], [ 67.620422363281307, 31.276393890380916 ], [ 67.695144653320312, 31.315145492553768 ], [ 67.707099914550895, 31.320238113403377 ], [ 67.762771606445426, 31.327562332153263 ], [ 67.774078369140568, 31.33287429809576 ], [ 67.785453796386776, 31.343917846679631 ], [ 67.789848327636776, 31.356622695922852 ], [ 67.781784057617244, 31.389453887939453 ], [ 67.806419372558651, 31.392972946167049 ], [ 67.834564208984375, 31.382415771484489 ], [ 67.838088989257869, 31.336669921874943 ], [ 67.926055908203239, 31.227586746215934 ], [ 67.982360839843693, 31.1748046875 ], [ 68.172378540039062, 31.181842803955192 ], [ 68.23923492431652, 31.192398071289119 ], [ 68.411651611328239, 31.248699188232422 ], [ 68.478515625, 31.287406921386832 ], [ 68.577041625976676, 31.305000305175895 ], [ 68.612228393554688, 31.305000305175895 ], [ 68.636856079101619, 31.294445037841797 ], [ 68.657974243164062, 31.273332595825252 ], [ 68.672050476074332, 31.146654129028377 ], [ 68.679084777832145, 31.111465454101562 ], [ 68.696678161621094, 31.08331489562994 ], [ 68.717788696289176, 31.069240570068416 ], [ 68.763534545898494, 31.072759628295955 ], [ 68.781127929687614, 31.100908279419002 ], [ 68.819839477539176, 31.104427337646598 ], [ 68.897254943847713, 31.076278686523551 ], [ 68.928924560546989, 31.062202453613224 ], [ 68.985221862793082, 31.06572151184082 ], [ 69.002815246582031, 31.086833953857479 ], [ 69.045043945312557, 31.086833953857479 ], [ 69.101341247558651, 31.07979774475092 ], [ 69.168197631835938, 31.051645278930721 ], [ 69.228019714355582, 30.991825103759822 ], [ 69.256172180175838, 30.977750778198299 ], [ 69.36173248291027, 31.012939453125114 ], [ 69.365257263183594, 30.988307952880859 ], [ 69.354698181152287, 30.967193603515739 ], [ 69.298393249511832, 30.953119277954215 ], [ 69.280799865722713, 30.942562103271484 ], [ 69.266731262207145, 30.819404602050724 ], [ 69.245613098144531, 30.791252136230526 ], [ 69.175239562988281, 30.77013969421381 ], [ 69.1048583984375, 30.766622543335018 ], [ 69.066154479980469, 30.738470077514762 ], [ 69.062637329101676, 30.70328330993658 ], [ 69.077110290527401, 30.655031204223576 ], [ 69.028427124023494, 30.619916915893612 ], [ 68.994041442871094, 30.599124908447322 ], [ 68.843650817871151, 30.53030967712408 ], [ 68.797691345214901, 30.505987167358398 ], [ 68.755409240722599, 30.506088256835938 ], [ 68.701797485351676, 30.549671173095703 ], [ 68.677421569824219, 30.573692321777457 ], [ 68.47357177734375, 30.540115356445426 ], [ 68.449317932128906, 30.537263870239315 ], [ 68.3673095703125, 30.572351455688533 ], [ 68.339691162109432, 30.581663131713981 ], [ 68.263442993164119, 30.564664840698356 ], [ 68.242027282714901, 30.561481475830078 ], [ 68.163841247558651, 30.594812393188477 ], [ 68.1502685546875, 30.598997116088981 ], [ 68.013290405273438, 30.581592559814567 ], [ 67.982574462890625, 30.573410034179688 ], [ 67.967559814453182, 30.585983276367188 ], [ 67.955825805664176, 30.596588134765739 ], [ 67.94805908203125, 30.638322830200252 ], [ 67.935165405273494, 30.645957946777401 ], [ 67.833763122558707, 30.605756759643555 ], [ 67.819396972656307, 30.603485107421818 ], [ 67.751968383789062, 30.610031127929688 ], [ 67.725601196289176, 30.612350463867244 ], [ 67.705268859863281, 30.627891540527457 ], [ 67.699081420898551, 30.63482666015625 ], [ 67.706695556640739, 30.666290283203125 ], [ 67.688751220703182, 30.671323776245231 ], [ 67.635353088378963, 30.660699844360465 ], [ 67.612121582031364, 30.651557922363224 ], [ 67.544486999511719, 30.653480529785156 ], [ 67.517181396484375, 30.652126312255916 ], [ 67.508712768554801, 30.660068511962891 ], [ 67.502288818359318, 30.679288864135799 ], [ 67.456474304199332, 30.687620162963867 ], [ 67.446395874023381, 30.694461822509822 ], [ 67.468910217285099, 30.70501708984375 ], [ 67.483528137207088, 30.718862533569336 ], [ 67.487968444824332, 30.837760925292969 ], [ 67.500282287597713, 30.852382659912166 ], [ 67.613601684570369, 30.886371612548885 ], [ 67.640167236328239, 30.900491714477653 ], [ 67.699066162109489, 30.959562301635742 ], [ 67.743415832519531, 31.006408691406307 ], [ 67.742118835449276, 31.024288177490348 ], [ 67.749687194824219, 31.036993026733398 ], [ 67.772682189941463, 31.058418273925781 ], [ 67.814743041992188, 31.065042495727596 ], [ 67.832397460937614, 31.071136474609489 ], [ 67.840370178222713, 31.122739791870174 ], [ 67.841789245605412, 31.131490707397518 ], [ 67.753135681152344, 31.127435684204215 ], [ 67.712409973144588, 31.127714157104606 ], [ 67.634666442871094, 31.141572952270621 ], [ 67.616706848144645, 31.140354156494141 ], [ 67.578514099121151, 31.192424774169922 ], [ 67.562118530273551, 31.197174072265682 ], [ 67.543571472168026, 31.188331604003906 ], [ 67.508819580078125, 31.182838439941463 ], [ 67.468460083007869, 31.203254699707088 ], [ 67.456108093261832, 31.205543518066463 ], [ 67.398468017578239, 31.198659896850643 ] ] ] } },
{ "type": "Feature", "properties": { "GID_0": "PAK", "NAME_0": "Pakistan", "GID_1": "PAK.2_1", "NAME_1": "Baluchistan", "NL_NAME_1": null, "GID_2": "PAK.2.6_1", "NAME_2": "Zhob", "NL_NAME_2": null, "GID_3": "PAK.2.6.5_1", "NAME_3": "Zhob", "VARNAME_3": null, "NL_NAME_3": null, "TYPE_3": "District", "ENGTYPE_3": "District", "CC_3": null, "HASC_3": null }, "geometry": { "type": "Polygon", "coordinates": [ [ [ 67.555938720703125, 31.530065536499023 ], [ 67.584548950195312, 31.534387588500977 ], [ 67.594993591308594, 31.533149719238281 ], [ 67.598533630371151, 31.508661270141658 ], [ 67.608085632324332, 31.503761291503849 ], [ 67.727218627929688, 31.503864288330078 ], [ 67.729637145996037, 31.504528045654354 ], [ 67.852203369140682, 31.60303878784174 ], [ 67.861106872558594, 31.608470916748104 ], [ 67.966056823730526, 31.628316879272461 ], [ 67.969841003417969, 31.629619598388729 ], [ 68.046707153320312, 31.672859191894588 ], [ 68.053504943847599, 31.676792144775504 ], [ 68.117576599121207, 31.744958877563477 ], [ 68.121658325195312, 31.747493743896541 ], [ 68.108726501464901, 31.753000259399471 ], [ 68.164955139160156, 31.830720901489201 ], [ 68.168876647949332, 31.834236145019588 ], [ 68.171920776367301, 31.821708679199162 ], [ 68.177490234374943, 31.814498901367188 ], [ 68.241256713867188, 31.806442260742301 ], [ 68.259353637695312, 31.80154991149908 ], [ 68.250968933105469, 31.785348892211914 ], [ 68.281532287597713, 31.758695602417106 ], [ 68.286605834960938, 31.756998062133846 ], [ 68.421134948730526, 31.75704383850109 ], [ 68.421760559082145, 31.757368087768668 ], [ 68.533889770507869, 31.716438293457031 ], [ 68.537147521972713, 31.714019775390682 ], [ 68.57464599609375, 31.734861373901481 ], [ 68.582023620605582, 31.750337600708065 ], [ 68.447608947753906, 31.757894515991268 ], [ 68.43310546875, 31.763246536254883 ], [ 68.564750671386776, 31.825288772583065 ], [ 68.570144653320369, 31.827964782714957 ], [ 68.618469238281193, 31.789958953857365 ], [ 68.632232666015625, 31.778263092041129 ], [ 68.698051452636719, 31.771413803100643 ], [ 68.70184326171875, 31.769878387451286 ], [ 68.713912963867244, 31.702085494995117 ], [ 68.716987609863338, 31.696643829345817 ], [ 68.751899719238338, 31.669536590576229 ], [ 68.773513793945426, 31.66097450256342 ], [ 68.797508239746207, 31.61878776550293 ], [ 68.804939270019588, 31.609981536865291 ], [ 68.900634765625057, 31.60124588012701 ], [ 68.916877746582088, 31.60471153259283 ], [ 68.944419860839957, 31.642244338989371 ], [ 68.949157714843864, 31.645753860473633 ], [ 69.010887145996151, 31.624729156494254 ], [ 69.021011352539119, 31.626714706421012 ], [ 69.024169921875, 31.642105102539062 ], [ 69.031494140625057, 31.650230407714957 ], [ 69.109695434570369, 31.70039176940918 ], [ 69.117942810058707, 31.703262329101506 ], [ 69.192337036132926, 31.830009460449276 ], [ 69.197608947753963, 31.848396301269645 ], [ 69.271873474121207, 31.906181335449332 ], [ 69.277679443359375, 31.911523818969783 ], [ 69.318435668945426, 31.929872512817496 ], [ 69.320945739746037, 31.930238723754996 ], [ 69.502151489257812, 31.940685272216797 ], [ 69.512886047363281, 31.94340896606451 ], [ 69.555557250976562, 31.955915451049918 ], [ 69.574920654296932, 31.969186782837028 ], [ 69.662559509277344, 32.049369812011776 ], [ 69.670837402343807, 32.053249359130916 ], [ 69.755027770996207, 32.073207855224609 ], [ 69.763275146484375, 32.074329376220817 ], [ 69.859298706054744, 32.073787689208984 ], [ 69.886169433593807, 32.072780609130973 ], [ 69.896713256836051, 32.059642791748161 ], [ 69.805740356445426, 32.045913696289119 ], [ 69.783668518066349, 31.989200592041072 ], [ 69.784133911132869, 31.981842041015682 ], [ 69.791961669921932, 31.97101020812994 ], [ 69.868354797363224, 31.95811843872076 ], [ 69.869232177734432, 31.892362594604549 ], [ 69.883987426757756, 31.887716293334961 ], [ 69.869102478027457, 31.881328582763672 ], [ 69.852767944335938, 31.868736267089901 ], [ 69.860435485839901, 31.867561340332088 ], [ 69.869720458984375, 31.864084243774528 ], [ 69.915344238281307, 31.894281387329102 ], [ 69.921821594238281, 31.884834289550895 ], [ 69.898857116699332, 31.822376251220646 ], [ 69.895866394042969, 31.801235198974609 ], [ 69.899505615234375, 31.690639495849609 ], [ 69.899139404296932, 31.683053970337028 ], [ 69.880470275878963, 31.542184829711914 ], [ 69.874481201171875, 31.5231227874757 ], [ 69.942085266113338, 31.485889434814567 ], [ 69.956855773925724, 31.482162475586051 ], [ 69.97540283203125, 31.402555465698299 ], [ 69.976402282714901, 31.394735336303768 ], [ 69.951194763183594, 31.338302612304744 ], [ 69.946578979492188, 31.315765380859432 ], [ 69.919174194335994, 31.306308746337891 ], [ 69.904640197753906, 31.306127548217773 ], [ 69.878471374511719, 31.271610260009822 ], [ 69.856986999511776, 31.260787963867188 ], [ 69.781394958496094, 31.288467407226562 ], [ 69.751144409179744, 31.296714782714901 ], [ 69.731712341308651, 31.285587310791072 ], [ 69.696319580078125, 31.271316528320312 ], [ 69.662452697753963, 31.297758102416992 ], [ 69.647285461425724, 31.283237457275391 ], [ 69.643165588378963, 31.236595153808594 ], [ 69.627342224121151, 31.224876403808707 ], [ 69.642700195312614, 31.208353042602482 ], [ 69.644844055175781, 31.198085784912223 ], [ 69.634307861328239, 31.129432678222713 ], [ 69.634811401367244, 31.099536895751953 ], [ 69.639846801757756, 31.084072113037109 ], [ 69.654937744140625, 31.07913970947277 ], [ 69.656631469726506, 31.035070419311467 ], [ 69.664947509765682, 31.017637252807674 ], [ 69.632438659667969, 30.956708908081055 ], [ 69.591827392578125, 30.859004974365234 ], [ 69.495864868164062, 30.759317398071403 ], [ 69.471466064453125, 30.741416931152344 ], [ 69.465972900390682, 30.651739120483398 ], [ 69.461235046386776, 30.632450103759766 ], [ 69.421768188476619, 30.596319198608455 ], [ 69.408096313476676, 30.568542480468864 ], [ 69.418975830078068, 30.54453277587902 ], [ 69.448768615722656, 30.531671524047852 ], [ 69.471481323242188, 30.534807205200252 ], [ 69.48685455322277, 30.512723922729549 ], [ 69.494613647460994, 30.494384765624943 ], [ 69.485923767089787, 30.479635238647575 ], [ 69.471725463867244, 30.469480514526424 ], [ 69.323677062988281, 30.590049743652401 ], [ 69.294166564941463, 30.615179061889705 ], [ 69.205596923828125, 30.618997573852539 ], [ 69.179748535156364, 30.627088546752873 ], [ 69.177154541015625, 30.662618637084961 ], [ 69.164344787597599, 30.678125381469727 ], [ 69.122329711914176, 30.684471130371151 ], [ 69.087211608886776, 30.682466506958121 ], [ 69.095832824707145, 30.671972274780273 ], [ 69.100418090820426, 30.658143997192383 ], [ 69.077110290527401, 30.655031204223576 ], [ 69.062637329101676, 30.70328330993658 ], [ 69.066154479980469, 30.738470077514762 ], [ 69.1048583984375, 30.766622543335018 ], [ 69.217460632324276, 30.784215927124137 ], [ 69.245613098144531, 30.791252136230526 ], [ 69.266731262207145, 30.819404602050724 ], [ 69.270248413085938, 30.903856277465877 ], [ 69.280799865722713, 30.942562103271484 ], [ 69.333587646484375, 30.963674545288143 ], [ 69.354698181152287, 30.967193603515739 ], [ 69.365257263183594, 30.988307952880859 ], [ 69.36173248291027, 31.012939453125114 ], [ 69.287841796875057, 30.981269836425838 ], [ 69.256172180175838, 30.977750778198299 ], [ 69.168197631835938, 31.051645278930721 ], [ 69.101341247558651, 31.07979774475092 ], [ 69.045043945312557, 31.086833953857479 ], [ 69.002815246582031, 31.086833953857479 ], [ 68.985221862793082, 31.06572151184082 ], [ 68.928924560546989, 31.062202453613224 ], [ 68.851509094238395, 31.100908279419002 ], [ 68.819839477539176, 31.104427337646598 ], [ 68.781127929687614, 31.100908279419002 ], [ 68.763534545898494, 31.072759628295955 ], [ 68.717788696289176, 31.069240570068416 ], [ 68.696678161621094, 31.08331489562994 ], [ 68.679084777832145, 31.111465454101562 ], [ 68.665008544921818, 31.231105804443303 ], [ 68.657974243164062, 31.273332595825252 ], [ 68.636856079101619, 31.294445037841797 ], [ 68.612228393554688, 31.305000305175895 ], [ 68.527778625488338, 31.29796218872076 ], [ 68.478515625, 31.287406921386832 ], [ 68.320167541503906, 31.220548629760799 ], [ 68.23923492431652, 31.192398071289119 ], [ 68.024581909179688, 31.171285629272461 ], [ 67.982360839843693, 31.1748046875 ], [ 67.838088989257869, 31.336669921874943 ], [ 67.834564208984375, 31.382415771484489 ], [ 67.781784057617244, 31.389453887939453 ], [ 67.779243469238281, 31.389089584350586 ], [ 67.750320434570369, 31.413637161254883 ], [ 67.740936279296875, 31.414783477783146 ], [ 67.644065856933594, 31.396823883056754 ], [ 67.633781433105526, 31.400688171386776 ], [ 67.605392456054744, 31.418535232544059 ], [ 67.597625732421989, 31.426816940307731 ], [ 67.5986328125, 31.459600448608512 ], [ 67.595046997070312, 31.470508575439453 ], [ 67.555938720703125, 31.530065536499023 ] ] ] } },
{ "type": "Feature", "properties": { "GID_0": "PAK", "NAME_0": "Pakistan", "GID_1": "PAK.3_1", "NAME_1": "F.A.T.A.", "NL_NAME_1": null, "GID_2": "PAK.3.1_1", "NAME_2": "F.A.T.A.", "NL_NAME_2": null, "GID_3": "PAK.3.1.1_1", "NAME_3": "Bajaur", "VARNAME_3": null, "NL_NAME_3": null, "TYPE_3": "District", "ENGTYPE_3": "District", "CC_3": null, "HASC_3": null }, "geometry": { "type": "Polygon", "coordinates": [ [ [ 71.526039123535156, 34.961299896240178 ], [ 71.575576782226676, 34.903366088867301 ], [ 71.593429565429744, 34.881694793701229 ], [ 71.619888305664062, 34.821605682373104 ], [ 71.623420715332088, 34.818836212158203 ], [ 71.790199279785099, 34.79277420043951 ], [ 71.797737121582088, 34.780334472656364 ], [ 71.766769409179688, 34.666866302490234 ], [ 71.764526367187557, 34.663192749023494 ], [ 71.692855834960994, 34.634227752685547 ], [ 71.68924713134777, 34.630790710449276 ], [ 71.650650024414119, 34.545394897461051 ], [ 71.653892517089901, 34.541015624999943 ], [ 71.600875854492244, 34.511989593505859 ], [ 71.586746215820312, 34.523761749267521 ], [ 71.576744079589957, 34.583106994628963 ], [ 71.55889892578125, 34.605697631835938 ], [ 71.558708190917969, 34.65903472900402 ], [ 71.552047729492244, 34.675609588623047 ], [ 71.473869323730526, 34.677013397216854 ], [ 71.443695068359375, 34.677799224853572 ], [ 71.329849243164119, 34.632419586181754 ], [ 71.295578002929801, 34.634140014648438 ], [ 71.267150878906364, 34.643428802490291 ], [ 71.234474182128963, 34.664455413818416 ], [ 71.189559936523551, 34.718170166015739 ], [ 71.188407897949332, 34.71762847900402 ], [ 71.242485046386776, 34.745159149170036 ], [ 71.244041442871151, 34.746940612793026 ], [ 71.239250183105526, 34.75614166259777 ], [ 71.23175048828125, 34.763889312744084 ], [ 71.246307373046932, 34.7908935546875 ], [ 71.271224975585938, 34.798046112060547 ], [ 71.279457092285156, 34.805015563964844 ], [ 71.301200866699219, 34.865463256835881 ], [ 71.309860229492244, 34.878826141357479 ], [ 71.315971374511832, 34.882480621338004 ], [ 71.328697204589901, 34.872032165527401 ], [ 71.526039123535156, 34.961299896240178 ] ] ] } },
{ "type": "Feature", "properties": { "GID_0": "PAK", "NAME_0": "Pakistan", "GID_1": "PAK.3_1", "NAME_1": "F.A.T.A.", "NL_NAME_1": null, "GID_2": "PAK.3.1_1", "NAME_2": "F.A.T.A.", "NL_NAME_2": null, "GID_3": "PAK.3.1.2_1", "NAME_3": "Khyber", "VARNAME_3": null, "NL_NAME_3": null, "TYPE_3": "District", "ENGTYPE_3": "District", "CC_3": null, "HASC_3": null }, "geometry": { "type": "Polygon", "coordinates": [ [ [ 71.416435241699276, 34.150360107421989 ], [ 71.400703430175895, 34.125946044921989 ], [ 71.390419006347599, 34.091262817382756 ], [ 71.390930175781364, 34.041603088378963 ], [ 71.384399414062557, 34.022769927978572 ], [ 71.399353027343864, 33.964557647705078 ], [ 71.404617309570369, 33.945919036865291 ], [ 71.437095642089957, 33.931098937988281 ], [ 71.446136474609375, 33.906471252441406 ], [ 71.436393737792969, 33.87132644653326 ], [ 71.462448120117244, 33.847560882568473 ], [ 71.498260498046932, 33.813190460205135 ], [ 71.504684448242188, 33.776153564453239 ], [ 71.502616882324219, 33.749816894531364 ], [ 71.417915344238281, 33.746780395507926 ], [ 71.378738403320426, 33.752193450927848 ], [ 71.333045959472656, 33.786140441894531 ], [ 71.316009521484489, 33.807113647460938 ], [ 71.259056091308594, 33.816726684570369 ], [ 71.231674194336051, 33.821182250976506 ], [ 71.20554351806652, 33.862419128417969 ], [ 71.178497314453239, 33.872394561767521 ], [ 71.1318359375, 33.870708465576172 ], [ 71.104331970214844, 33.841369628906364 ], [ 71.062736511230412, 33.827018737793026 ], [ 71.023536682128963, 33.830135345459041 ], [ 70.994110107421875, 33.82402420043951 ], [ 70.989227294921932, 33.805877685546989 ], [ 70.98895263671875, 33.782428741455078 ], [ 70.942916870117301, 33.764186859130916 ], [ 70.85764312744152, 33.74492263793951 ], [ 70.776832580566406, 33.732769012451286 ], [ 70.728988647460938, 33.723960876464844 ], [ 70.713912963867188, 33.74860763549799 ], [ 70.710594177246207, 33.769309997558537 ], [ 70.635437011718864, 33.771163940429801 ], [ 70.635139465332031, 33.699436187744141 ], [ 70.599861145019531, 33.755645751953182 ], [ 70.598495483398438, 33.802780151367244 ], [ 70.597442626953182, 33.806003570556754 ], [ 70.541954040527401, 33.823886871337947 ], [ 70.523895263671989, 33.828311920166129 ], [ 70.520332336425781, 33.874992370605469 ], [ 70.519264221191463, 33.877754211425838 ], [ 70.466407775878963, 33.908966064453125 ], [ 70.465614318847713, 33.928527832031364 ], [ 70.506431579589901, 33.929214477539119 ], [ 70.512962341308651, 33.931045532226506 ], [ 70.517845153808594, 33.935691833496094 ], [ 70.520202636718807, 33.951007843017578 ], [ 70.560462951660213, 33.957870483398494 ], [ 70.593879699707145, 33.964321136474723 ], [ 70.750717163085938, 33.960712432861271 ], [ 70.767936706543026, 33.954856872558707 ], [ 70.809387207031364, 33.974689483642578 ], [ 70.824279785156364, 33.981826782226562 ], [ 70.86850738525402, 33.978294372558707 ], [ 70.884948730468864, 33.976757049560547 ], [ 70.916389465332145, 34.00127029418951 ], [ 70.917938232421989, 34.009811401367301 ], [ 71.042366027832031, 34.049327850341854 ], [ 71.065277099609375, 34.051792144775447 ], [ 71.077346801757869, 34.079673767089844 ], [ 71.072753906250057, 34.105690002441463 ], [ 71.141548156738281, 34.15683746337902 ], [ 71.142936706543026, 34.159465789794922 ], [ 71.137413024902401, 34.192756652832031 ], [ 71.137466430664176, 34.198455810546818 ], [ 71.151054382324219, 34.222209930419865 ], [ 71.151794433593864, 34.224109649658146 ], [ 71.146255493164176, 34.226932525634879 ], [ 71.134582519531364, 34.226299285888729 ], [ 71.121292114257756, 34.25493240356451 ], [ 71.122055053710881, 34.267208099365348 ], [ 71.171257019042912, 34.358257293701172 ], [ 71.169509887695426, 34.363498687744254 ], [ 71.184066772460938, 34.344825744628963 ], [ 71.183692932128906, 34.337833404541016 ], [ 71.292083740234432, 34.291595458984375 ], [ 71.310585021972713, 34.277973175048885 ], [ 71.314071655273551, 34.201633453369141 ], [ 71.362663269043026, 34.157566070556641 ], [ 71.416435241699276, 34.150360107421989 ] ] ] } },
{ "type": "Feature", "properties": { "GID_0": "PAK", "NAME_0": "Pakistan", "GID_1": "PAK.3_1", "NAME_1": "F.A.T.A.", "NL_NAME_1": null, "GID_2": "PAK.3.1_1", "NAME_2": "F.A.T.A.", "NL_NAME_2": null, "GID_3": "PAK.3.1.3_1", "NAME_3": "Kurram", "VARNAME_3": null, "NL_NAME_3": null, "TYPE_3": "District", "ENGTYPE_3": "District", "CC_3": null, "HASC_3": null }, "geometry": { "type": "Polygon", "coordinates": [ [ [ 70.198822021484432, 33.550754547119197 ], [ 70.219139099121094, 33.637119293212947 ], [ 70.218765258789062, 33.642364501953182 ], [ 70.168678283691463, 33.657215118408317 ], [ 70.165237426757869, 33.658779144287053 ], [ 70.155563354492301, 33.724742889404411 ], [ 70.154502868652344, 33.726463317871151 ], [ 69.99875640869152, 33.742263793945312 ], [ 69.990539550781307, 33.747444152832088 ], [ 69.973213195800895, 33.766792297363395 ], [ 69.972038269043026, 33.769947052002067 ], [ 69.970344543457145, 33.815063476562614 ], [ 69.971122741699332, 33.822551727294979 ], [ 69.913497924804801, 33.903499603271484 ], [ 69.91123199462902, 33.906116485595817 ], [ 69.873413085937557, 33.931072235107479 ], [ 69.871582031250114, 33.933963775634879 ], [ 69.884002685546875, 33.967784881591797 ], [ 69.88519287109375, 33.969940185546989 ], [ 69.906326293945312, 33.9783935546875 ], [ 69.910346984863281, 33.982540130615291 ], [ 69.909988403320312, 34.02013015747076 ], [ 69.912017822265739, 34.0224609375 ], [ 69.955917358398438, 34.028762817382812 ], [ 69.958580017089844, 34.029293060302791 ], [ 70.008171081542969, 34.030067443847656 ], [ 70.010337829589901, 34.030113220214901 ], [ 70.070175170898438, 34.001743316650391 ], [ 70.075141906738281, 33.999027252197379 ], [ 70.169067382812557, 33.984085083007812 ], [ 70.169036865234432, 33.999374389648438 ], [ 70.223785400390682, 33.98118972778326 ], [ 70.238822937011719, 33.973144531250114 ], [ 70.426307678222656, 33.960380554199332 ], [ 70.430305480957031, 33.958389282226562 ], [ 70.433525085449219, 33.945674896240234 ], [ 70.435722351074276, 33.937007904052848 ], [ 70.456558227539176, 33.929630279541016 ], [ 70.465614318847713, 33.928527832031364 ], [ 70.467933654785213, 33.898612976074332 ], [ 70.470916748046875, 33.895847320556754 ], [ 70.517646789550781, 33.879829406738338 ], [ 70.519264221191463, 33.877754211425838 ], [ 70.524200439453182, 33.830608367920036 ], [ 70.523895263671989, 33.828311920166129 ], [ 70.594451904296989, 33.808311462402401 ], [ 70.597442626953182, 33.806003570556754 ], [ 70.599067687988281, 33.758178710937557 ], [ 70.599861145019531, 33.755645751953182 ], [ 70.635139465332031, 33.699436187744141 ], [ 70.628364562988338, 33.683132171630973 ], [ 70.734809875488395, 33.635887145996151 ], [ 70.748207092285099, 33.631706237793026 ], [ 70.734039306640739, 33.593818664550895 ], [ 70.73394775390625, 33.586002349853572 ], [ 70.759681701660156, 33.58086013793951 ], [ 70.770324707031364, 33.576457977294979 ], [ 70.748947143554801, 33.555145263671875 ], [ 70.738670349121037, 33.497703552246037 ], [ 70.736808776855469, 33.479316711425838 ], [ 70.67667388916027, 33.475376129150447 ], [ 70.644248962402457, 33.471111297607422 ], [ 70.630294799804801, 33.450695037841797 ], [ 70.612518310546932, 33.432361602783317 ], [ 70.5205078125, 33.423923492431754 ], [ 70.505302429199276, 33.414318084716797 ], [ 70.501548767089957, 33.398468017578239 ], [ 70.511970520019588, 33.374984741210994 ], [ 70.540199279785213, 33.348682403564453 ], [ 70.558280944824219, 33.328685760498104 ], [ 70.437545776367188, 33.345108032226506 ], [ 70.418907165527401, 33.34677886962902 ], [ 70.348236083984318, 33.333671569824162 ], [ 70.343841552734489, 33.33322906494152 ], [ 70.330032348632869, 33.364959716796875 ], [ 70.327743530273494, 33.371124267578182 ], [ 70.338760375976562, 33.390907287597656 ], [ 70.341697692871207, 33.393138885498047 ], [ 70.308853149414119, 33.438533782958984 ], [ 70.307365417480582, 33.440261840820426 ], [ 70.228652954101506, 33.478950500488395 ], [ 70.225044250488281, 33.482437133789006 ], [ 70.195884704589844, 33.527309417724723 ], [ 70.194099426269645, 33.531303405761719 ], [ 70.198822021484432, 33.550754547119197 ] ] ] } },
{ "type": "Feature", "properties": { "GID_0": "PAK", "NAME_0": "Pakistan", "GID_1": "PAK.3_1", "NAME_1": "F.A.T.A.", "NL_NAME_1": null, "GID_2": "PAK.3.1_1", "NAME_2": "F.A.T.A.", "NL_NAME_2": null, "GID_3": "PAK.3.1.4_1", "NAME_3": "Largha Shirani", "VARNAME_3": null, "NL_NAME_3": null, "TYPE_3": "District", "ENGTYPE_3": "District", "CC_3": null, "HASC_3": null }, "geometry": { "type": "Polygon", "coordinates": [ [ [ 70.369735717773551, 31.245861053466854 ], [ 70.372741699218807, 31.198490142822209 ], [ 70.371841430664176, 31.191596984863338 ], [ 70.246421813964844, 31.16556549072277 ], [ 70.227081298828239, 31.154132843017635 ], [ 70.230537414550895, 31.097795486450195 ], [ 70.228691101074219, 31.081249237060547 ], [ 70.216728210449276, 31.066802978515625 ], [ 70.208526611328182, 31.069818496704158 ], [ 70.194259643554801, 31.092855453491325 ], [ 70.188507080078182, 31.11655426025402 ], [ 70.220031738281364, 31.370494842529411 ], [ 70.222915649414176, 31.382900238037223 ], [ 70.208953857421989, 31.455364227295036 ], [ 70.205329895019645, 31.473537445068359 ], [ 70.191947937011776, 31.47886848449707 ], [ 70.133789062500057, 31.433076858520508 ], [ 70.118782043456974, 31.416343688964957 ], [ 70.074752807617188, 31.405450820922852 ], [ 70.057418823242188, 31.401369094848746 ], [ 70.046005249023494, 31.410602569580078 ], [ 70.035484313964844, 31.402360916137695 ], [ 70.02872467041027, 31.38743972778326 ], [ 70.016220092773438, 31.374374389648494 ], [ 70.009201049804744, 31.313934326171989 ], [ 70.000343322753849, 31.307525634765625 ], [ 69.994087219238281, 31.312143325805664 ], [ 69.983375549316406, 31.334249496460018 ], [ 69.9681396484375, 31.461664199829102 ], [ 69.956855773925724, 31.482162475586051 ], [ 69.876594543457031, 31.515989303588924 ], [ 69.874481201171875, 31.5231227874757 ], [ 69.894767761230526, 31.638008117675895 ], [ 69.896797180175781, 31.647426605224723 ], [ 69.89579010009777, 31.794569015503043 ], [ 69.895866394042969, 31.801235198974609 ], [ 69.921821594238281, 31.884834289550895 ], [ 69.915344238281307, 31.894281387329102 ], [ 69.990333557128963, 31.878404617309513 ], [ 70.007843017578125, 31.873979568481559 ], [ 70.037467956543026, 31.849973678588924 ], [ 70.051033020019645, 31.837514877319336 ], [ 70.086776733398438, 31.844066619873161 ], [ 70.102989196777344, 31.845851898193359 ], [ 70.182800292968807, 31.82030296325695 ], [ 70.186843872070426, 31.81845855712902 ], [ 70.192588806152457, 31.789464950561523 ], [ 70.189834594726619, 31.765335083007869 ], [ 70.247489929199332, 31.651805877685661 ], [ 70.264244079589901, 31.606920242309627 ], [ 70.369735717773551, 31.245861053466854 ] ] ] } },
{ "type": "Feature", "properties": { "GID_0": "PAK", "NAME_0": "Pakistan", "GID_1": "PAK.3_1", "NAME_1": "F.A.T.A.", "NL_NAME_1": null, "GID_2": "PAK.3.1_1", "NAME_2": "F.A.T.A.", "NL_NAME_2": null, "GID_3": "PAK.3.1.5_1", "NAME_3": "Mohmand", "VARNAME_3": null, "NL_NAME_3": null, "TYPE_3": "District", "ENGTYPE_3": "District", "CC_3": null, "HASC_3": null }, "geometry": { "type": "Polygon", "coordinates": [ [ [ 71.716224670410156, 34.452072143554744 ], [ 71.619407653808651, 34.361572265625 ], [ 71.58575439453125, 34.346740722656307 ], [ 71.548339843749943, 34.268234252929801 ], [ 71.537040710449332, 34.240680694580192 ], [ 71.497604370117131, 34.223106384277344 ], [ 71.4625244140625, 34.203449249267635 ], [ 71.421104431152457, 34.157604217529297 ], [ 71.416435241699276, 34.150360107421989 ], [ 71.362663269043026, 34.157566070556641 ], [ 71.314071655273551, 34.201633453369141 ], [ 71.320198059082145, 34.255870819091854 ], [ 71.310585021972713, 34.277973175048885 ], [ 71.211532592773438, 34.324275970458984 ], [ 71.183692932128906, 34.337833404541016 ], [ 71.169509887695426, 34.363498687744254 ], [ 71.169471740722713, 34.363609313964957 ], [ 71.087272644043026, 34.38913726806652 ], [ 71.076019287109432, 34.395771026611271 ], [ 71.016242980957031, 34.453552246093807 ], [ 71.00681304931652, 34.461116790771541 ], [ 70.994873046875, 34.491508483886776 ], [ 70.992835998535213, 34.527637481689453 ], [ 70.996589660644531, 34.556282043456974 ], [ 70.996879577636832, 34.55670166015625 ], [ 71.024978637695312, 34.537704467773494 ], [ 71.028045654296875, 34.536926269531307 ], [ 71.094863891601619, 34.578109741210994 ], [ 71.098068237304688, 34.580524444580135 ], [ 71.12591552734375, 34.619743347168082 ], [ 71.128524780273551, 34.626224517822266 ], [ 71.109436035156364, 34.653331756591797 ], [ 71.106842041015625, 34.655254364013729 ], [ 71.111564636230412, 34.681041717529354 ], [ 71.112358093261719, 34.682933807373104 ], [ 71.188407897949332, 34.71762847900402 ], [ 71.189559936523551, 34.718170166015739 ], [ 71.267150878906364, 34.643428802490291 ], [ 71.295578002929801, 34.634140014648438 ], [ 71.329849243164119, 34.632419586181754 ], [ 71.382659912109375, 34.643512725830192 ], [ 71.410293579101562, 34.660434722900447 ], [ 71.443695068359375, 34.677799224853572 ], [ 71.473869323730526, 34.677013397216854 ], [ 71.500373840332088, 34.667961120605526 ], [ 71.541374206543026, 34.678401947021598 ], [ 71.552047729492244, 34.675609588623047 ], [ 71.586334228515625, 34.535488128662166 ], [ 71.586746215820312, 34.523761749267521 ], [ 71.600875854492244, 34.511989593505859 ], [ 71.636245727539176, 34.533714294433707 ], [ 71.653892517089901, 34.541015624999943 ], [ 71.667526245117301, 34.48740386962902 ], [ 71.66941070556652, 34.483947753906364 ], [ 71.716224670410156, 34.452072143554744 ] ] ] } },
{ "type": "Feature", "properties": { "GID_0": "PAK", "NAME_0": "Pakistan", "GID_1": "PAK.3_1", "NAME_1": "F.A.T.A.", "NL_NAME_1": null, "GID_2": "PAK.3.1_1", "NAME_2": "F.A.T.A.", "NL_NAME_2": null, "GID_3": "PAK.3.1.6_1", "NAME_3": "N. Waziristan", "VARNAME_3": "North Waziristan", "NL_NAME_3": null, "TYPE_3": "District", "ENGTYPE_3": "District", "CC_3": null, "HASC_3": null }, "geometry": { "type": "Polygon", "coordinates": [ [ [ 69.578125, 33.095314025878906 ], [ 69.689460754394531, 33.094188690185661 ], [ 69.704589843750057, 33.090499877929688 ], [ 69.773460388183651, 33.120460510253906 ], [ 69.786529541015568, 33.127544403076286 ], [ 69.828811645507926, 33.104740142822266 ], [ 69.856452941894588, 33.096332550048828 ], [ 69.901275634765682, 33.101284027099609 ], [ 69.916694641113338, 33.103984832763672 ], [ 69.928794860839957, 33.117515563964957 ], [ 69.945899963378963, 33.128734588623047 ], [ 70.024803161621094, 33.146007537841854 ], [ 70.067253112793082, 33.213462829589957 ], [ 70.0858154296875, 33.194766998291016 ], [ 70.093002319336051, 33.193267822265739 ], [ 70.154220581054801, 33.197715759277344 ], [ 70.157020568847713, 33.198059082031193 ], [ 70.181953430175781, 33.217578887939567 ], [ 70.183990478515739, 33.218963623046932 ], [ 70.174507141113281, 33.232311248779297 ], [ 70.170280456542912, 33.238265991211051 ], [ 70.195106506347656, 33.243957519531307 ], [ 70.208267211914062, 33.250415802001896 ], [ 70.271080017089901, 33.304973602294922 ], [ 70.29046630859375, 33.326744079589957 ], [ 70.329231262207031, 33.326732635498047 ], [ 70.332786560058537, 33.326732635498047 ], [ 70.337181091308537, 33.342388153076172 ], [ 70.337699890136832, 33.342601776123047 ], [ 70.532859802246207, 33.331691741943359 ], [ 70.558280944824219, 33.328685760498104 ], [ 70.56646728515625, 33.319629669189567 ], [ 70.593444824218807, 33.280689239502067 ], [ 70.678993225097656, 33.252593994140739 ], [ 70.679664611816463, 33.240173339843864 ], [ 70.561569213867244, 33.206302642822379 ], [ 70.538398742675724, 33.196262359619141 ], [ 70.507461547851676, 33.131992340087891 ], [ 70.494613647460994, 33.112720489501953 ], [ 70.45041656494152, 33.087116241455192 ], [ 70.430274963378906, 33.054306030273438 ], [ 70.419456481933651, 32.974563598632812 ], [ 70.407974243164062, 32.954601287841797 ], [ 70.284484863281364, 32.765792846679801 ], [ 70.268264770507926, 32.740325927734375 ], [ 70.235023498535213, 32.71307373046875 ], [ 70.232696533203125, 32.702045440673771 ], [ 70.162536621093807, 32.708713531494254 ], [ 70.110733032226676, 32.712787628173828 ], [ 70.03582763671875, 32.665901184081974 ], [ 69.994049072265568, 32.659370422363395 ], [ 69.687629699707088, 32.663585662841797 ], [ 69.641845703125057, 32.666034698486328 ], [ 69.61376953125, 32.658767700195369 ], [ 69.599044799804688, 32.643180847168082 ], [ 69.610885620117188, 32.623603820800781 ], [ 69.610412597656307, 32.606590270996037 ], [ 69.529891967773494, 32.571678161621037 ], [ 69.499389648437557, 32.567638397216797 ], [ 69.455123901367244, 32.606636047363281 ], [ 69.430374145507926, 32.611354827880916 ], [ 69.465805053710994, 32.663768768310547 ], [ 69.466293334960938, 32.666034698486328 ], [ 69.452621459960994, 32.727615356445369 ], [ 69.451164245605582, 32.730571746826229 ], [ 69.402755737304801, 32.766735076904297 ], [ 69.403022766113281, 32.769084930419979 ], [ 69.446968078613395, 32.793292999267635 ], [ 69.448852539062557, 32.795135498046932 ], [ 69.475479125976562, 32.843441009521484 ], [ 69.478172302246094, 32.845405578613281 ], [ 69.530540466308707, 32.861171722412109 ], [ 69.534576416015625, 32.866405487060661 ], [ 69.531089782714957, 32.87401199340826 ], [ 69.515090942382926, 32.886280059814567 ], [ 69.493019104003906, 32.966232299804744 ], [ 69.499626159668082, 33.002468109130859 ], [ 69.587425231933594, 33.083087921142692 ], [ 69.590995788574332, 33.084758758544979 ], [ 69.578125, 33.095314025878906 ] ] ] } },
{ "type": "Feature", "properties": { "GID_0": "PAK", "NAME_0": "Pakistan", "GID_1": "PAK.3_1", "NAME_1": "F.A.T.A.", "NL_NAME_1": null, "GID_2": "PAK.3.1_1", "NAME_2": "F.A.T.A.", "NL_NAME_2": null, "GID_3": "PAK.3.1.7_1", "NAME_3": "Orakzai", "VARNAME_3": null, "NL_NAME_3": null, "TYPE_3": "District", "ENGTYPE_3": "District", "CC_3": null, "HASC_3": null }, "geometry": { "type": "Polygon", "coordinates": [ [ [ 70.635139465332031, 33.699436187744141 ], [ 70.635437011718864, 33.771163940429801 ], [ 70.639595031738338, 33.774368286132869 ], [ 70.653610229492131, 33.776622772216911 ], [ 70.710594177246207, 33.769309997558537 ], [ 70.716445922851619, 33.730667114257869 ], [ 70.728988647460938, 33.723960876464844 ], [ 70.85764312744152, 33.74492263793951 ], [ 70.942916870117301, 33.764186859130916 ], [ 70.98895263671875, 33.782428741455078 ], [ 70.989227294921932, 33.805877685546989 ], [ 70.994110107421875, 33.82402420043951 ], [ 71.104331970214844, 33.841369628906364 ], [ 71.1318359375, 33.870708465576172 ], [ 71.178497314453239, 33.872394561767521 ], [ 71.20554351806652, 33.862419128417969 ], [ 71.231674194336051, 33.821182250976506 ], [ 71.300994873046875, 33.813369750976506 ], [ 71.316009521484489, 33.807113647460938 ], [ 71.347412109375057, 33.747928619384822 ], [ 71.36871337890625, 33.716361999511776 ], [ 71.368659973144645, 33.628166198730412 ], [ 71.337669372558651, 33.619213104248104 ], [ 71.229003906250114, 33.688079833984375 ], [ 71.221046447753849, 33.711093902587891 ], [ 71.156585693359375, 33.735443115234432 ], [ 71.145019531250057, 33.732032775878963 ], [ 71.157951354980469, 33.66532135009777 ], [ 71.166183471679744, 33.642303466796875 ], [ 71.121047973632926, 33.630035400390739 ], [ 71.104782104492244, 33.623420715332031 ], [ 71.113067626953239, 33.604770660400504 ], [ 71.115104675293026, 33.591659545898494 ], [ 71.045021057128906, 33.557861328125057 ], [ 70.994934082031307, 33.544921875000057 ], [ 70.750625610351619, 33.580890655517635 ], [ 70.73394775390625, 33.586002349853572 ], [ 70.754959106445369, 33.622947692871151 ], [ 70.748207092285099, 33.631706237793026 ], [ 70.707008361816349, 33.651149749755803 ], [ 70.652542114257869, 33.662593841552678 ], [ 70.628364562988338, 33.683132171630973 ], [ 70.635139465332031, 33.699436187744141 ] ] ] } },
{ "type": "Feature", "properties": { "GID_0": "PAK", "NAME_0": "Pakistan", "GID_1": "PAK.3_1", "NAME_1": "F.A.T.A.", "NL_NAME_1": null, "GID_2": "PAK.3.1_1", "NAME_2": "F.A.T.A.", "NL_NAME_2": null, "GID_3": "PAK.3.1.8_1", "NAME_3": "S. Waziristan", "VARNAME_3": "South Waziristan", "NL_NAME_3": null, "TYPE_3": "District", "ENGTYPE_3": "District", "CC_3": null, "HASC_3": null }, "geometry": { "type": "Polygon", "coordinates": [ [ [ 69.248115539550781, 32.472476959228572 ], [ 69.270225524902344, 32.505550384521598 ], [ 69.285209655761776, 32.532981872558594 ], [ 69.342796325683651, 32.549560546874943 ], [ 69.385238647460938, 32.566551208496094 ], [ 69.400100708007756, 32.589687347412223 ], [ 69.410133361816463, 32.605915069580021 ], [ 69.430374145507926, 32.611354827880916 ], [ 69.455123901367244, 32.606636047363281 ], [ 69.484085083007812, 32.572746276855526 ], [ 69.499389648437557, 32.567638397216797 ], [ 69.552192687988338, 32.578502655029297 ], [ 69.581100463867131, 32.586914062500114 ], [ 69.610412597656307, 32.606590270996037 ], [ 69.610885620117188, 32.623603820800781 ], [ 69.599044799804688, 32.643180847168082 ], [ 69.61376953125, 32.658767700195369 ], [ 69.641845703125057, 32.666034698486328 ], [ 69.863204956054631, 32.661865234375114 ], [ 69.994049072265568, 32.659370422363395 ], [ 70.03582763671875, 32.665901184081974 ], [ 70.072395324707145, 32.695671081542969 ], [ 70.110733032226676, 32.712787628173828 ], [ 70.206390380859375, 32.704662322998161 ], [ 70.232696533203125, 32.702045440673771 ], [ 70.407974243164062, 32.954601287841797 ], [ 70.419456481933651, 32.974563598632812 ], [ 70.430274963378906, 33.054306030273438 ], [ 70.45041656494152, 33.087116241455192 ], [ 70.474761962890625, 33.104049682617188 ], [ 70.494613647460994, 33.112720489501953 ], [ 70.522727966308707, 33.170333862304744 ], [ 70.538398742675724, 33.196262359619141 ], [ 70.663681030273551, 33.233791351318473 ], [ 70.679664611816463, 33.240173339843864 ], [ 70.678138732910213, 33.22684478759777 ], [ 70.690368652343864, 33.21715164184576 ], [ 70.86545562744152, 33.197731018066406 ], [ 70.872970581054688, 33.183452606201286 ], [ 70.828590393066463, 33.118762969970817 ], [ 70.811370849609375, 33.101345062255916 ], [ 70.764320373535213, 33.089542388916072 ], [ 70.686958312988395, 33.067264556884879 ], [ 70.690345764160213, 33.051849365234432 ], [ 70.671073913574276, 33.046165466308651 ], [ 70.531761169433594, 33.028915405273438 ], [ 70.508514404296875, 33.011520385742131 ], [ 70.489227294921875, 32.981235504150504 ], [ 70.476028442382756, 32.932537078857479 ], [ 70.430320739746094, 32.871994018554744 ], [ 70.417411804199276, 32.847663879394645 ], [ 70.385925292968807, 32.829833984375057 ], [ 70.378120422363338, 32.796066284179744 ], [ 70.375526428222656, 32.762275695800781 ], [ 70.375160217285156, 32.731243133544922 ], [ 70.458862304687443, 32.639926910400391 ], [ 70.471298217773438, 32.627498626708984 ], [ 70.290321350097656, 32.632431030273494 ], [ 70.280166625976562, 32.632690429687614 ], [ 70.2420654296875, 32.612354278564567 ], [ 70.234329223632926, 32.607551574707031 ], [ 70.204025268554801, 32.620525360107479 ], [ 70.190017700195369, 32.619422912597656 ], [ 70.164390563964844, 32.609390258789176 ], [ 70.143272399902401, 32.586696624755859 ], [ 70.123321533203239, 32.54721832275402 ], [ 70.121078491210881, 32.543087005615291 ], [ 70.076995849609489, 32.434257507324276 ], [ 70.076408386230582, 32.430580139160156 ], [ 70.08921051025402, 32.330070495605469 ], [ 70.088066101074332, 32.325706481933651 ], [ 70.040290832519588, 32.253211975097656 ], [ 70.040206909179631, 32.246086120605582 ], [ 70.078666687011776, 32.226879119873161 ], [ 70.095275878906364, 32.218528747558651 ], [ 70.058151245117188, 32.185565948486328 ], [ 70.055450439453239, 32.165573120117301 ], [ 70.104560852050838, 32.072532653808537 ], [ 70.114013671874943, 32.036407470703182 ], [ 70.150627136230582, 32.000423431396541 ], [ 70.165802001953182, 31.984279632568473 ], [ 70.173057556152401, 31.947931289672908 ], [ 70.193771362304688, 31.889698028564567 ], [ 70.189468383789119, 31.827409744262752 ], [ 70.186843872070426, 31.81845855712902 ], [ 70.131057739257812, 31.829439163208008 ], [ 70.102989196777344, 31.845851898193359 ], [ 70.066719055175724, 31.841602325439567 ], [ 70.051033020019645, 31.837514877319336 ], [ 70.037467956543026, 31.849973678588924 ], [ 70.028587341308594, 31.864715576171932 ], [ 69.972831726074332, 31.883060455322266 ], [ 69.946022033691406, 31.890043258667049 ], [ 69.915344238281307, 31.894281387329102 ], [ 69.903816223144645, 31.89385986328125 ], [ 69.860435485839901, 31.867561340332088 ], [ 69.852767944335938, 31.868736267089901 ], [ 69.876266479492244, 31.884063720703239 ], [ 69.883987426757756, 31.887716293334961 ], [ 69.869232177734432, 31.892362594604549 ], [ 69.871299743652401, 31.951900482177734 ], [ 69.868354797363224, 31.95811843872076 ], [ 69.791961669921932, 31.97101020812994 ], [ 69.783851623535099, 32.004604339599666 ], [ 69.784774780273551, 32.012874603271598 ], [ 69.800704956054688, 32.037883758545036 ], [ 69.805740356445426, 32.045913696289119 ], [ 69.894325256347656, 32.066547393798828 ], [ 69.886169433593807, 32.072780609130973 ], [ 69.784423828124943, 32.076099395751953 ], [ 69.763275146484375, 32.074329376220817 ], [ 69.680465698242301, 32.055286407470703 ], [ 69.670837402343807, 32.053249359130916 ], [ 69.582946777343807, 31.974908828735465 ], [ 69.574920654296932, 31.969186782837028 ], [ 69.512886047363281, 31.94340896606451 ], [ 69.502151489257812, 31.940685272216797 ], [ 69.320945739746037, 31.930238723754996 ], [ 69.318435668945426, 31.929872512817496 ], [ 69.289459228515739, 32.092720031738395 ], [ 69.272842407226676, 32.151004791259879 ], [ 69.279594421386719, 32.292163848876896 ], [ 69.280838012695426, 32.35638427734375 ], [ 69.250244140625, 32.413997650146598 ], [ 69.238777160644531, 32.444305419921875 ], [ 69.248115539550781, 32.472476959228572 ] ] ] } },
{ "type": "Feature", "properties": { "GID_0": "PAK", "NAME_0": "Pakistan", "GID_1": "PAK.4_1", "NAME_1": "F.C.T.", "NL_NAME_1": null, "GID_2": "PAK.4.1_1", "NAME_2": "Islamabad", "NL_NAME_2": null, "GID_3": "PAK.4.1.1_1", "NAME_3": "Islamabad", "VARNAME_3": null, "NL_NAME_3": null, "TYPE_3": "District", "ENGTYPE_3": "District", "CC_3": null, "HASC_3": null }, "geometry": { "type": "Polygon", "coordinates": [ [ [ 73.145164489746207, 33.803329467773494 ], [ 73.231300354003963, 33.770648956298885 ], [ 73.244857788085994, 33.763011932373104 ], [ 73.256149291992301, 33.725009918212891 ], [ 73.265586853027344, 33.709087371826286 ], [ 73.302238464355526, 33.706195831298885 ], [ 73.333801269531364, 33.703384399414119 ], [ 73.290489196777457, 33.66693115234375 ], [ 73.28018951416027, 33.657344818115291 ], [ 73.253662109375114, 33.656135559082088 ], [ 73.24985504150402, 33.651554107666016 ], [ 73.249000549316406, 33.626502990722656 ], [ 73.245101928711051, 33.594078063964844 ], [ 73.19071197509777, 33.528793334960881 ], [ 73.163223266601619, 33.494182586669922 ], [ 73.065414428711051, 33.530979156494084 ], [ 73.054107666015682, 33.546932220459041 ], [ 73.073234558105582, 33.555915832519531 ], [ 73.103988647460938, 33.574001312255916 ], [ 73.105880737304631, 33.595783233642692 ], [ 73.075775146484375, 33.629203796386776 ], [ 73.057479858398438, 33.6640625 ], [ 72.97006988525402, 33.634330749511719 ], [ 72.948585510253906, 33.629791259765682 ], [ 72.882698059082145, 33.586730957031364 ], [ 72.858459472656364, 33.576202392578182 ], [ 72.782669067382869, 33.680175781250114 ], [ 72.777900695800838, 33.705310821533146 ], [ 72.856101989746151, 33.726833343505973 ], [ 72.880088806152344, 33.75444412231451 ], [ 72.901466369628906, 33.752994537353459 ], [ 72.931861877441463, 33.747837066650504 ], [ 72.933067321777457, 33.733577728271484 ], [ 72.960533142089957, 33.736019134521428 ], [ 73.145164489746207, 33.803329467773494 ] ] ] } },
{ "type": "Feature", "properties": { "GID_0": "PAK", "NAME_0": "Pakistan", "GID_1": "PAK.5_1", "NAME_1": "N.W.F.P.", "NL_NAME_1": null, "GID_2": "PAK.5.1_1", "NAME_2": "Bannu", "NL_NAME_2": null, "GID_3": "PAK.5.1.1_1", "NAME_3": "Bannu", "VARNAME_3": null, "NL_NAME_3": null, "TYPE_3": "District", "ENGTYPE_3": "District", "CC_3": null, "HASC_3": null }, "geometry": { "type": "Polygon", "coordinates": [ [ [ 70.811370849609375, 33.101345062255916 ], [ 70.816001892089901, 33.052131652832145 ], [ 70.824302673339957, 33.034400939941349 ], [ 70.886123657226562, 33.019027709960994 ], [ 70.90970611572277, 33.018032073974666 ], [ 70.957077026367188, 32.939712524414119 ], [ 70.972122192382926, 32.912994384765682 ], [ 70.970672607421875, 32.883110046386832 ], [ 70.968086242675895, 32.872772216796932 ], [ 70.909332275390739, 32.846065521240234 ], [ 70.897430419921875, 32.837596893310604 ], [ 70.877830505371151, 32.850307464599609 ], [ 70.866256713867301, 32.869426727294979 ], [ 70.823471069335994, 32.847724914550781 ], [ 70.802444458007812, 32.855838775634766 ], [ 70.785614013671875, 32.848075866699219 ], [ 70.800979614257869, 32.824577331543082 ], [ 70.798057556152344, 32.809413909912223 ], [ 70.750724792480469, 32.797611236572209 ], [ 70.717674255371207, 32.786914825439567 ], [ 70.708946228027344, 32.814529418945312 ], [ 70.705276489257926, 32.829257965088004 ], [ 70.632644653320312, 32.812248229980469 ], [ 70.620758056640739, 32.804702758789176 ], [ 70.584800720214844, 32.826198577880973 ], [ 70.563934326171989, 32.824886322021428 ], [ 70.527122497558707, 32.774658203125 ], [ 70.517349243164119, 32.760437011718807 ], [ 70.403488159179744, 32.713218688964844 ], [ 70.397476196289062, 32.710292816162109 ], [ 70.387367248535156, 32.719017028808651 ], [ 70.375160217285156, 32.731243133544922 ], [ 70.378120422363338, 32.796066284179744 ], [ 70.385925292968807, 32.829833984375057 ], [ 70.417411804199276, 32.847663879394645 ], [ 70.45263671875, 32.902957916259766 ], [ 70.476028442382756, 32.932537078857479 ], [ 70.489227294921875, 32.981235504150504 ], [ 70.508514404296875, 33.011520385742131 ], [ 70.531761169433594, 33.028915405273438 ], [ 70.569496154785099, 33.040977478027401 ], [ 70.671073913574276, 33.046165466308651 ], [ 70.690345764160213, 33.051849365234432 ], [ 70.686958312988395, 33.067264556884879 ], [ 70.811370849609375, 33.101345062255916 ] ] ] } },
{ "type": "Feature", "properties": { "GID_0": "PAK", "NAME_0": "Pakistan", "GID_1": "PAK.5_1", "NAME_1": "N.W.F.P.", "NL_NAME_1": null, "GID_2": "PAK.5.1_1", "NAME_2": "Bannu", "NL_NAME_2": null, "GID_3": "PAK.5.1.2_1", "NAME_3": "Lakki Marwat", "VARNAME_3": null, "NL_NAME_3": null, "TYPE_3": "District", "ENGTYPE_3": "District", "CC_3": null, "HASC_3": null }, "geometry": { "type": "Polygon", "coordinates": [ [ [ 70.566238403320426, 32.484401702880973 ], [ 70.579627990722656, 32.504123687744141 ], [ 70.404747009277344, 32.70401763916027 ], [ 70.397476196289062, 32.710292816162109 ], [ 70.507133483886719, 32.754493713378963 ], [ 70.517349243164119, 32.760437011718807 ], [ 70.550071716308594, 32.812747955322322 ], [ 70.563934326171989, 32.824886322021428 ], [ 70.599464416503906, 32.813507080078239 ], [ 70.620758056640739, 32.804702758789176 ], [ 70.632644653320312, 32.812248229980469 ], [ 70.659164428710938, 32.827106475830135 ], [ 70.705276489257926, 32.829257965088004 ], [ 70.708946228027344, 32.814529418945312 ], [ 70.717674255371207, 32.786914825439567 ], [ 70.776054382324162, 32.804885864257869 ], [ 70.798057556152344, 32.809413909912223 ], [ 70.785614013671875, 32.848075866699219 ], [ 70.802444458007812, 32.855838775634766 ], [ 70.823471069335994, 32.847724914550781 ], [ 70.844085693359432, 32.850418090820369 ], [ 70.853317260742188, 32.865558624267578 ], [ 70.866256713867301, 32.869426727294979 ], [ 70.877830505371151, 32.850307464599609 ], [ 70.884796142578125, 32.836029052734489 ], [ 70.936302185058594, 32.853103637695369 ], [ 70.968086242675895, 32.872772216796932 ], [ 70.981391906738338, 32.814563751220817 ], [ 70.983840942382869, 32.812717437744141 ], [ 71.068489074707031, 32.802097320556697 ], [ 71.123771667480412, 32.790420532226676 ], [ 71.169464111328182, 32.592788696289119 ], [ 71.171295166015625, 32.585426330566406 ], [ 71.262161254882869, 32.589729309082088 ], [ 71.270385742187614, 32.565792083740291 ], [ 71.242874145507869, 32.513004302978629 ], [ 71.242790222167912, 32.505874633789006 ], [ 71.200897216796932, 32.466697692871151 ], [ 71.195556640625057, 32.455451965332088 ], [ 71.162063598632926, 32.453720092773494 ], [ 71.151603698730582, 32.450767517089844 ], [ 71.121276855468864, 32.415458679199332 ], [ 71.116279602050895, 32.410186767578125 ], [ 70.721748352050781, 32.271228790283203 ], [ 70.705490112304631, 32.264846801757812 ], [ 70.68853759765625, 32.26995849609375 ], [ 70.679496765136832, 32.271137237548942 ], [ 70.710197448730582, 32.385299682617301 ], [ 70.702957153320426, 32.399116516113281 ], [ 70.639686584472599, 32.408519744873047 ], [ 70.624404907226676, 32.415233612060547 ], [ 70.566238403320426, 32.484401702880973 ] ] ] } },
{ "type": "Feature", "properties": { "GID_0": "PAK", "NAME_0": "Pakistan", "GID_1": "PAK.5_1", "NAME_1": "N.W.F.P.", "NL_NAME_1": null, "GID_2": "PAK.5.2_1", "NAME_2": "Dera Ismail Khan", "NL_NAME_2": null, "GID_3": "PAK.5.2.1_1", "NAME_3": "Dera Ismail Khan", "VARNAME_3": "D.I.Khan", "NL_NAME_3": null, "TYPE_3": "District", "ENGTYPE_3": "District", "CC_3": null, "HASC_3": null }, "geometry": { "type": "Polygon", "coordinates": [ [ [ 70.809310913085938, 31.389499664306697 ], [ 70.777053833007812, 31.306379318237362 ], [ 70.772048950195256, 31.30087852478033 ], [ 70.543800354003906, 31.325759887695426 ], [ 70.535560607910156, 31.325098037719727 ], [ 70.497093200683651, 31.296714782714901 ], [ 70.489097595214901, 31.293521881103516 ], [ 70.43881988525402, 31.287708282470817 ], [ 70.430572509765682, 31.286125183105412 ], [ 70.388618469238395, 31.242120742797795 ], [ 70.369735717773551, 31.245861053466854 ], [ 70.313735961914062, 31.429733276367301 ], [ 70.307998657226506, 31.478261947631893 ], [ 70.20059967041027, 31.747137069702148 ], [ 70.189834594726619, 31.765335083007869 ], [ 70.189468383789119, 31.827409744262752 ], [ 70.197998046875, 31.852670669555664 ], [ 70.165802001953182, 31.984279632568473 ], [ 70.150627136230582, 32.000423431396541 ], [ 70.205932617187614, 32.036796569824276 ], [ 70.234428405761719, 32.057395935058651 ], [ 70.223365783691406, 32.096515655517578 ], [ 70.22430419921875, 32.105709075927791 ], [ 70.330215454101619, 32.083061218261719 ], [ 70.366950988769531, 32.080875396728516 ], [ 70.494850158691463, 32.107818603515568 ], [ 70.524414062500057, 32.102203369140682 ], [ 70.550041198730412, 32.111545562744141 ], [ 70.55936431884777, 32.134735107421875 ], [ 70.572006225585938, 32.229183197021598 ], [ 70.596603393554688, 32.244506835937557 ], [ 70.667335510253849, 32.263130187988281 ], [ 70.681022644043082, 32.284236907959041 ], [ 70.693962097168026, 32.264194488525447 ], [ 70.705490112304631, 32.264846801757812 ], [ 71.028320312500057, 32.373001098632812 ], [ 71.037948608398438, 32.375267028808594 ], [ 71.088134765625, 32.396484375000057 ], [ 71.116279602050895, 32.410186767578125 ], [ 71.145217895507869, 32.444351196289119 ], [ 71.151603698730582, 32.450767517089844 ], [ 71.187553405761776, 32.451568603515625 ], [ 71.195556640625057, 32.455451965332088 ], [ 71.225669860839844, 32.496505737304801 ], [ 71.242790222167912, 32.505874633789006 ], [ 71.250358581543082, 32.496196746826286 ], [ 71.269515991210938, 32.491996765136719 ], [ 71.322341918945312, 32.528148651123047 ], [ 71.336891174316463, 32.528560638427791 ], [ 71.345962524414176, 32.506690979003906 ], [ 71.361885070800838, 32.508018493652344 ], [ 71.33945465087902, 32.443717956542969 ], [ 71.335441589355582, 32.429248809814567 ], [ 71.348495483398438, 32.419319152832031 ], [ 71.341461181640625, 32.380947113037166 ], [ 71.345726013183707, 32.370128631591911 ], [ 71.33514404296875, 32.356830596923828 ], [ 71.292617797851562, 32.356967926025504 ], [ 71.274620056152457, 32.343460083007869 ], [ 71.1915283203125, 32.253608703613338 ], [ 71.187622070312614, 32.247875213623161 ], [ 71.169120788574332, 32.167697906494197 ], [ 71.163772583007926, 32.156452178955135 ], [ 71.128280639648494, 32.14805984497076 ], [ 71.11801910400402, 32.139129638671875 ], [ 71.118049621581974, 32.094757080078182 ], [ 71.115760803222599, 32.086715698242244 ], [ 71.085128784179744, 32.025203704834041 ], [ 71.067222595214901, 32.019283294677734 ], [ 71.056571960449332, 31.953565597534237 ], [ 71.041893005371207, 31.941659927368221 ], [ 71.044059753417969, 31.892452239990291 ], [ 71.036628723144531, 31.867187500000057 ], [ 70.868843078613338, 31.668638229370231 ], [ 70.861000061035156, 31.655099868774414 ], [ 70.862174987793026, 31.59187126159668 ], [ 70.864768981933594, 31.578529357910099 ], [ 70.848358154296875, 31.559961318969783 ], [ 70.849235534668026, 31.540876388549918 ], [ 70.875526428222713, 31.514122009277344 ], [ 70.877372741699219, 31.507678985595703 ], [ 70.849792480468807, 31.495582580566406 ], [ 70.847236633300781, 31.488235473632869 ], [ 70.860946655273438, 31.440830230712947 ], [ 70.852485656738395, 31.421085357666016 ], [ 70.809310913085938, 31.389499664306697 ] ] ] } },
{ "type": "Feature", "properties": { "GID_0": "PAK", "NAME_0": "Pakistan", "GID_1": "PAK.5_1", "NAME_1": "N.W.F.P.", "NL_NAME_1": null, "GID_2": "PAK.5.2_1", "NAME_2": "Dera Ismail Khan", "NL_NAME_2": null, "GID_3": "PAK.5.2.2_1", "NAME_3": "Tank", "VARNAME_3": null, "NL_NAME_3": null, "TYPE_3": "District", "ENGTYPE_3": "District", "CC_3": null, "HASC_3": null }, "geometry": { "type": "Polygon", "coordinates": [ [ [ 70.150627136230582, 32.000423431396541 ], [ 70.128578186035156, 32.01520919799799 ], [ 70.114013671874943, 32.036407470703182 ], [ 70.055450439453239, 32.165573120117301 ], [ 70.058151245117188, 32.185565948486328 ], [ 70.178573608398494, 32.27667236328125 ], [ 70.196998596191406, 32.303512573242131 ], [ 70.265670776367188, 32.310417175292969 ], [ 70.301162719726562, 32.318576812744197 ], [ 70.337516784668082, 32.353633880615234 ], [ 70.409225463867301, 32.408809661865291 ], [ 70.453308105468864, 32.494186401367301 ], [ 70.466590881347713, 32.503799438476562 ], [ 70.497314453125057, 32.503242492675781 ], [ 70.556739807128906, 32.470401763916072 ], [ 70.566238403320426, 32.484401702880973 ], [ 70.614898681640625, 32.423770904540959 ], [ 70.624404907226676, 32.415233612060547 ], [ 70.667686462402457, 32.409576416015625 ], [ 70.681953430175838, 32.409530639648551 ], [ 70.710197448730582, 32.385299682617301 ], [ 70.71051025390625, 32.364837646484432 ], [ 70.681022644043082, 32.284236907959041 ], [ 70.667335510253849, 32.263130187988281 ], [ 70.596603393554688, 32.244506835937557 ], [ 70.572006225585938, 32.229183197021598 ], [ 70.55936431884777, 32.134735107421875 ], [ 70.550041198730412, 32.111545562744141 ], [ 70.415061950683594, 32.088764190673885 ], [ 70.366950988769531, 32.080875396728516 ], [ 70.242080688476619, 32.101051330566463 ], [ 70.22430419921875, 32.105709075927791 ], [ 70.229202270507926, 32.079021453857479 ], [ 70.234428405761719, 32.057395935058651 ], [ 70.150627136230582, 32.000423431396541 ] ] ] } },
{ "type": "Feature", "properties": { "GID_0": "PAK", "NAME_0": "Pakistan", "GID_1": "PAK.5_1", "NAME_1": "N.W.F.P.", "NL_NAME_1": null, "GID_2": "PAK.5.3_1", "NAME_2": "F.A.T.A.", "NL_NAME_2": null, "GID_3": "PAK.5.3.1_1", "NAME_3": "Adam Khel", "VARNAME_3": null, "NL_NAME_3": null, "TYPE_3": "District", "ENGTYPE_3": "District", "CC_3": null, "HASC_3": null }, "geometry": { "type": "Polygon", "coordinates": [ [ [ 71.340522766113338, 33.768180847167969 ], [ 71.378738403320426, 33.752193450927848 ], [ 71.485122680664119, 33.746330261230526 ], [ 71.502616882324219, 33.749816894531364 ], [ 71.522415161132812, 33.723655700683651 ], [ 71.572090148925838, 33.722137451171989 ], [ 71.672302246093864, 33.751239776611442 ], [ 71.722427368164176, 33.791080474853572 ], [ 71.736160278320426, 33.821334838867301 ], [ 71.76202392578125, 33.821529388427734 ], [ 71.785453796386719, 33.784439086914062 ], [ 71.799079895019588, 33.776805877685661 ], [ 71.867614746093864, 33.771987915039062 ], [ 71.875663757324219, 33.756328582763729 ], [ 71.80035400390625, 33.674957275390625 ], [ 71.789810180664006, 33.665103912353516 ], [ 71.838333129882869, 33.638736724853629 ], [ 71.84720611572277, 33.623077392578125 ], [ 71.677780151367244, 33.540863037109375 ], [ 71.631889343261662, 33.535263061523551 ], [ 71.593635559082088, 33.548034667968864 ], [ 71.583404541015739, 33.564620971679801 ], [ 71.660820007324332, 33.615177154541072 ], [ 71.645927429199276, 33.631778717041072 ], [ 71.398231506347599, 33.636489868164119 ], [ 71.368659973144645, 33.628166198730412 ], [ 71.368377685546932, 33.664176940918082 ], [ 71.36871337890625, 33.716361999511776 ], [ 71.340522766113338, 33.768180847167969 ] ] ] } },
{ "type": "Feature", "properties": { "GID_0": "PAK", "NAME_0": "Pakistan", "GID_1": "PAK.5_1", "NAME_1": "N.W.F.P.", "NL_NAME_1": null, "GID_2": "PAK.5.3_1", "NAME_2": "F.A.T.A.", "NL_NAME_2": null, "GID_3": "PAK.5.3.2_1", "NAME_3": "Bhittani", "VARNAME_3": null, "NL_NAME_3": null, "TYPE_3": "District", "ENGTYPE_3": "District", "CC_3": null, "HASC_3": null }, "geometry": { "type": "Polygon", "coordinates": [ [ [ 70.471298217773438, 32.627498626708984 ], [ 70.554145812988338, 32.529724121093693 ], [ 70.579627990722656, 32.504123687744141 ], [ 70.566238403320426, 32.484401702880973 ], [ 70.556739807128906, 32.470401763916072 ], [ 70.497314453125057, 32.503242492675781 ], [ 70.466590881347713, 32.503799438476562 ], [ 70.423751831054801, 32.431060791015739 ], [ 70.409225463867301, 32.408809661865291 ], [ 70.323097229003906, 32.340805053710994 ], [ 70.301162719726562, 32.318576812744197 ], [ 70.228096008300781, 32.311687469482479 ], [ 70.196998596191406, 32.303512573242131 ], [ 70.104972839355526, 32.223575592041072 ], [ 70.095275878906364, 32.218528747558651 ], [ 70.042381286621151, 32.243782043457145 ], [ 70.040206909179631, 32.246086120605582 ], [ 70.081298828125057, 32.310325622558707 ], [ 70.088066101074332, 32.325706481933651 ], [ 70.076408386230582, 32.430580139160156 ], [ 70.076995849609489, 32.434257507324276 ], [ 70.143272399902401, 32.586696624755859 ], [ 70.164390563964844, 32.609390258789176 ], [ 70.222587585449219, 32.612419128418026 ], [ 70.234329223632926, 32.607551574707031 ], [ 70.26560211181652, 32.630210876464957 ], [ 70.280166625976562, 32.632690429687614 ], [ 70.471298217773438, 32.627498626708984 ] ] ] } },
{ "type": "Feature", "properties": { "GID_0": "PAK", "NAME_0": "Pakistan", "GID_1": "PAK.5_1", "NAME_1": "N.W.F.P.", "NL_NAME_1": null, "GID_2": "PAK.5.4_1", "NAME_2": "Hazara", "NL_NAME_2": null, "GID_3": "PAK.5.4.1_1", "NAME_3": "Abbottabad", "VARNAME_3": null, "NL_NAME_3": null, "TYPE_3": "District", "ENGTYPE_3": "District", "CC_3": null, "HASC_3": null }, "geometry": { "type": "Polygon", "coordinates": [ [ [ 73.501960754394588, 34.024394989013786 ], [ 73.468147277832031, 34.018756866455078 ], [ 73.448486328125, 34.003417968750057 ], [ 73.437553405761832, 33.983913421630916 ], [ 73.41196441650402, 33.977558135986328 ], [ 73.379562377929801, 33.975593566894588 ], [ 73.369255065918082, 33.962062835693359 ], [ 73.380065917968807, 33.948463439941406 ], [ 73.375244140625, 33.934684753417969 ], [ 73.336952209472713, 33.89825439453125 ], [ 73.334014892578125, 33.8817138671875 ], [ 73.256828308105526, 33.851154327392635 ], [ 73.238899230957088, 33.834541320800724 ], [ 73.237304687499943, 33.847080230712891 ], [ 73.237335205078125, 33.850070953369254 ], [ 73.213569641113338, 33.858654022216911 ], [ 73.199623107910213, 33.862838745117244 ], [ 73.206077575683594, 33.875 ], [ 73.215492248535213, 33.882328033447266 ], [ 73.196929931640625, 33.890434265136719 ], [ 73.191177368164062, 33.891143798828239 ], [ 73.20379638671875, 33.914093017578125 ], [ 73.203323364257926, 33.920532226562614 ], [ 73.123176574707088, 33.894351959228516 ], [ 73.114753723144588, 33.901508331298885 ], [ 73.119209289550895, 33.930461883544979 ], [ 73.117050170898494, 33.933685302734489 ], [ 73.157859802246151, 33.973785400390625 ], [ 73.158996582031307, 33.977001190185604 ], [ 73.153114318847713, 34.013343811035213 ], [ 73.15067291259777, 34.016109466552791 ], [ 73.110458374023381, 34.026126861572209 ], [ 73.095954895019645, 34.028934478759879 ], [ 73.090393066406364, 34.046195983886832 ], [ 73.089057922363395, 34.048957824707031 ], [ 73.045944213867301, 34.045879364013729 ], [ 73.042671203613338, 34.047500610351619 ], [ 73.014976501464901, 34.095409393310547 ], [ 73.0128173828125, 34.098175048828125 ], [ 72.959426879882812, 34.084323883056641 ], [ 72.941886901855469, 34.085990905761719 ], [ 72.93499755859375, 34.129924774169922 ], [ 72.929046630859489, 34.137298583984375 ], [ 72.953620910644645, 34.150783538818416 ], [ 72.956954956054688, 34.154453277588004 ], [ 72.947799682617188, 34.168735504150447 ], [ 72.939109802246151, 34.176582336425781 ], [ 72.957618713378963, 34.187324523925838 ], [ 72.968162536621207, 34.197406768798771 ], [ 72.962295532226562, 34.234901428222656 ], [ 72.957679748535099, 34.239055633544922 ], [ 72.9971923828125, 34.262607574463004 ], [ 73.018234252929744, 34.278861999511776 ], [ 73.050735473632926, 34.266571044921875 ], [ 73.074127197265682, 34.249019622802791 ], [ 73.183555603027344, 34.268898010253906 ], [ 73.196739196777344, 34.270004272460938 ], [ 73.233551025390625, 34.297241210937614 ], [ 73.277633666992244, 34.312961578369254 ], [ 73.380470275878963, 34.40159988403326 ], [ 73.403053283691349, 34.411998748779297 ], [ 73.405258178710994, 34.33526611328125 ], [ 73.406097412109318, 34.331665039062557 ], [ 73.467933654785156, 34.249473571777401 ], [ 73.478218078613281, 34.221958160400504 ], [ 73.508476257324332, 34.065528869628906 ], [ 73.513137817382812, 34.041603088378963 ], [ 73.501960754394588, 34.024394989013786 ] ] ] } },
{ "type": "Feature", "properties": { "GID_0": "PAK", "NAME_0": "Pakistan", "GID_1": "PAK.5_1", "NAME_1": "N.W.F.P.", "NL_NAME_1": null, "GID_2": "PAK.5.4_1", "NAME_2": "Hazara", "NL_NAME_2": null, "GID_3": "PAK.5.4.2_1", "NAME_3": "Battagram", "VARNAME_3": "Batgram", "NL_NAME_3": null, "TYPE_3": "District", "ENGTYPE_3": "District", "CC_3": null, "HASC_3": null }, "geometry": { "type": "Polygon", "coordinates": [ [ [ 73.452110290527344, 34.963020324707088 ], [ 73.458412170410156, 34.939548492431754 ], [ 73.461181640625114, 34.918159484863281 ], [ 73.420173645019645, 34.837368011474609 ], [ 73.397209167480526, 34.82111740112299 ], [ 73.351158142089957, 34.70838546752924 ], [ 73.338005065917912, 34.686359405517635 ], [ 73.322830200195369, 34.679050445556641 ], [ 73.251258850097656, 34.728710174560604 ], [ 73.223526000976676, 34.726963043212947 ], [ 73.209068298339787, 34.711147308349666 ], [ 73.198577880859318, 34.682441711425838 ], [ 73.160942077636776, 34.654518127441406 ], [ 73.129707336425895, 34.635307312011719 ], [ 73.094490051269531, 34.580474853515739 ], [ 73.074981689453068, 34.578010559082145 ], [ 73.053733825683651, 34.590721130371151 ], [ 72.986976623535213, 34.583122253418082 ], [ 72.967025756835881, 34.590084075927848 ], [ 72.977920532226562, 34.676033020019645 ], [ 72.975814819335938, 34.684085845947322 ], [ 72.927307128906364, 34.688610076904297 ], [ 72.912879943847656, 34.698085784912053 ], [ 72.919136047363395, 34.716686248779354 ], [ 72.916114807128906, 34.740146636962947 ], [ 72.885696411132869, 34.766223907470703 ], [ 72.880424499511832, 34.773078918457088 ], [ 72.922126770019588, 34.784267425537223 ], [ 72.928039550781307, 34.820343017578182 ], [ 72.972312927246207, 34.829166412353516 ], [ 72.985427856445369, 34.847515106201229 ], [ 72.977912902832031, 34.86179351806652 ], [ 72.952812194824276, 34.87382888793951 ], [ 72.884468078613281, 34.894744873046932 ], [ 72.875755310058651, 34.897953033447379 ], [ 72.905563354492301, 34.939044952392578 ], [ 72.921646118164062, 34.953479766845646 ], [ 72.964950561523438, 34.972877502441406 ], [ 72.968528747558707, 34.973556518554801 ], [ 73.102355957031307, 34.945304870605526 ], [ 73.119819641113281, 34.937198638916072 ], [ 73.355247497558651, 34.962184906005916 ], [ 73.360755920410156, 34.964237213134822 ], [ 73.425842285156307, 34.946323394775447 ], [ 73.429954528808594, 34.946079254150391 ], [ 73.452110290527344, 34.963020324707088 ] ] ] } },
{ "type": "Feature", "properties": { "GID_0": "PAK", "NAME_0": "Pakistan", "GID_1": "PAK.5_1", "NAME_1": "N.W.F.P.", "NL_NAME_1": null, "GID_2": "PAK.5.4_1", "NAME_2": "Hazara", "NL_NAME_2": null, "GID_3": "PAK.5.4.3_1", "NAME_3": "Haripur", "VARNAME_3": null, "NL_NAME_3": null, "TYPE_3": "District", "ENGTYPE_3": "District", "CC_3": null, "HASC_3": null }, "geometry": { "type": "Polygon", "coordinates": [ [ [ 73.238899230957088, 33.834541320800724 ], [ 73.145164489746207, 33.803329467773494 ], [ 73.056266784668082, 33.780769348144531 ], [ 72.960533142089957, 33.736019134521428 ], [ 72.933067321777457, 33.733577728271484 ], [ 72.931861877441463, 33.747837066650504 ], [ 72.842315673828125, 33.762153625488338 ], [ 72.832008361816406, 33.772071838378963 ], [ 72.855842590332031, 33.792686462402401 ], [ 72.870491027832145, 33.801605224609375 ], [ 72.827117919921932, 33.822666168212891 ], [ 72.838989257812614, 33.85228347778326 ], [ 72.847694396972656, 33.869499206542969 ], [ 72.799377441406193, 33.889888763427848 ], [ 72.786560058593864, 33.896827697753963 ], [ 72.795280456543026, 33.914958953857422 ], [ 72.794631958007812, 33.929676055908203 ], [ 72.740249633789006, 33.924793243408317 ], [ 72.695198059082145, 33.873443603515568 ], [ 72.669265747070426, 33.861572265625114 ], [ 72.644134521484375, 33.870849609375057 ], [ 72.622817993164062, 33.877815246582145 ], [ 72.619148254394531, 33.89231109619152 ], [ 72.644638061523551, 33.913379669189567 ], [ 72.656051635742244, 33.927825927734375 ], [ 72.587287902832031, 33.936557769775447 ], [ 72.550872802734375, 33.942424774169922 ], [ 72.541671752929801, 33.976936340332088 ], [ 72.531524658203239, 33.987617492675838 ], [ 72.629859924316406, 34.010215759277344 ], [ 72.634254455566406, 34.010433197021598 ], [ 72.675651550292969, 34.054210662841797 ], [ 72.684066772460994, 34.069816589355526 ], [ 72.783653259277401, 34.115703582763729 ], [ 72.785598754882926, 34.117996215820312 ], [ 72.79764556884777, 34.138877868652401 ], [ 72.797691345214844, 34.142784118652344 ], [ 72.77960205078125, 34.214344024658317 ], [ 72.779373168945312, 34.218254089355582 ], [ 72.745109558105526, 34.267791748046932 ], [ 72.738639831543026, 34.277240753173885 ], [ 72.745368957519645, 34.289634704589787 ], [ 72.743484497070256, 34.292629241943359 ], [ 72.718101501464957, 34.304206848144588 ], [ 72.702972412109432, 34.313957214355526 ], [ 72.717933654785099, 34.336391448974666 ], [ 72.732353210449276, 34.349220275878963 ], [ 72.785171508789119, 34.361461639404297 ], [ 72.808441162109432, 34.356788635253906 ], [ 72.848564147949332, 34.339187622070426 ], [ 72.858627319335994, 34.331798553466854 ], [ 72.856704711914119, 34.307891845703239 ], [ 72.856117248535213, 34.30467605590826 ], [ 72.878730773925781, 34.291267395019588 ], [ 72.886894226074332, 34.285724639892521 ], [ 72.880653381347656, 34.268272399902287 ], [ 72.880332946777401, 34.264595031738395 ], [ 72.957679748535099, 34.239055633544922 ], [ 72.962295532226562, 34.234901428222656 ], [ 72.968475341796932, 34.200397491455135 ], [ 72.968162536621207, 34.197406768798771 ], [ 72.939697265625114, 34.179569244384822 ], [ 72.939109802246151, 34.176582336425781 ], [ 72.951065063476562, 34.166427612304688 ], [ 72.958099365234375, 34.158126831054744 ], [ 72.933189392089901, 34.139816284179744 ], [ 72.929046630859489, 34.137298583984375 ], [ 72.939453125000057, 34.089218139648438 ], [ 72.941886901855469, 34.085990905761719 ], [ 73.001800537109375, 34.094993591308651 ], [ 73.0128173828125, 34.098175048828125 ], [ 73.039947509765625, 34.049346923828125 ], [ 73.042671203613338, 34.047500610351619 ], [ 73.07724761962902, 34.048076629638672 ], [ 73.089057922363395, 34.048957824707031 ], [ 73.094337463378963, 34.031467437744084 ], [ 73.095954895019645, 34.028934478759879 ], [ 73.143058776855582, 34.021652221679631 ], [ 73.15067291259777, 34.016109466552791 ], [ 73.159851074218864, 33.979988098144588 ], [ 73.158996582031307, 33.977001190185604 ], [ 73.120681762695369, 33.939189910888672 ], [ 73.117050170898494, 33.933685302734489 ], [ 73.126785278320369, 33.921237945556641 ], [ 73.127021789550895, 33.918018341064453 ], [ 73.116699218750114, 33.903800964355469 ], [ 73.114753723144588, 33.901508331298885 ], [ 73.127563476562557, 33.894336700439396 ], [ 73.131958007812614, 33.894325256347713 ], [ 73.191795349121151, 33.920108795166016 ], [ 73.203323364257926, 33.920532226562614 ], [ 73.189857482910156, 33.895515441894645 ], [ 73.191177368164062, 33.891143798828239 ], [ 73.214714050293026, 33.886009216308707 ], [ 73.215492248535213, 33.882328033447266 ], [ 73.198295593261776, 33.866291046142521 ], [ 73.199623107910213, 33.862838745117244 ], [ 73.227531433105582, 33.855850219726676 ], [ 73.231094360351619, 33.855609893798771 ], [ 73.238899230957088, 33.834541320800724 ] ] ] } },
{ "type": "Feature", "properties": { "GID_0": "PAK", "NAME_0": "Pakistan", "GID_1": "PAK.5_1", "NAME_1": "N.W.F.P.", "NL_NAME_1": null, "GID_2": "PAK.5.4_1", "NAME_2": "Hazara", "NL_NAME_2": null, "GID_3": "PAK.5.4.4_1", "NAME_3": "Kohistan", "VARNAME_3": null, "NL_NAME_3": null, "TYPE_3": "District", "ENGTYPE_3": "District", "CC_3": null, "HASC_3": null }, "geometry": { "type": "Polygon", "coordinates": [ [ [ 73.923385620117188, 35.20590972900402 ], [ 73.903785705566406, 35.17881011962902 ], [ 73.889366149902457, 35.166210174560547 ], [ 73.803482055664119, 35.142120361328182 ], [ 73.787933349609489, 35.126308441162109 ], [ 73.75589752197277, 35.131931304931697 ], [ 73.730720520019645, 35.137527465820369 ], [ 73.706695556640568, 35.124271392822322 ], [ 73.695091247558594, 35.094192504882812 ], [ 73.685546875, 35.075370788574276 ], [ 73.578025817871151, 35.078479766845703 ], [ 73.55484771728527, 35.067291259765625 ], [ 73.548568725586051, 35.046619415283203 ], [ 73.536285400390682, 35.028728485107479 ], [ 73.494247436523438, 35.023574829101506 ], [ 73.478469848632869, 35.011444091796932 ], [ 73.441268920898494, 34.95109939575201 ], [ 73.429954528808594, 34.946079254150391 ], [ 73.365150451660156, 34.964221954345703 ], [ 73.360755920410156, 34.964237213134822 ], [ 73.123672485351562, 34.937648773193303 ], [ 73.119819641113281, 34.937198638916072 ], [ 72.990493774414006, 34.974864959716797 ], [ 72.986656188964957, 34.975109100341854 ], [ 72.947082519531307, 34.969490051269588 ], [ 72.932723999023438, 34.962177276611385 ], [ 72.877120971679744, 34.899826049804688 ], [ 72.875755310058651, 34.897953033447379 ], [ 72.864524841308651, 34.902164459228629 ], [ 72.858894348144531, 34.913448333740234 ], [ 72.876976013183707, 34.980979919433651 ], [ 72.871864318847656, 34.989273071289062 ], [ 72.802627563476562, 35.004444122314453 ], [ 72.793586730957088, 35.029071807861328 ], [ 72.787811279296932, 35.050701141357536 ], [ 72.775726318359318, 35.096492767334098 ], [ 72.793891906738281, 35.124710083007812 ], [ 72.790489196777401, 35.138286590576286 ], [ 72.69443511962902, 35.182510375976562 ], [ 72.681732177734375, 35.199104309082031 ], [ 72.713073730468807, 35.250961303710938 ], [ 72.716278076171875, 35.267044067382869 ], [ 72.752532958984432, 35.27037429809576 ], [ 72.764755249023494, 35.282749176025391 ], [ 72.772399902343807, 35.349853515625057 ], [ 72.767074584960994, 35.386886596679801 ], [ 72.726921081542969, 35.401729583740234 ], [ 72.706207275390682, 35.413753509521484 ], [ 72.716255187988281, 35.427745819091854 ], [ 72.745620727539062, 35.452247619628963 ], [ 72.745590209960881, 35.472480773925838 ], [ 72.729049682617188, 35.489547729492131 ], [ 72.751327514648438, 35.517292022705021 ], [ 72.766921997070426, 35.537014007568416 ], [ 72.754859924316463, 35.560733795166129 ], [ 72.756126403808594, 35.574981689453239 ], [ 72.799972534179688, 35.593921661377067 ], [ 72.807647705078182, 35.617115020751953 ], [ 72.796089172363395, 35.660144805908317 ], [ 72.800941467285156, 35.676681518554688 ], [ 72.765373229980582, 35.685073852539062 ], [ 72.752014160156364, 35.691783905029411 ], [ 72.737495422363338, 35.717353820800838 ], [ 72.728202819824332, 35.743591308593864 ], [ 72.685615539550838, 35.784881591796932 ], [ 72.692123413086051, 35.801872253418026 ], [ 72.702415466308651, 35.813335418701172 ], [ 72.714599609375057, 35.826957702636662 ], [ 72.805816650390739, 35.855270385742244 ], [ 72.811096191406307, 35.857215881347713 ], [ 72.971374511718864, 35.833877563476562 ], [ 72.976379394531193, 35.833877563476562 ], [ 73.068878173828068, 35.863327026367301 ], [ 73.074707031250057, 35.864440917968807 ], [ 73.121093750000114, 35.842491149902401 ], [ 73.124145507812614, 35.838600158691406 ], [ 73.111923217773494, 35.765548706054688 ], [ 73.111648559570312, 35.759994506836051 ], [ 73.134429931640682, 35.711380004882812 ], [ 73.136108398437557, 35.708885192871037 ], [ 73.277206420898438, 35.616661071777401 ], [ 73.281097412109432, 35.613883972168082 ], [ 73.407485961914062, 35.574714660644588 ], [ 73.414428710937557, 35.573326110839844 ], [ 73.789703369140625, 35.516105651855469 ], [ 73.806777954101676, 35.504112243652401 ], [ 73.703598022461051, 35.39971923828125 ], [ 73.701934814453068, 35.394714355468864 ], [ 73.698318481445312, 35.306655883789062 ], [ 73.698867797851676, 35.301933288574276 ], [ 73.7208251953125, 35.233604431152344 ], [ 73.721374511718864, 35.22943115234375 ], [ 73.726654052734432, 35.221374511718693 ], [ 73.730545043945256, 35.219711303710938 ], [ 73.786651611328125, 35.239990234375057 ], [ 73.793869018554631, 35.239158630371094 ], [ 73.844985961914006, 35.209434509277401 ], [ 73.849716186523551, 35.207771301269645 ], [ 73.923385620117188, 35.20590972900402 ] ] ] } },
{ "type": "Feature", "properties": { "GID_0": "PAK", "NAME_0": "Pakistan", "GID_1": "PAK.5_1", "NAME_1": "N.W.F.P.", "NL_NAME_1": null, "GID_2": "PAK.5.4_1", "NAME_2": "Hazara", "NL_NAME_2": null, "GID_3": "PAK.5.4.5_1", "NAME_3": "Mansehra", "VARNAME_3": null, "NL_NAME_3": null, "TYPE_3": "District", "ENGTYPE_3": "District", "CC_3": null, "HASC_3": null }, "geometry": { "type": "Polygon", "coordinates": [ [ [ 72.808441162109432, 34.356788635253906 ], [ 72.816398620605469, 34.473552703857536 ], [ 72.830062866211051, 34.492130279541016 ], [ 72.800926208496094, 34.510848999023551 ], [ 72.781166076660213, 34.533214569091854 ], [ 72.792686462402457, 34.556396484375057 ], [ 72.801963806152401, 34.575447082519588 ], [ 72.803497314453182, 34.612686157226676 ], [ 72.786773681640739, 34.636882781982422 ], [ 72.806320190429744, 34.735904693603516 ], [ 72.812347412109318, 34.757957458496151 ], [ 72.834655761718693, 34.765239715576172 ], [ 72.880424499511832, 34.773078918457088 ], [ 72.89487457275402, 34.753318786621094 ], [ 72.916114807128906, 34.740146636962947 ], [ 72.919136047363395, 34.716686248779354 ], [ 72.912879943847656, 34.698085784912053 ], [ 72.962417602539176, 34.687580108642692 ], [ 72.975814819335938, 34.684085845947322 ], [ 72.966247558593864, 34.616756439209041 ], [ 72.967025756835881, 34.590084075927848 ], [ 73.01361083984375, 34.58487701416027 ], [ 73.053733825683651, 34.590721130371151 ], [ 73.074981689453068, 34.578010559082145 ], [ 73.094490051269531, 34.580474853515739 ], [ 73.111846923828125, 34.609844207763672 ], [ 73.129707336425895, 34.635307312011719 ], [ 73.18218994140625, 34.664794921875114 ], [ 73.198577880859318, 34.682441711425838 ], [ 73.209068298339787, 34.711147308349666 ], [ 73.223526000976676, 34.726963043212947 ], [ 73.251258850097656, 34.728710174560604 ], [ 73.273361206054688, 34.718296051025504 ], [ 73.322830200195369, 34.679050445556641 ], [ 73.338005065917912, 34.686359405517635 ], [ 73.383117675781307, 34.789207458496094 ], [ 73.397209167480526, 34.82111740112299 ], [ 73.420173645019645, 34.837368011474609 ], [ 73.433486938476619, 34.849967956543082 ], [ 73.448013305664176, 34.895210266113224 ], [ 73.461181640625114, 34.918159484863281 ], [ 73.454673767089901, 34.971057891845703 ], [ 73.461700439453182, 34.985286712646598 ], [ 73.478469848632869, 35.011444091796932 ], [ 73.494247436523438, 35.023574829101506 ], [ 73.515968322753849, 35.027183532714957 ], [ 73.536285400390682, 35.028728485107479 ], [ 73.548568725586051, 35.046619415283203 ], [ 73.55484771728527, 35.067291259765625 ], [ 73.578025817871151, 35.078479766845703 ], [ 73.612365722656307, 35.081817626953125 ], [ 73.658370971679744, 35.074539184570312 ], [ 73.685546875, 35.075370788574276 ], [ 73.706695556640568, 35.124271392822322 ], [ 73.730720520019645, 35.137527465820369 ], [ 73.75589752197277, 35.131931304931697 ], [ 73.787933349609489, 35.126308441162109 ], [ 73.803482055664119, 35.142120361328182 ], [ 73.823120117187557, 35.155391693115291 ], [ 73.903785705566406, 35.17881011962902 ], [ 73.923385620117188, 35.20590972900402 ], [ 74.003875732421875, 35.171661376953182 ], [ 74.008331298828182, 35.169441223144645 ], [ 74.02777099609375, 35.145545959472713 ], [ 74.031661987304801, 35.143325805664176 ], [ 74.074432373046818, 35.150825500488281 ], [ 74.080276489257869, 35.151100158691463 ], [ 74.124420166015625, 35.127487182617301 ], [ 74.126487731933707, 35.124629974365234 ], [ 74.068603515625057, 35.093048095703125 ], [ 74.065811157226676, 35.089988708496094 ], [ 74.061370849609432, 35.064712524414119 ], [ 74.062194824218864, 35.060546875000114 ], [ 74.087203979492301, 35.024993896484432 ], [ 74.085266113281364, 35.018325805664119 ], [ 74.059982299804688, 34.999160766601506 ], [ 74.055816650390682, 34.996101379394645 ], [ 74.053314208984375, 34.960823059081974 ], [ 74.051651000976619, 34.955551147460938 ], [ 73.989425659179688, 34.874992370605412 ], [ 73.986373901367188, 34.870544433593807 ], [ 73.912490844726676, 34.828880310058594 ], [ 73.907760620117188, 34.826660156250057 ], [ 73.839706420898438, 34.828048706054801 ], [ 73.833877563476676, 34.826942443847656 ], [ 73.736373901367244, 34.784721374511832 ], [ 73.732208251953239, 34.78110504150402 ], [ 73.706375122070312, 34.728599548339901 ], [ 73.703598022461051, 34.724708557128906 ], [ 73.666931152343807, 34.697486877441406 ], [ 73.663604736328125, 34.694435119628906 ], [ 73.674697875976562, 34.651100158691406 ], [ 73.674423217773551, 34.645828247070369 ], [ 73.644714355468693, 34.570549011230582 ], [ 73.641098022460938, 34.566940307617301 ], [ 73.587203979492244, 34.586936950683707 ], [ 73.581665039062557, 34.5877685546875 ], [ 73.455551147460938, 34.568328857421875 ], [ 73.451660156250114, 34.565826416015625 ], [ 73.40386962890625, 34.41471099853527 ], [ 73.403053283691349, 34.411998748779297 ], [ 73.294937133789062, 34.337734222412223 ], [ 73.277633666992244, 34.312961578369254 ], [ 73.206474304199276, 34.281005859375114 ], [ 73.196739196777344, 34.270004272460938 ], [ 73.102203369140739, 34.256748199462891 ], [ 73.074127197265682, 34.249019622802791 ], [ 73.037971496582145, 34.277187347412109 ], [ 73.018234252929744, 34.278861999511776 ], [ 72.980247497558594, 34.244728088378963 ], [ 72.968627929687557, 34.236949920654297 ], [ 72.890678405761832, 34.257663726806754 ], [ 72.880332946777401, 34.264595031738395 ], [ 72.887397766113338, 34.28204345703125 ], [ 72.886894226074332, 34.285724639892521 ], [ 72.86505126953125, 34.29453277587902 ], [ 72.856117248535213, 34.30467605590826 ], [ 72.859962463378963, 34.328804016113338 ], [ 72.858627319335994, 34.331798553466854 ], [ 72.808441162109432, 34.356788635253906 ] ] ] } },
{ "type": "Feature", "properties": { "GID_0": "PAK", "NAME_0": "Pakistan", "GID_1": "PAK.5_1", "NAME_1": "N.W.F.P.", "NL_NAME_1": null, "GID_2": "PAK.5.5_1", "NAME_2": "Kohat", "NL_NAME_2": null, "GID_3": "PAK.5.5.1_1", "NAME_3": "Hangu", "VARNAME_3": null, "NL_NAME_3": null, "TYPE_3": "District", "ENGTYPE_3": "District", "CC_3": null, "HASC_3": null }, "geometry": { "type": "Polygon", "coordinates": [ [ [ 70.558280944824219, 33.328685760498104 ], [ 70.501548767089957, 33.398468017578239 ], [ 70.505302429199276, 33.414318084716797 ], [ 70.563575744628849, 33.423553466796875 ], [ 70.612518310546932, 33.432361602783317 ], [ 70.630294799804801, 33.450695037841797 ], [ 70.644248962402457, 33.471111297607422 ], [ 70.701644897461051, 33.47529220581049 ], [ 70.736808776855469, 33.479316711425838 ], [ 70.748947143554801, 33.555145263671875 ], [ 70.770324707031364, 33.576457977294979 ], [ 70.94425201416027, 33.55106353759777 ], [ 70.994934082031307, 33.544921875000057 ], [ 71.083366394042969, 33.575901031494197 ], [ 71.106758117675895, 33.58751296997076 ], [ 71.221694946289119, 33.576911926269531 ], [ 71.242897033691463, 33.559242248535213 ], [ 71.239364624023438, 33.530971527099723 ], [ 71.225227355957145, 33.495635986328125 ], [ 71.196960449218864, 33.481498718261719 ], [ 71.161621093750057, 33.463829040527401 ], [ 71.108612060546932, 33.393154144287166 ], [ 71.102966308593864, 33.374801635742244 ], [ 71.078758239746037, 33.370613098144645 ], [ 71.052894592285213, 33.387939453125057 ], [ 71.037528991699332, 33.387760162353516 ], [ 71.034378051757812, 33.376274108886776 ], [ 71.029014587402344, 33.363418579101506 ], [ 70.962455749511719, 33.372829437255973 ], [ 70.882156372070312, 33.357227325439396 ], [ 70.879135131835994, 33.334018707275391 ], [ 70.855911254882869, 33.318687438964901 ], [ 70.777000427246207, 33.327911376953239 ], [ 70.696914672851562, 33.330242156982479 ], [ 70.692329406738224, 33.24381256103527 ], [ 70.687294006347713, 33.235782623291016 ], [ 70.679664611816463, 33.240173339843864 ], [ 70.678993225097656, 33.252593994140739 ], [ 70.629760742187443, 33.266086578369141 ], [ 70.593444824218807, 33.280689239502067 ], [ 70.558280944824219, 33.328685760498104 ] ] ] } },
{ "type": "Feature", "properties": { "GID_0": "PAK", "NAME_0": "Pakistan", "GID_1": "PAK.5_1", "NAME_1": "N.W.F.P.", "NL_NAME_1": null, "GID_2": "PAK.5.5_1", "NAME_2": "Kohat", "NL_NAME_2": null, "GID_3": "PAK.5.5.2_1", "NAME_3": "Karak", "VARNAME_3": null, "NL_NAME_3": null, "TYPE_3": "District", "ENGTYPE_3": "District", "CC_3": null, "HASC_3": null }, "geometry": { "type": "Polygon", "coordinates": [ [ [ 70.811370849609375, 33.101345062255916 ], [ 70.872970581054688, 33.183452606201286 ], [ 70.86545562744152, 33.197731018066406 ], [ 70.770713806152287, 33.213668823242301 ], [ 70.690368652343864, 33.21715164184576 ], [ 70.678138732910213, 33.22684478759777 ], [ 70.687294006347713, 33.235782623291016 ], [ 70.692329406738224, 33.24381256103527 ], [ 70.695816040039062, 33.306793212890625 ], [ 70.696914672851562, 33.330242156982479 ], [ 70.777000427246207, 33.327911376953239 ], [ 70.825111389160156, 33.313041687011832 ], [ 70.855911254882869, 33.318687438964901 ], [ 70.879547119140682, 33.345279693603572 ], [ 70.882156372070312, 33.357227325439396 ], [ 70.998626708984489, 33.369491577148551 ], [ 71.018287658691349, 33.361614227294865 ], [ 71.034378051757812, 33.376274108886776 ], [ 71.037528991699332, 33.387760162353516 ], [ 71.052894592285213, 33.387939453125057 ], [ 71.078758239746037, 33.370613098144645 ], [ 71.179267883300724, 33.378791809082088 ], [ 71.206542968749943, 33.388359069824332 ], [ 71.22617340087902, 33.377948760986385 ], [ 71.234298706054744, 33.368728637695426 ], [ 71.340950012207088, 33.361942291259879 ], [ 71.363121032714957, 33.357734680175781 ], [ 71.370048522949219, 33.340469360351619 ], [ 71.398498535156307, 33.333477020263729 ], [ 71.540809631347713, 33.326118469238338 ], [ 71.570823669433707, 33.219116210937557 ], [ 71.543251037597656, 33.20701980590826 ], [ 71.534729003906307, 33.205898284912166 ], [ 71.529365539550838, 33.216720581054801 ], [ 71.422370910644588, 33.217300415039176 ], [ 71.408363342285156, 33.215965270996207 ], [ 71.428123474121207, 33.169460296630916 ], [ 71.461746215820256, 33.066127777099723 ], [ 71.508720397949219, 33.04735183715826 ], [ 71.505889892578182, 33.040462493896484 ], [ 71.398872375488281, 32.992530822753963 ], [ 71.390029907226506, 32.987274169921989 ], [ 71.320709228515682, 32.994853973388672 ], [ 71.315139770507812, 33.01142501831049 ], [ 71.209899902343807, 32.974292755126953 ], [ 71.191093444824162, 32.961940765380916 ], [ 71.167335510253963, 32.924545288085881 ], [ 71.157402038574219, 32.896759033203125 ], [ 71.136741638183537, 32.796356201171989 ], [ 71.123771667480412, 32.790420532226676 ], [ 70.983840942382869, 32.812717437744141 ], [ 70.981391906738338, 32.814563751220817 ], [ 70.970672607421875, 32.883110046386832 ], [ 70.972122192382926, 32.912994384765682 ], [ 70.929985046386662, 32.969226837158317 ], [ 70.924804687500114, 32.994991302490348 ], [ 70.90970611572277, 33.018032073974666 ], [ 70.850494384765625, 33.022132873535213 ], [ 70.824302673339957, 33.034400939941349 ], [ 70.811370849609375, 33.101345062255916 ] ] ] } },
{ "type": "Feature", "properties": { "GID_0": "PAK", "NAME_0": "Pakistan", "GID_1": "PAK.5_1", "NAME_1": "N.W.F.P.", "NL_NAME_1": null, "GID_2": "PAK.5.5_1", "NAME_2": "Kohat", "NL_NAME_2": null, "GID_3": "PAK.5.5.3_1", "NAME_3": "Kohat", "VARNAME_3": null, "NL_NAME_3": null, "TYPE_3": "District", "ENGTYPE_3": "District", "CC_3": null, "HASC_3": null }, "geometry": { "type": "Polygon", "coordinates": [ [ [ 71.102966308593864, 33.374801635742244 ], [ 71.140411376953125, 33.435558319091911 ], [ 71.161621093750057, 33.463829040527401 ], [ 71.196960449218864, 33.481498718261719 ], [ 71.225227355957145, 33.495635986328125 ], [ 71.239364624023438, 33.530971527099723 ], [ 71.242897033691463, 33.559242248535213 ], [ 71.221694946289119, 33.576911926269531 ], [ 71.19342041015625, 33.58751296997076 ], [ 71.147483825683594, 33.58751296997076 ], [ 71.106758117675895, 33.58751296997076 ], [ 71.113067626953239, 33.604770660400504 ], [ 71.099769592285156, 33.617458343505916 ], [ 71.121047973632926, 33.630035400390739 ], [ 71.166183471679744, 33.642303466796875 ], [ 71.143882751464901, 33.705596923828068 ], [ 71.145019531250057, 33.732032775878963 ], [ 71.201110839843807, 33.718746185302791 ], [ 71.221046447753849, 33.711093902587891 ], [ 71.229003906250114, 33.688079833984375 ], [ 71.252090454101676, 33.668231964111385 ], [ 71.294692993164062, 33.651081085205135 ], [ 71.337669372558651, 33.619213104248104 ], [ 71.368659973144645, 33.628166198730412 ], [ 71.398231506347599, 33.636489868164119 ], [ 71.611579895019588, 33.627521514892578 ], [ 71.645927429199276, 33.631778717041072 ], [ 71.660820007324332, 33.615177154541072 ], [ 71.614326477050895, 33.581069946289062 ], [ 71.583404541015739, 33.564620971679801 ], [ 71.593635559082088, 33.548034667968864 ], [ 71.631889343261662, 33.535263061523551 ], [ 71.791366577148438, 33.587623596191463 ], [ 71.84720611572277, 33.623077392578125 ], [ 71.814323425293026, 33.650081634521541 ], [ 71.791351318359375, 33.656364440918082 ], [ 71.813423156738395, 33.690086364746151 ], [ 71.819519042968864, 33.695926666259879 ], [ 71.847671508789062, 33.685836791992244 ], [ 71.866546630859375, 33.681179046630916 ], [ 71.907295227050895, 33.693462371826286 ], [ 71.927490234375114, 33.707191467285156 ], [ 72.008758544921989, 33.712211608886776 ], [ 72.028984069824332, 33.709018707275447 ], [ 72.004325866699276, 33.661880493164176 ], [ 71.991935729980582, 33.634792327880859 ], [ 71.966873168945312, 33.510265350341854 ], [ 71.960731506347656, 33.501777648925838 ], [ 71.891853332519474, 33.453723907470817 ], [ 71.877700805664176, 33.439975738525504 ], [ 71.874404907226619, 33.416534423828182 ], [ 71.872367858886832, 33.406658172607422 ], [ 71.761070251464844, 33.367935180664119 ], [ 71.737350463867301, 33.357437133789119 ], [ 71.709991455078182, 33.271312713623104 ], [ 71.710632324218864, 33.25567626953125 ], [ 71.756423950195426, 33.206558227539119 ], [ 71.763641357421989, 33.190441131591854 ], [ 71.729057312011776, 33.119285583496037 ], [ 71.718544006347656, 33.111961364746151 ], [ 71.712409973144531, 33.057033538818359 ], [ 71.710136413574219, 33.050605773925895 ], [ 71.638885498046989, 33.080955505371094 ], [ 71.632362365722713, 33.086032867431641 ], [ 71.608024597168082, 33.162899017333984 ], [ 71.604385375976676, 33.179695129394645 ], [ 71.575698852539119, 33.213352203369254 ], [ 71.570823669433707, 33.219116210937557 ], [ 71.540809631347713, 33.326118469238338 ], [ 71.532394409179744, 33.333961486816463 ], [ 71.409790039062557, 33.337120056152344 ], [ 71.398498535156307, 33.333477020263729 ], [ 71.370048522949219, 33.340469360351619 ], [ 71.363121032714957, 33.357734680175781 ], [ 71.22617340087902, 33.377948760986385 ], [ 71.206542968749943, 33.388359069824332 ], [ 71.102966308593864, 33.374801635742244 ] ] ] } },
{ "type": "Feature", "properties": { "GID_0": "PAK", "NAME_0": "Pakistan", "GID_1": "PAK.5_1", "NAME_1": "N.W.F.P.", "NL_NAME_1": null, "GID_2": "PAK.5.6_1", "NAME_2": "Malakand", "NL_NAME_2": null, "GID_3": "PAK.5.6.1_1", "NAME_3": "Chitral", "VARNAME_3": null, "NL_NAME_3": null, "TYPE_3": "District", "ENGTYPE_3": "District", "CC_3": null, "HASC_3": null }, "geometry": { "type": "Polygon", "coordinates": [ [ [ 71.527885437011832, 35.616493225097713 ], [ 71.577095031738395, 35.698707580566463 ], [ 71.576759338378849, 35.701606750488395 ], [ 71.564689636230582, 35.728626251220646 ], [ 71.561050415039119, 35.732059478759709 ], [ 71.497589111328239, 35.765644073486328 ], [ 71.495124816894474, 35.767955780029297 ], [ 71.518692016601619, 35.794654846191463 ], [ 71.518882751464901, 35.796817779541072 ], [ 71.498573303222656, 35.811481475830135 ], [ 71.496627807617301, 35.812973022461051 ], [ 71.483421325683651, 35.852745056152344 ], [ 71.482498168945426, 35.854656219482536 ], [ 71.407218933105469, 35.909152984619197 ], [ 71.405502319335938, 35.910907745361385 ], [ 71.394805908203068, 35.957473754882812 ], [ 71.392456054687614, 35.960231781005859 ], [ 71.375007629394531, 35.972648620605582 ], [ 71.371833801269588, 35.973892211914119 ], [ 71.340385437011832, 35.967109680175895 ], [ 71.336997985839957, 35.968635559082145 ], [ 71.249206542968807, 36.023151397705078 ], [ 71.247367858886662, 36.024635314941463 ], [ 71.227943420410156, 36.056934356689453 ], [ 71.2271728515625, 36.060382843017578 ], [ 71.313980102539062, 36.150306701660156 ], [ 71.315933227539119, 36.152072906494141 ], [ 71.347740173339844, 36.154560089111328 ], [ 71.355972290039119, 36.157608032226619 ], [ 71.385391235351619, 36.188751220703239 ], [ 71.390533447265682, 36.192508697509766 ], [ 71.443679809570312, 36.211414337158203 ], [ 71.44573974609375, 36.212806701660099 ], [ 71.463218688964957, 36.253780364990234 ], [ 71.464820861816406, 36.260696411132812 ], [ 71.615463256836051, 36.322162628173942 ], [ 71.618415832519588, 36.323440551757756 ], [ 71.611671447753849, 36.347164154052848 ], [ 71.610412597656307, 36.349273681640682 ], [ 71.575515747070369, 36.369216918945256 ], [ 71.574867248535156, 36.372665405273438 ], [ 71.648742675781307, 36.433528900146598 ], [ 71.650856018066463, 36.436084747314453 ], [ 71.651992797851619, 36.475036621093864 ], [ 71.654869079589901, 36.477035522460938 ], [ 71.757888793945369, 36.423713684082145 ], [ 71.795791625976562, 36.400596618652401 ], [ 71.843734741211051, 36.394748687744197 ], [ 71.857269287109432, 36.399425506591911 ], [ 71.862762451171932, 36.424762725830192 ], [ 71.861679077148551, 36.429416656494141 ], [ 71.829063415527457, 36.434539794921932 ], [ 71.818618774414006, 36.442142486572379 ], [ 71.821868896484375, 36.486404418945369 ], [ 71.832069396972713, 36.505458831787223 ], [ 71.884857177734375, 36.504695892334098 ], [ 71.909126281738338, 36.505298614501896 ], [ 71.927787780761776, 36.548805236816463 ], [ 71.935302734375114, 36.560878753662166 ], [ 71.988243103027344, 36.567138671875114 ], [ 72.012947082519645, 36.567729949951172 ], [ 72.08371734619152, 36.596740722656364 ], [ 72.096763610839844, 36.597324371337947 ], [ 72.0972900390625, 36.632835388183594 ], [ 72.102912902832088, 36.648544311523494 ], [ 72.207160949707031, 36.663112640380916 ], [ 72.212944030761776, 36.664691925048885 ], [ 72.20444488525402, 36.677181243896484 ], [ 72.1968994140625, 36.693557739257869 ], [ 72.226905822753963, 36.738227844238395 ], [ 72.241363525390682, 36.753482818603516 ], [ 72.30255126953125, 36.745010375976562 ], [ 72.313690185546932, 36.746208190918026 ], [ 72.411163330078182, 36.776668548584098 ], [ 72.495223999023494, 36.777557373046989 ], [ 72.507537841796989, 36.792896270752067 ], [ 72.545402526855526, 36.822860717773494 ], [ 72.626594543457031, 36.841587066650391 ], [ 72.631599426269588, 36.848426818847713 ], [ 72.871055603027457, 36.840702056884822 ], [ 72.882637023925838, 36.841079711914176 ], [ 73.171913146972656, 36.876701354980582 ], [ 73.188201904296932, 36.87694168090826 ], [ 73.313240051269531, 36.851669311523494 ], [ 73.321441650390625, 36.851551055908203 ], [ 73.436210632324332, 36.881397247314567 ], [ 73.445732116699332, 36.882652282714957 ], [ 73.660667419433651, 36.889743804931697 ], [ 73.660995483398494, 36.889804840088004 ], [ 73.692733764648551, 36.849639892578239 ], [ 73.696350097656364, 36.846855163574219 ], [ 73.774688720703182, 36.830200195312614 ], [ 73.780807495117244, 36.828811645507869 ], [ 73.794143676757869, 36.805747985839957 ], [ 73.797485351562443, 36.803253173828182 ], [ 73.828598022460938, 36.799087524414176 ], [ 73.833053588867244, 36.796867370605469 ], [ 73.861648559570369, 36.752975463867131 ], [ 73.863037109375057, 36.748252868652344 ], [ 73.847763061523494, 36.707687377929744 ], [ 73.843048095703239, 36.705741882324276 ], [ 73.774993896484375, 36.721008300781307 ], [ 73.76776123046875, 36.72129058837902 ], [ 73.593307495117244, 36.706817626953068 ], [ 73.586090087890682, 36.70737457275402 ], [ 73.568588256836051, 36.727371215820426 ], [ 73.563018798828239, 36.729034423828182 ], [ 73.490249633789062, 36.725692749023381 ], [ 73.4830322265625, 36.726531982421932 ], [ 73.412765502929801, 36.750984191894588 ], [ 73.407211303711051, 36.751533508300838 ], [ 73.253036499023494, 36.71240234375 ], [ 73.247741699218864, 36.711296081543026 ], [ 73.163589477539119, 36.722709655761719 ], [ 73.157196044921818, 36.722984313964957 ], [ 73.056625366211051, 36.688293457031364 ], [ 73.052749633789119, 36.685798645019645 ], [ 73.072204589843807, 36.609443664550838 ], [ 73.073028564453239, 36.605278015136776 ], [ 73.038299560546932, 36.540588378906307 ], [ 73.0355224609375, 36.537528991699276 ], [ 72.968307495117301, 36.501464843750057 ], [ 72.964141845703239, 36.498405456542969 ], [ 72.963027954101506, 36.473686218261832 ], [ 72.959701538085994, 36.471191406250057 ], [ 72.879959106445369, 36.455390930175895 ], [ 72.875244140625114, 36.452896118164176 ], [ 72.850799560546932, 36.375709533691406 ], [ 72.846633911132926, 36.372657775878906 ], [ 72.713302612304801, 36.305763244628906 ], [ 72.709136962890739, 36.303260803222656 ], [ 72.680252075195369, 36.267448425293026 ], [ 72.676910400390739, 36.264396667480526 ], [ 72.602203369140625, 36.265510559082031 ], [ 72.596374511718864, 36.264404296875057 ], [ 72.549987792968807, 36.226913452148551 ], [ 72.547195434570426, 36.223022460937557 ], [ 72.544692993164176, 36.1502685546875 ], [ 72.543853759765625, 36.144714355468693 ], [ 72.520248413085994, 36.096107482910156 ], [ 72.518585205078239, 36.090553283691349 ], [ 72.566940307617244, 36.012222290039062 ], [ 72.566940307617244, 36.007507324218807 ], [ 72.513885498046875, 35.910545349121094 ], [ 72.512771606445369, 35.904708862304744 ], [ 72.541366577148438, 35.887214660644645 ], [ 72.541938781738281, 35.88664627075201 ], [ 72.515930175781364, 35.890499114990291 ], [ 72.502830505371094, 35.896289825439396 ], [ 72.488746643066463, 35.911739349365178 ], [ 72.497901916503963, 35.931049346923828 ], [ 72.487838745117244, 35.928062438964844 ], [ 72.482070922851619, 35.870296478271598 ], [ 72.481651306152344, 35.868309020996207 ], [ 72.433708190918082, 35.827774047851562 ], [ 72.408485412597713, 35.829463958740291 ], [ 72.363540649414006, 35.763858795166129 ], [ 72.357917785644588, 35.752380371093693 ], [ 72.300674438476619, 35.760612487792969 ], [ 72.260948181152344, 35.765342712402287 ], [ 72.185585021972599, 35.749492645263729 ], [ 72.184707641601619, 35.741409301757869 ], [ 72.17160797119152, 35.774597167968807 ], [ 72.13812255859375, 35.773326873779297 ], [ 72.124618530273438, 35.768314361572266 ], [ 72.103271484375057, 35.726310729980469 ], [ 72.095687866210994, 35.710929870605582 ], [ 72.089958190918026, 35.644279479980469 ], [ 72.086601257324162, 35.638542175292969 ], [ 71.976074218750057, 35.595680236816463 ], [ 71.950393676757926, 35.581279754638729 ], [ 71.915504455566349, 35.531044006347713 ], [ 71.904594421386832, 35.513378143310604 ], [ 71.903007507324276, 35.495220184326172 ], [ 71.925537109375057, 35.474685668945312 ], [ 71.924331665039062, 35.465034484863338 ], [ 71.896812438964787, 35.458225250244141 ], [ 71.883781433105526, 35.447002410888729 ], [ 71.888351440429744, 35.415489196777457 ], [ 71.882072448730582, 35.39459228515625 ], [ 71.864471435546932, 35.367980957031307 ], [ 71.860839843750057, 35.362472534179801 ], [ 71.808708190917969, 35.338733673095817 ], [ 71.794052124023438, 35.329586029052848 ], [ 71.724807739257812, 35.22727203369152 ], [ 71.717605590820369, 35.221549987793082 ], [ 71.697219848632869, 35.214256286621207 ], [ 71.690048217773551, 35.213314056396484 ], [ 71.650344848632926, 35.23886871337902 ], [ 71.640106201171875, 35.241828918457031 ], [ 71.569213867187557, 35.311294555664119 ], [ 71.566871643066406, 35.311752319336051 ], [ 71.672042846679744, 35.435688018798828 ], [ 71.673187255859432, 35.440547943115291 ], [ 71.622596740722656, 35.509521484375114 ], [ 71.620231628418082, 35.511295318603572 ], [ 71.640426635742301, 35.572723388671875 ], [ 71.638427734375, 35.575305938720703 ], [ 71.527885437011832, 35.616493225097713 ] ] ] } },
{ "type": "Feature", "properties": { "GID_0": "PAK", "NAME_0": "Pakistan", "GID_1": "PAK.5_1", "NAME_1": "N.W.F.P.", "NL_NAME_1": null, "GID_2": "PAK.5.6_1", "NAME_2": "Malakand", "NL_NAME_2": null, "GID_3": "PAK.5.6.2_1", "NAME_3": "Dir", "VARNAME_3": null, "NL_NAME_3": null, "TYPE_3": "District", "ENGTYPE_3": "District", "CC_3": null, "HASC_3": null }, "geometry": { "type": "Polygon", "coordinates": [ [ [ 72.184707641601619, 35.741409301757869 ], [ 72.290245056152457, 35.574428558349666 ], [ 72.29510498046875, 35.544063568115234 ], [ 72.352020263671932, 35.484565734863395 ], [ 72.353355407714901, 35.458122253417969 ], [ 72.352836608886832, 35.367771148681641 ], [ 72.349105834960938, 35.353988647460938 ], [ 72.290664672851676, 35.307048797607536 ], [ 72.280540466308707, 35.285930633544865 ], [ 72.317916870117301, 35.198448181152457 ], [ 72.336967468261776, 35.18527984619152 ], [ 72.280090332031307, 35.178108215332031 ], [ 72.257766723632869, 35.169445037841797 ], [ 72.251205444335881, 35.148086547851676 ], [ 72.242698669433651, 35.124664306640568 ], [ 72.205574035644645, 35.117656707763786 ], [ 72.192565917968807, 35.108272552490291 ], [ 72.203689575195426, 35.073982238769531 ], [ 72.213607788086051, 35.054176330566463 ], [ 72.199356079101562, 35.009162902832088 ], [ 72.205711364746151, 34.98960113525402 ], [ 72.154266357421989, 34.930912017822322 ], [ 72.139335632324276, 34.8983154296875 ], [ 72.135169982910213, 34.870738983154297 ], [ 72.179367065429744, 34.826225280761719 ], [ 72.196540832519588, 34.816974639892578 ], [ 72.224739074707031, 34.741703033447322 ], [ 72.208580017089901, 34.720603942871151 ], [ 72.154975891113338, 34.688362121582088 ], [ 72.131149291992244, 34.669128417968807 ], [ 72.055191040039062, 34.648914337158203 ], [ 72.0389404296875, 34.643909454345817 ], [ 71.907058715820426, 34.628013610839844 ], [ 71.890312194824332, 34.627380371093864 ], [ 71.819900512695426, 34.635654449462947 ], [ 71.815780639648438, 34.635437011718693 ], [ 71.807601928710938, 34.639373779296932 ], [ 71.766769409179688, 34.666866302490234 ], [ 71.797737121582088, 34.780334472656364 ], [ 71.790199279785099, 34.79277420043951 ], [ 71.638404846191406, 34.809589385986385 ], [ 71.623420715332088, 34.818836212158203 ], [ 71.537200927734432, 34.952919006347713 ], [ 71.526039123535156, 34.961299896240178 ], [ 71.560791015625, 35.018703460693473 ], [ 71.560966491699219, 35.021568298339901 ], [ 71.583969116211051, 35.026245117187443 ], [ 71.588066101074219, 35.027320861816463 ], [ 71.557685852050724, 35.040252685546932 ], [ 71.553085327148551, 35.043701171875057 ], [ 71.544570922851562, 35.078765869140625 ], [ 71.546157836914119, 35.084182739257926 ], [ 71.533370971679744, 35.082820892333984 ], [ 71.5357666015625, 35.090419769287223 ], [ 71.717605590820369, 35.221549987793082 ], [ 71.724807739257812, 35.22727203369152 ], [ 71.762031555175781, 35.266464233398494 ], [ 71.767593383789119, 35.272655487060604 ], [ 71.789047241210881, 35.323394775390739 ], [ 71.794052124023438, 35.329586029052848 ], [ 71.845626831054744, 35.35240554809576 ], [ 71.860839843750057, 35.362472534179801 ], [ 71.876533508300838, 35.390468597412109 ], [ 71.882072448730582, 35.39459228515625 ], [ 71.884529113769588, 35.440563201904411 ], [ 71.883781433105526, 35.447002410888729 ], [ 71.916351318359432, 35.46298980712902 ], [ 71.924331665039062, 35.465034484863338 ], [ 71.904594421386832, 35.513378143310604 ], [ 71.915504455566349, 35.531044006347713 ], [ 71.945915222168026, 35.574165344238338 ], [ 71.950393676757926, 35.581279754638729 ], [ 72.074981689453125, 35.630073547363395 ], [ 72.086601257324162, 35.638542175292969 ], [ 72.089958190918026, 35.644279479980469 ], [ 72.101142883300781, 35.661716461181641 ], [ 72.09423828125, 35.704269409179801 ], [ 72.095687866210994, 35.710929870605582 ], [ 72.122611999511832, 35.760734558105582 ], [ 72.124618530273438, 35.768314361572266 ], [ 72.154037475585994, 35.773277282714901 ], [ 72.17160797119152, 35.774597167968807 ], [ 72.184707641601619, 35.741409301757869 ] ] ] } },
{ "type": "Feature", "properties": { "GID_0": "PAK", "NAME_0": "Pakistan", "GID_1": "PAK.5_1", "NAME_1": "N.W.F.P.", "NL_NAME_1": null, "GID_2": "PAK.5.6_1", "NAME_2": "Malakand", "NL_NAME_2": null, "GID_3": "PAK.5.6.3_1", "NAME_3": "Malakand P.A.", "VARNAME_3": "Malakand", "NL_NAME_3": null, "TYPE_3": "District", "ENGTYPE_3": "District", "CC_3": null, "HASC_3": null }, "geometry": { "type": "Polygon", "coordinates": [ [ [ 71.653892517089901, 34.541015624999943 ], [ 71.679763793945256, 34.617488861084041 ], [ 71.68924713134777, 34.630790710449276 ], [ 71.764526367187557, 34.663192749023494 ], [ 71.766769409179688, 34.666866302490234 ], [ 71.811958312988281, 34.636829376220817 ], [ 71.815780639648438, 34.635437011718693 ], [ 71.884834289550781, 34.627628326416072 ], [ 71.890312194824332, 34.627380371093864 ], [ 72.107505798339901, 34.665065765380973 ], [ 72.131149291992244, 34.669128417968807 ], [ 72.125274658203239, 34.612590789795036 ], [ 72.136993408203125, 34.583126068115234 ], [ 72.163948059082088, 34.565105438232536 ], [ 72.233825683593864, 34.557983398437614 ], [ 72.238632202148438, 34.546699523925895 ], [ 72.236175537109375, 34.524410247802791 ], [ 72.220085144043082, 34.509517669677734 ], [ 72.183731079101562, 34.520900726318303 ], [ 72.150550842285156, 34.522846221923828 ], [ 72.126777648925838, 34.507522583007869 ], [ 72.096405029296932, 34.49152755737299 ], [ 72.013557434082031, 34.51524734497076 ], [ 71.986839294433537, 34.506366729736442 ], [ 71.975837707519531, 34.457893371582031 ], [ 71.952163696289062, 34.427852630615234 ], [ 71.915573120117188, 34.41900634765625 ], [ 71.900169372558651, 34.392387390136832 ], [ 71.890724182128906, 34.382762908935661 ], [ 71.837890625, 34.369598388671875 ], [ 71.833427429199276, 34.363178253173828 ], [ 71.819854736328182, 34.37540435791027 ], [ 71.797798156738395, 34.389732360839957 ], [ 71.775253295898494, 34.432334899902344 ], [ 71.76938629150402, 34.44683837890625 ], [ 71.739280700683594, 34.45268630981451 ], [ 71.716224670410156, 34.452072143554744 ], [ 71.673484802246094, 34.480716705322266 ], [ 71.66941070556652, 34.483947753906364 ], [ 71.653892517089901, 34.541015624999943 ] ] ] } },
{ "type": "Feature", "properties": { "GID_0": "PAK", "NAME_0": "Pakistan", "GID_1": "PAK.5_1", "NAME_1": "N.W.F.P.", "NL_NAME_1": null, "GID_2": "PAK.5.6_1", "NAME_2": "Malakand", "NL_NAME_2": null, "GID_3": "PAK.5.6.4_1", "NAME_3": "Shangla", "VARNAME_3": null, "NL_NAME_3": null, "TYPE_3": "District", "ENGTYPE_3": "District", "CC_3": null, "HASC_3": null }, "geometry": { "type": "Polygon", "coordinates": [ [ [ 72.808441162109432, 34.356788635253906 ], [ 72.740303039550781, 34.348503112793026 ], [ 72.732353210449276, 34.349220275878963 ], [ 72.741119384765682, 34.371723175048942 ], [ 72.756843566894474, 34.402019500732536 ], [ 72.718650817871207, 34.443984985351562 ], [ 72.716697692871151, 34.464450836181641 ], [ 72.740447998046875, 34.477249145507869 ], [ 72.752861022949219, 34.483184814453239 ], [ 72.720329284668026, 34.563068389892578 ], [ 72.70395660400402, 34.593467712402287 ], [ 72.681228637695369, 34.59745025634777 ], [ 72.660964965820312, 34.600734710693416 ], [ 72.654327392578182, 34.619609832763729 ], [ 72.647621154785213, 34.632503509521484 ], [ 72.617240905761719, 34.638580322265682 ], [ 72.58099365234375, 34.636398315429688 ], [ 72.549209594726619, 34.663402557373047 ], [ 72.527511596679744, 34.661403656005916 ], [ 72.516029357910213, 34.711101531982422 ], [ 72.50970458984375, 34.708442687988395 ], [ 72.557479858398551, 34.764278411865178 ], [ 72.571617126464957, 34.792549133300895 ], [ 72.578681945800895, 34.997512817382812 ], [ 72.582214355468807, 35.015182495117131 ], [ 72.617553710937614, 35.018714904785213 ], [ 72.645828247070256, 35.039916992187557 ], [ 72.656425476074276, 35.078788757324276 ], [ 72.674095153808594, 35.117664337158317 ], [ 72.712966918945256, 35.156536102294979 ], [ 72.720336914062557, 35.172737121581974 ], [ 72.777702331543026, 35.147521972656364 ], [ 72.790489196777401, 35.138286590576286 ], [ 72.793891906738281, 35.124710083007812 ], [ 72.775726318359318, 35.096492767334098 ], [ 72.793586730957088, 35.029071807861328 ], [ 72.802627563476562, 35.004444122314453 ], [ 72.871864318847656, 34.989273071289062 ], [ 72.876976013183707, 34.980979919433651 ], [ 72.858894348144531, 34.913448333740234 ], [ 72.864524841308651, 34.902164459228629 ], [ 72.977912902832031, 34.86179351806652 ], [ 72.985427856445369, 34.847515106201229 ], [ 72.972312927246207, 34.829166412353516 ], [ 72.928039550781307, 34.820343017578182 ], [ 72.922126770019588, 34.784267425537223 ], [ 72.834655761718693, 34.765239715576172 ], [ 72.812347412109318, 34.757957458496151 ], [ 72.799942016601506, 34.660057067871094 ], [ 72.786773681640739, 34.636882781982422 ], [ 72.803497314453182, 34.612686157226676 ], [ 72.792686462402457, 34.556396484375057 ], [ 72.781166076660213, 34.533214569091854 ], [ 72.826316833496094, 34.500190734863395 ], [ 72.830062866211051, 34.492130279541016 ], [ 72.816398620605469, 34.473552703857536 ], [ 72.809494018554688, 34.446449279785156 ], [ 72.808441162109432, 34.356788635253906 ] ] ] } },
{ "type": "Feature", "properties": { "GID_0": "PAK", "NAME_0": "Pakistan", "GID_1": "PAK.5_1", "NAME_1": "N.W.F.P.", "NL_NAME_1": null, "GID_2": "PAK.5.6_1", "NAME_2": "Malakand", "NL_NAME_2": null, "GID_3": "PAK.5.6.5_1", "NAME_3": "Swat", "VARNAME_3": null, "NL_NAME_3": null, "TYPE_3": "District", "ENGTYPE_3": "District", "CC_3": null, "HASC_3": null }, "geometry": { "type": "Polygon", "coordinates": [ [ [ 72.184707641601619, 35.741409301757869 ], [ 72.222732543945426, 35.759029388427791 ], [ 72.260948181152344, 35.765342712402287 ], [ 72.346664428710994, 35.752418518066406 ], [ 72.357917785644588, 35.752380371093693 ], [ 72.393699645996094, 35.808822631836051 ], [ 72.408485412597713, 35.829463958740291 ], [ 72.455192565918026, 35.835289001464957 ], [ 72.481651306152344, 35.868309020996207 ], [ 72.487838745117244, 35.928062438964844 ], [ 72.497901916503963, 35.931049346923828 ], [ 72.48941802978527, 35.922542572021541 ], [ 72.488746643066463, 35.911739349365178 ], [ 72.545257568359489, 35.883331298828182 ], [ 72.549148559570312, 35.881103515625114 ], [ 72.570266723632926, 35.848602294921932 ], [ 72.574996948242244, 35.845825195312614 ], [ 72.665267944336051, 35.820549011230526 ], [ 72.670822143554631, 35.818328857421989 ], [ 72.713043212890682, 35.826385498046818 ], [ 72.714599609375057, 35.826957702636662 ], [ 72.692123413086051, 35.801872253418026 ], [ 72.685615539550838, 35.784881591796932 ], [ 72.737495422363338, 35.717353820800838 ], [ 72.752014160156364, 35.691783905029411 ], [ 72.792266845703239, 35.68521881103527 ], [ 72.800941467285156, 35.676681518554688 ], [ 72.800247192382869, 35.640819549560604 ], [ 72.807647705078182, 35.617115020751953 ], [ 72.777877807617188, 35.582038879394645 ], [ 72.756126403808594, 35.574981689453239 ], [ 72.754859924316463, 35.560733795166129 ], [ 72.766921997070426, 35.537014007568416 ], [ 72.734428405761776, 35.503322601318473 ], [ 72.729049682617188, 35.489547729492131 ], [ 72.745590209960881, 35.472480773925838 ], [ 72.745620727539062, 35.452247619628963 ], [ 72.716255187988281, 35.427745819091854 ], [ 72.706207275390682, 35.413753509521484 ], [ 72.753997802734375, 35.394515991211051 ], [ 72.767074584960994, 35.386886596679801 ], [ 72.767265319824276, 35.309867858886662 ], [ 72.764755249023494, 35.282749176025391 ], [ 72.730293273925895, 35.269065856933594 ], [ 72.716278076171875, 35.267044067382869 ], [ 72.708023071289062, 35.241321563720703 ], [ 72.692749023437443, 35.225734710693416 ], [ 72.681732177734375, 35.199104309082031 ], [ 72.69443511962902, 35.182510375976562 ], [ 72.720336914062557, 35.172737121581974 ], [ 72.656425476074276, 35.078788757324276 ], [ 72.645828247070256, 35.039916992187557 ], [ 72.617553710937614, 35.018714904785213 ], [ 72.582214355468807, 35.015182495117131 ], [ 72.571617126464957, 34.792549133300895 ], [ 72.557479858398551, 34.764278411865178 ], [ 72.518608093261662, 34.718341827392578 ], [ 72.50970458984375, 34.708442687988395 ], [ 72.445404052734375, 34.677993774414062 ], [ 72.390251159667912, 34.677711486816463 ], [ 72.31744384765625, 34.599323272705078 ], [ 72.291481018066406, 34.584693908691349 ], [ 72.200149536132812, 34.563838958740234 ], [ 72.163948059082088, 34.565105438232536 ], [ 72.136993408203125, 34.583126068115234 ], [ 72.126701354980469, 34.640865325927678 ], [ 72.131149291992244, 34.669128417968807 ], [ 72.224739074707031, 34.741703033447322 ], [ 72.225738525390682, 34.756645202636776 ], [ 72.202941894531193, 34.801090240478459 ], [ 72.196540832519588, 34.816974639892578 ], [ 72.135169982910213, 34.870738983154297 ], [ 72.139335632324276, 34.8983154296875 ], [ 72.168563842773551, 34.957305908203182 ], [ 72.203117370605582, 34.978801727295036 ], [ 72.208702087402344, 35.033733367920036 ], [ 72.213607788086051, 35.054176330566463 ], [ 72.194244384765682, 35.08780670166027 ], [ 72.192565917968807, 35.108272552490291 ], [ 72.221801757812614, 35.120822906494141 ], [ 72.242698669433651, 35.124664306640568 ], [ 72.251205444335881, 35.148086547851676 ], [ 72.257766723632869, 35.169445037841797 ], [ 72.334480285644588, 35.183910369873047 ], [ 72.336967468261776, 35.18527984619152 ], [ 72.289764404296875, 35.25394439697277 ], [ 72.280540466308707, 35.285930633544865 ], [ 72.352836608886832, 35.367771148681641 ], [ 72.353775024414176, 35.401103973388786 ], [ 72.353355407714901, 35.458122253417969 ], [ 72.352020263671932, 35.484565734863395 ], [ 72.316207885742301, 35.519393920898494 ], [ 72.29510498046875, 35.544063568115234 ], [ 72.290245056152457, 35.574428558349666 ], [ 72.284179687500114, 35.595367431640739 ], [ 72.184707641601619, 35.741409301757869 ] ] ] } },
{ "type": "Feature", "properties": { "GID_0": "PAK", "NAME_0": "Pakistan", "GID_1": "PAK.5_1", "NAME_1": "N.W.F.P.", "NL_NAME_1": null, "GID_2": "PAK.5.7_1", "NAME_2": "Mardan", "NL_NAME_2": null, "GID_3": "PAK.5.7.1_1", "NAME_3": "Buner", "VARNAME_3": null, "NL_NAME_3": null, "TYPE_3": "District", "ENGTYPE_3": "District", "CC_3": null, "HASC_3": null }, "geometry": { "type": "Polygon", "coordinates": [ [ [ 72.732353210449276, 34.349220275878963 ], [ 72.702972412109432, 34.313957214355526 ], [ 72.683181762695426, 34.297882080078125 ], [ 72.640693664550781, 34.277557373046989 ], [ 72.611114501953068, 34.258342742919979 ], [ 72.597084045410213, 34.232177734375114 ], [ 72.589439392089844, 34.211975097656364 ], [ 72.538658142089844, 34.163398742675781 ], [ 72.522872924804688, 34.151264190673828 ], [ 72.438812255859432, 34.18878173828125 ], [ 72.419738769531307, 34.199649810791129 ], [ 72.445724487304801, 34.239799499511832 ], [ 72.454765319824219, 34.2618408203125 ], [ 72.448493957519588, 34.288299560546818 ], [ 72.448692321777401, 34.305080413818416 ], [ 72.460960388183707, 34.321594238281307 ], [ 72.471458435058707, 34.351448059082031 ], [ 72.43027496337902, 34.372272491455192 ], [ 72.401275634765739, 34.379264831543082 ], [ 72.399131774902401, 34.383869171142635 ], [ 72.403221130371037, 34.404777526855582 ], [ 72.351676940918082, 34.430923461914176 ], [ 72.336425781250114, 34.440399169921932 ], [ 72.260589599609375, 34.431221008300781 ], [ 72.239524841308707, 34.436344146728629 ], [ 72.215019226074219, 34.475276947021598 ], [ 72.2064208984375, 34.490711212158317 ], [ 72.220085144043082, 34.509517669677734 ], [ 72.236175537109375, 34.524410247802791 ], [ 72.233825683593864, 34.557983398437614 ], [ 72.225944519043026, 34.564445495605582 ], [ 72.291481018066406, 34.584693908691349 ], [ 72.31744384765625, 34.599323272705078 ], [ 72.374114990234432, 34.658683776855582 ], [ 72.390251159667912, 34.677711486816463 ], [ 72.445404052734375, 34.677993774414062 ], [ 72.50970458984375, 34.708442687988395 ], [ 72.516029357910213, 34.711101531982422 ], [ 72.513755798339901, 34.681221008300781 ], [ 72.527511596679744, 34.661403656005916 ], [ 72.565208435058594, 34.647026062011832 ], [ 72.58099365234375, 34.636398315429688 ], [ 72.617240905761719, 34.638580322265682 ], [ 72.647621154785213, 34.632503509521484 ], [ 72.654327392578182, 34.619609832763729 ], [ 72.660964965820312, 34.600734710693416 ], [ 72.681228637695369, 34.59745025634777 ], [ 72.70395660400402, 34.593467712402287 ], [ 72.750030517578125, 34.498828887939453 ], [ 72.752861022949219, 34.483184814453239 ], [ 72.740447998046875, 34.477249145507869 ], [ 72.716697692871151, 34.464450836181641 ], [ 72.741722106933707, 34.422298431396484 ], [ 72.756843566894474, 34.402019500732536 ], [ 72.732353210449276, 34.349220275878963 ] ] ] } },
{ "type": "Feature", "properties": { "GID_0": "PAK", "NAME_0": "Pakistan", "GID_1": "PAK.5_1", "NAME_1": "N.W.F.P.", "NL_NAME_1": null, "GID_2": "PAK.5.7_1", "NAME_2": "Mardan", "NL_NAME_2": null, "GID_3": "PAK.5.7.2_1", "NAME_3": "Mardan", "VARNAME_3": null, "NL_NAME_3": null, "TYPE_3": "District", "ENGTYPE_3": "District", "CC_3": null, "HASC_3": null }, "geometry": { "type": "Polygon", "coordinates": [ [ [ 72.399131774902401, 34.383869171142635 ], [ 72.338577270507812, 34.343833923339844 ], [ 72.326858520507869, 34.327316284179744 ], [ 72.317573547363224, 34.261135101318359 ], [ 72.299827575683707, 34.245330810546989 ], [ 72.20867919921875, 34.239879608154354 ], [ 72.196434020996207, 34.225433349609432 ], [ 72.226203918457145, 34.09751129150402 ], [ 72.226608276367188, 34.087894439697379 ], [ 72.202545166015739, 34.091842651367131 ], [ 72.171531677246094, 34.091022491455078 ], [ 72.150215148925838, 34.075000762939453 ], [ 72.132904052734489, 34.07298660278326 ], [ 72.076148986816406, 34.075931549072266 ], [ 72.050163269042912, 34.082679748535099 ], [ 72.035865783691349, 34.103420257568359 ], [ 72.008682250976619, 34.124656677246094 ], [ 71.957199096679744, 34.13287353515625 ], [ 71.944412231445369, 34.142108917236328 ], [ 71.9052734375, 34.220405578613281 ], [ 71.892654418945312, 34.243663787841854 ], [ 71.847114562988338, 34.267261505126953 ], [ 71.833106994628849, 34.289150238037053 ], [ 71.833061218261832, 34.331912994384766 ], [ 71.832710266113395, 34.348693847656307 ], [ 71.833427429199276, 34.363178253173828 ], [ 71.837890625, 34.369598388671875 ], [ 71.864318847656307, 34.376869201660213 ], [ 71.890724182128906, 34.382762908935661 ], [ 71.915573120117188, 34.41900634765625 ], [ 71.952163696289062, 34.427852630615234 ], [ 71.986839294433537, 34.506366729736442 ], [ 72.013557434082031, 34.51524734497076 ], [ 72.047508239746094, 34.509616851806754 ], [ 72.096405029296932, 34.49152755737299 ], [ 72.126777648925838, 34.507522583007869 ], [ 72.150550842285156, 34.522846221923828 ], [ 72.183731079101562, 34.520900726318303 ], [ 72.210212707519531, 34.512607574462947 ], [ 72.2064208984375, 34.490711212158317 ], [ 72.229820251464957, 34.451320648193359 ], [ 72.239524841308707, 34.436344146728629 ], [ 72.31449127197277, 34.441848754882812 ], [ 72.336425781250114, 34.440399169921932 ], [ 72.3841552734375, 34.416793823242301 ], [ 72.403221130371037, 34.404777526855582 ], [ 72.399131774902401, 34.383869171142635 ] ] ] } },
{ "type": "Feature", "properties": { "GID_0": "PAK", "NAME_0": "Pakistan", "GID_1": "PAK.5_1", "NAME_1": "N.W.F.P.", "NL_NAME_1": null, "GID_2": "PAK.5.7_1", "NAME_2": "Mardan", "NL_NAME_2": null, "GID_3": "PAK.5.7.3_1", "NAME_3": "Swabi", "VARNAME_3": null, "NL_NAME_3": null, "TYPE_3": "District", "ENGTYPE_3": "District", "CC_3": null, "HASC_3": null }, "geometry": { "type": "Polygon", "coordinates": [ [ [ 72.531524658203239, 33.987617492675838 ], [ 72.450691223144645, 33.985740661621207 ], [ 72.416763305664006, 33.993896484375057 ], [ 72.382560729980582, 33.955154418945369 ], [ 72.371414184570312, 33.940479278564567 ], [ 72.284141540527457, 33.915012359619197 ], [ 72.265144348144531, 33.904838562011776 ], [ 72.233787536621207, 33.949199676513729 ], [ 72.224899291992188, 33.963253021240234 ], [ 72.23004150390625, 33.980480194091854 ], [ 72.243293762207088, 33.988021850586051 ], [ 72.245498657226562, 34.035144805908203 ], [ 72.257843017578239, 34.081317901611328 ], [ 72.250190734863395, 34.083869934082031 ], [ 72.226608276367188, 34.087894439697379 ], [ 72.208992004394645, 34.197116851806697 ], [ 72.194892883300895, 34.210727691650504 ], [ 72.20867919921875, 34.239879608154354 ], [ 72.22769927978527, 34.247402191162109 ], [ 72.299827575683707, 34.245330810546989 ], [ 72.317573547363224, 34.261135101318359 ], [ 72.311225891113395, 34.281158447265682 ], [ 72.315902709960938, 34.305282592773438 ], [ 72.366287231445369, 34.366962432861442 ], [ 72.399131774902401, 34.383869171142635 ], [ 72.448600769043082, 34.367614746093864 ], [ 72.471458435058707, 34.351448059082031 ], [ 72.448493957519588, 34.288299560546818 ], [ 72.454765319824219, 34.2618408203125 ], [ 72.420738220214957, 34.214591979980526 ], [ 72.419738769531307, 34.199649810791129 ], [ 72.48297119140625, 34.164501190185604 ], [ 72.522872924804688, 34.151264190673828 ], [ 72.597084045410213, 34.232177734375114 ], [ 72.611114501953068, 34.258342742919979 ], [ 72.683181762695426, 34.297882080078125 ], [ 72.702972412109432, 34.313957214355526 ], [ 72.735038757324332, 34.297481536865291 ], [ 72.738311767578239, 34.296321868896541 ], [ 72.774040222167969, 34.23160552978527 ], [ 72.779373168945312, 34.218254089355582 ], [ 72.796775817871151, 34.134971618652344 ], [ 72.785598754882926, 34.117996215820312 ], [ 72.688751220703068, 34.071640014648438 ], [ 72.684066772460994, 34.069816589355526 ], [ 72.653587341308651, 34.020946502685661 ], [ 72.634254455566406, 34.010433197021598 ], [ 72.531524658203239, 33.987617492675838 ] ] ] } },
{ "type": "Feature", "properties": { "GID_0": "PAK", "NAME_0": "Pakistan", "GID_1": "PAK.5_1", "NAME_1": "N.W.F.P.", "NL_NAME_1": null, "GID_2": "PAK.5.8_1", "NAME_2": "Peshawar", "NL_NAME_2": null, "GID_3": "PAK.5.8.1_1", "NAME_3": "Charsadda", "VARNAME_3": null, "NL_NAME_3": null, "TYPE_3": "District", "ENGTYPE_3": "District", "CC_3": null, "HASC_3": null }, "geometry": { "type": "Polygon", "coordinates": [ [ [ 71.730705261230469, 34.097515106201172 ], [ 71.611480712890568, 34.177677154541072 ], [ 71.608757019043082, 34.179985046386719 ], [ 71.540573120117188, 34.190780639648551 ], [ 71.537017822265682, 34.191944122314453 ], [ 71.526893615722713, 34.217494964599609 ], [ 71.525566101074276, 34.221408843994254 ], [ 71.556327819824332, 34.294185638427791 ], [ 71.566833496093864, 34.324039459228629 ], [ 71.619407653808651, 34.361572265625 ], [ 71.648704528808594, 34.380100250244254 ], [ 71.675773620605469, 34.418407440185604 ], [ 71.716224670410156, 34.452072143554744 ], [ 71.739280700683594, 34.45268630981451 ], [ 71.76938629150402, 34.44683837890625 ], [ 71.819854736328182, 34.37540435791027 ], [ 71.833427429199276, 34.363178253173828 ], [ 71.832855224609432, 34.314670562744254 ], [ 71.833106994628849, 34.289150238037053 ], [ 71.847114562988338, 34.267261505126953 ], [ 71.878280639648551, 34.257965087890568 ], [ 71.892654418945312, 34.243663787841854 ], [ 71.934425354003906, 34.156627655029297 ], [ 71.939102172851676, 34.14982986450201 ], [ 71.861709594726676, 34.039154052734489 ], [ 71.858131408691406, 34.038246154785099 ], [ 71.819931030273551, 34.079292297363281 ], [ 71.805496215820312, 34.088535308837891 ], [ 71.730705261230469, 34.097515106201172 ] ] ] } },
{ "type": "Feature", "properties": { "GID_0": "PAK", "NAME_0": "Pakistan", "GID_1": "PAK.5_1", "NAME_1": "N.W.F.P.", "NL_NAME_1": null, "GID_2": "PAK.5.8_1", "NAME_2": "Peshawar", "NL_NAME_2": null, "GID_3": "PAK.5.8.2_1", "NAME_3": "Nowshera", "VARNAME_3": null, "NL_NAME_3": null, "TYPE_3": "District", "ENGTYPE_3": "District", "CC_3": null, "HASC_3": null }, "geometry": { "type": "Polygon", "coordinates": [ [ [ 72.265144348144531, 33.904838562011776 ], [ 72.255973815917912, 33.899929046630859 ], [ 72.235664367675838, 33.875625610351619 ], [ 72.244766235351562, 33.833065032959098 ], [ 72.167076110839957, 33.759746551513729 ], [ 72.121116638183537, 33.771163940429801 ], [ 72.093963623046932, 33.771709442138672 ], [ 72.043815612793082, 33.730491638183651 ], [ 72.028984069824332, 33.709018707275447 ], [ 71.961288452148381, 33.711448669433651 ], [ 71.946464538574219, 33.711265563964957 ], [ 71.888801574706974, 33.684093475341911 ], [ 71.866546630859375, 33.681179046630916 ], [ 71.820594787597713, 33.69305419921875 ], [ 71.819519042968864, 33.695926666259879 ], [ 71.875663757324219, 33.756328582763729 ], [ 71.867614746093864, 33.771987915039062 ], [ 71.823455810546932, 33.773281097412109 ], [ 71.799079895019588, 33.776805877685661 ], [ 71.76202392578125, 33.821529388427734 ], [ 71.736160278320426, 33.821334838867301 ], [ 71.68304443359375, 33.94133377075201 ], [ 71.676139831542912, 33.960670471191406 ], [ 71.720687866210994, 33.99248123168951 ], [ 71.730613708496151, 34.020038604736328 ], [ 71.712959289550781, 34.081939697265625 ], [ 71.719390869140739, 34.092262268066406 ], [ 71.801666259765625, 34.089466094970703 ], [ 71.805496215820312, 34.088535308837891 ], [ 71.851814270019531, 34.037803649902457 ], [ 71.858131408691406, 34.038246154785099 ], [ 71.926223754882812, 34.135272979736328 ], [ 71.939102172851676, 34.14982986450201 ], [ 71.978866577148438, 34.132572174072266 ], [ 72.008682250976619, 34.124656677246094 ], [ 72.050163269042912, 34.082679748535099 ], [ 72.076148986816406, 34.075931549072266 ], [ 72.157730102539176, 34.08440017700201 ], [ 72.171531677246094, 34.091022491455078 ], [ 72.250190734863395, 34.083869934082031 ], [ 72.257843017578239, 34.081317901611328 ], [ 72.249031066894588, 34.009155273437557 ], [ 72.243293762207088, 33.988021850586051 ], [ 72.23004150390625, 33.980480194091854 ], [ 72.223396301269531, 33.975444793701172 ], [ 72.265144348144531, 33.904838562011776 ] ] ] } },
{ "type": "Feature", "properties": { "GID_0": "PAK", "NAME_0": "Pakistan", "GID_1": "PAK.5_1", "NAME_1": "N.W.F.P.", "NL_NAME_1": null, "GID_2": "PAK.5.8_1", "NAME_2": "Peshawar", "NL_NAME_2": null, "GID_3": "PAK.5.8.3_1", "NAME_3": "Peshawar", "VARNAME_3": null, "NL_NAME_3": null, "TYPE_3": "District", "ENGTYPE_3": "District", "CC_3": null, "HASC_3": null }, "geometry": { "type": "Polygon", "coordinates": [ [ [ 71.416435241699276, 34.150360107421989 ], [ 71.497604370117131, 34.223106384277344 ], [ 71.525474548339844, 34.236812591552791 ], [ 71.531639099121151, 34.201385498046875 ], [ 71.537017822265682, 34.191944122314453 ], [ 71.596160888671989, 34.181865692138729 ], [ 71.608757019043082, 34.179985046386719 ], [ 71.716232299804688, 34.103538513183594 ], [ 71.730705261230469, 34.097515106201172 ], [ 71.719390869140739, 34.092262268066406 ], [ 71.712959289550781, 34.081939697265625 ], [ 71.718826293945426, 34.04444503784174 ], [ 71.730613708496151, 34.020038604736328 ], [ 71.696357727050724, 33.976696014404411 ], [ 71.676139831542912, 33.960670471191406 ], [ 71.733108520507926, 33.835647583007926 ], [ 71.737098693847713, 33.825519561767578 ], [ 71.722427368164176, 33.791080474853572 ], [ 71.672302246093864, 33.751239776611442 ], [ 71.572090148925838, 33.722137451171989 ], [ 71.522415161132812, 33.723655700683651 ], [ 71.51312255859375, 33.723941802978572 ], [ 71.504684448242188, 33.776153564453239 ], [ 71.504989624023551, 33.801902770996207 ], [ 71.462448120117244, 33.847560882568473 ], [ 71.436393737792969, 33.87132644653326 ], [ 71.446136474609375, 33.906471252441406 ], [ 71.437095642089957, 33.931098937988281 ], [ 71.404617309570369, 33.945919036865291 ], [ 71.399353027343864, 33.964557647705078 ], [ 71.384399414062557, 34.022769927978572 ], [ 71.388977050781307, 34.061840057373047 ], [ 71.390419006347599, 34.091262817382756 ], [ 71.416435241699276, 34.150360107421989 ] ] ] } },
{ "type": "Feature", "properties": { "GID_0": "PAK", "NAME_0": "Pakistan", "GID_1": "PAK.6_1", "NAME_1": "Northern Areas", "NL_NAME_1": null, "GID_2": "PAK.6.1_1", "NAME_2": "Northern Areas", "NL_NAME_2": null, "GID_3": "PAK.6.1.1_1", "NAME_3": "Chilas", "VARNAME_3": null, "NL_NAME_3": null, "TYPE_3": "District", "ENGTYPE_3": "District", "CC_3": null, "HASC_3": null }, "geometry": { "type": "Polygon", "coordinates": [ [ [ 74.728889465332031, 35.648593902587947 ], [ 74.851921081542969, 35.555568695068416 ], [ 74.880676269531193, 35.533863067627067 ], [ 74.899360656738224, 35.509006500244197 ], [ 74.909286499023381, 35.485221862792969 ], [ 74.908889770507926, 35.433200836181641 ], [ 74.899925231933707, 35.398513793945426 ], [ 74.855590820312557, 35.344894409179744 ], [ 74.829971313476562, 35.325386047363281 ], [ 74.739242553710994, 35.288185119628906 ], [ 74.706863403320426, 35.270751953125114 ], [ 74.657524108886719, 35.175159454345703 ], [ 74.649299621582145, 35.139911651611385 ], [ 74.638595581054801, 35.154968261718864 ], [ 74.507255554199219, 35.091209411621151 ], [ 74.488945007324219, 35.078937530517692 ], [ 74.461235046386832, 35.08024978637701 ], [ 74.447715759277344, 35.08440017700201 ], [ 74.434425354003963, 35.103881835937443 ], [ 74.421058654785156, 35.115001678466911 ], [ 74.355659484863338, 35.132583618164119 ], [ 74.332450866699332, 35.135917663574162 ], [ 74.203376770019474, 35.140918731689567 ], [ 74.126487731933707, 35.124629974365234 ], [ 74.085540771484375, 35.149436950683707 ], [ 74.080276489257869, 35.151100158691463 ], [ 74.038040161132812, 35.142219543456974 ], [ 74.031661987304801, 35.143325805664176 ], [ 74.011383056640682, 35.166099548339844 ], [ 74.008331298828182, 35.169441223144645 ], [ 73.920822143554744, 35.206939697265625 ], [ 73.915542602539176, 35.209434509277401 ], [ 73.856643676757812, 35.207496643066406 ], [ 73.849716186523551, 35.207771301269645 ], [ 73.79998779296875, 35.237770080566349 ], [ 73.793869018554631, 35.239158630371094 ], [ 73.735809326171932, 35.221374511718693 ], [ 73.730545043945256, 35.219711303710938 ], [ 73.701095581054744, 35.293052673339957 ], [ 73.69970703125, 35.297218322753963 ], [ 73.69775390625, 35.357215881347656 ], [ 73.69720458984375, 35.362770080566406 ], [ 73.707489013671875, 35.409156799316463 ], [ 73.709426879882812, 35.413604736328239 ], [ 73.760818481445426, 35.446098327636719 ], [ 73.764434814453239, 35.449432373046989 ], [ 73.806777954101676, 35.504112243652401 ], [ 73.917427062988395, 35.569213867187614 ], [ 74.111068725585938, 35.598686218261719 ], [ 74.119583129882926, 35.602249145507926 ], [ 74.114799499511776, 35.655471801757926 ], [ 74.111579895019645, 35.668354034423771 ], [ 74.214385986328239, 35.759395599365234 ], [ 74.232139587402457, 35.772579193115291 ], [ 74.285018920898438, 35.789367675781364 ], [ 74.299644470214957, 35.793613433838004 ], [ 74.30548095703125, 35.823421478271428 ], [ 74.316429138183707, 35.835552215576229 ], [ 74.378501892089844, 35.802986145019531 ], [ 74.395843505859375, 35.794330596923885 ], [ 74.433372497558707, 35.741374969482536 ], [ 74.446586608886719, 35.723281860351619 ], [ 74.486221313476676, 35.699188232421875 ], [ 74.496032714843807, 35.687473297119141 ], [ 74.614753723144645, 35.638401031494254 ], [ 74.631950378417912, 35.632526397705078 ], [ 74.648223876953125, 35.63451004028326 ], [ 74.679847717285156, 35.626842498779297 ], [ 74.728889465332031, 35.648593902587947 ] ] ] } },
{ "type": "Feature", "properties": { "GID_0": "PAK", "NAME_0": "Pakistan", "GID_1": "PAK.6_1", "NAME_1": "Northern Areas", "NL_NAME_1": null, "GID_2": "PAK.6.1_1", "NAME_2": "Northern Areas", "NL_NAME_2": null, "GID_3": "PAK.6.1.2_1", "NAME_3": "Gilgit", "VARNAME_3": null, "NL_NAME_3": null, "TYPE_3": "District", "ENGTYPE_3": "District", "CC_3": null, "HASC_3": null }, "geometry": { "type": "Polygon", "coordinates": [ [ [ 75.940399169921818, 36.089851379394531 ], [ 75.891799926757812, 36.077758789062614 ], [ 75.872711181640625, 36.080776214599609 ], [ 75.796066284179688, 36.167602539062443 ], [ 75.766815185546989, 36.179073333740291 ], [ 75.723434448242244, 36.17656326293951 ], [ 75.689437866210938, 36.170680999755916 ], [ 75.628196716308594, 36.187023162841797 ], [ 75.604942321777344, 36.1912841796875 ], [ 75.516563415527457, 36.267463684082088 ], [ 75.492523193359489, 36.287017822265625 ], [ 75.443229675293026, 36.300079345703182 ], [ 75.429649353027344, 36.295406341552791 ], [ 75.409103393554744, 36.286766052246207 ], [ 75.389213562011719, 36.275360107421989 ], [ 75.225547790527344, 36.103630065918026 ], [ 75.215850830078125, 36.093059539794979 ], [ 75.160217285156307, 36.139789581298885 ], [ 75.145256042480469, 36.142028808593864 ], [ 75.032699584960938, 36.110996246338004 ], [ 75.018051147460938, 36.107212066650504 ], [ 75.009666442871094, 36.091121673584041 ], [ 75.027381896972656, 36.045333862304801 ], [ 75.027976989746094, 36.033744812011719 ], [ 75.073905944824219, 35.936981201171989 ], [ 75.073715209960938, 35.920722961425838 ], [ 74.956367492675895, 35.813827514648438 ], [ 74.95371246337902, 35.791542053222656 ], [ 74.909950256347713, 35.82049560546875 ], [ 74.900039672851619, 35.834064483642692 ], [ 74.884941101074276, 35.908737182617301 ], [ 74.87644195556652, 35.924678802490348 ], [ 74.810379028320369, 35.935272216796989 ], [ 74.792068481445369, 35.922996520996151 ], [ 74.730216979980469, 35.752189636230412 ], [ 74.727233886718807, 35.740470886230526 ], [ 74.731842041015739, 35.660774230957145 ], [ 74.728889465332031, 35.648593902587947 ], [ 74.698394775390625, 35.634483337402457 ], [ 74.679847717285156, 35.626842498779297 ], [ 74.614753723144645, 35.638401031494254 ], [ 74.588272094726506, 35.645793914795036 ], [ 74.5179443359375, 35.679447174072266 ], [ 74.496032714843807, 35.687473297119141 ], [ 74.468414306640682, 35.706897735595703 ], [ 74.446586608886719, 35.723281860351619 ], [ 74.414070129394588, 35.778282165527457 ], [ 74.395843505859375, 35.794330596923885 ], [ 74.316429138183707, 35.835552215576229 ], [ 74.30548095703125, 35.823421478271428 ], [ 74.297996520996094, 35.845558166503963 ], [ 74.18692779541027, 35.905124664306641 ], [ 74.174850463867244, 35.92093658447277 ], [ 74.029464721679688, 35.921211242675781 ], [ 74.012283325195312, 35.916870117187557 ], [ 73.941040039062557, 35.948635101318416 ], [ 73.915481567382869, 35.957920074462891 ], [ 73.871635437011832, 35.934497833251953 ], [ 73.850715637207031, 35.933273315429744 ], [ 73.703613281250114, 35.966915130615234 ], [ 73.682792663574276, 35.973587036132926 ], [ 73.628532409667969, 36.013401031494084 ], [ 73.601608276367131, 36.019382476806697 ], [ 73.550483703613224, 36.001129150390625 ], [ 73.544326782226676, 36.001132965088004 ], [ 73.537979125976619, 35.942771911621094 ], [ 73.5244140625, 35.927883148193416 ], [ 73.313407897949162, 35.897777557373161 ], [ 73.121093750000114, 35.842491149902401 ], [ 73.081665039062443, 35.863609313964844 ], [ 73.074707031250057, 35.864440917968807 ], [ 72.981658935546989, 35.835266113281307 ], [ 72.976379394531193, 35.833877563476562 ], [ 72.817489624023381, 35.856941223144531 ], [ 72.811096191406307, 35.857215881347713 ], [ 72.683593749999943, 35.81805419921875 ], [ 72.676925659179631, 35.817497253418026 ], [ 72.5797119140625, 35.844154357910156 ], [ 72.574996948242244, 35.845825195312614 ], [ 72.516662597656364, 35.896942138671989 ], [ 72.512771606445369, 35.900268554687557 ], [ 72.564559936523551, 36.001945495605526 ], [ 72.566940307617244, 36.007507324218807 ], [ 72.519134521484489, 36.085830688476562 ], [ 72.518585205078239, 36.090553283691349 ], [ 72.542190551757869, 36.139717102050895 ], [ 72.543853759765625, 36.144714355468693 ], [ 72.549987792968807, 36.226913452148551 ], [ 72.552764892578125, 36.231353759765625 ], [ 72.592483520507812, 36.263015747070312 ], [ 72.596374511718864, 36.264404296875057 ], [ 72.672470092773494, 36.262725830078239 ], [ 72.676910400390739, 36.264396667480526 ], [ 72.70635986328125, 36.299659729003906 ], [ 72.709136962890739, 36.303260803222656 ], [ 72.846633911132926, 36.372657775878906 ], [ 72.850799560546932, 36.375709533691406 ], [ 72.872467041015625, 36.449844360351676 ], [ 72.875244140625114, 36.452896118164176 ], [ 72.954971313476676, 36.469253540039119 ], [ 72.959701538085994, 36.471191406250057 ], [ 72.964981079101562, 36.493682861328182 ], [ 72.964141845703239, 36.498405456542969 ], [ 73.031646728515739, 36.535034179687557 ], [ 73.0355224609375, 36.537528991699276 ], [ 73.070816040039062, 36.599723815918026 ], [ 73.073028564453239, 36.605278015136776 ], [ 73.049407958984489, 36.661643981933594 ], [ 73.048019409179744, 36.666648864746151 ], [ 73.056625366211051, 36.688293457031364 ], [ 73.059967041015625, 36.690795898437443 ], [ 73.151367187500057, 36.721878051757756 ], [ 73.157196044921818, 36.722984313964957 ], [ 73.242462158203125, 36.710739135742244 ], [ 73.247741699218864, 36.711296081543026 ], [ 73.400543212890739, 36.751258850097599 ], [ 73.407211303711051, 36.751533508300838 ], [ 73.476913452148438, 36.727638244628906 ], [ 73.4830322265625, 36.726531982421932 ], [ 73.55718994140625, 36.728759765625 ], [ 73.563018798828239, 36.729034423828182 ], [ 73.582199096679688, 36.710151672363338 ], [ 73.586090087890682, 36.70737457275402 ], [ 73.653305053710938, 36.702934265136776 ], [ 73.660247802734432, 36.702659606933594 ], [ 73.695800781250114, 36.718498229980469 ], [ 73.701080322265682, 36.720161437988224 ], [ 73.762496948242244, 36.720176696777344 ], [ 73.76776123046875, 36.72129058837902 ], [ 73.837203979492188, 36.705467224121207 ], [ 73.843048095703239, 36.705741882324276 ], [ 73.862762451171875, 36.743530273437557 ], [ 73.863037109375057, 36.748252868652344 ], [ 73.843048095703239, 36.787696838378906 ], [ 73.84027099609375, 36.791313171386662 ], [ 73.804428100585994, 36.802970886230469 ], [ 73.797485351562443, 36.803253173828182 ], [ 73.784698486328239, 36.825477600097656 ], [ 73.780807495117244, 36.828811645507869 ], [ 73.701080322265682, 36.844635009765682 ], [ 73.696350097656364, 36.846855163574219 ], [ 73.647750854492301, 36.899360656738338 ], [ 73.641891479492188, 36.904060363769531 ], [ 73.836494445800838, 36.909111022949276 ], [ 73.840087890625, 36.908847808838004 ], [ 74.024513244628906, 36.847606658935604 ], [ 74.027740478515625, 36.84659576416027 ], [ 74.109733581542969, 36.840957641601562 ], [ 74.119667053222656, 36.841716766357536 ], [ 74.147514343261719, 36.905700683593864 ], [ 74.152038574218864, 36.909847259521428 ], [ 74.236373901367131, 36.899570465087891 ], [ 74.252319335937557, 36.900398254394645 ], [ 74.413452148437557, 36.988174438476562 ], [ 74.420547485351619, 36.996116638183707 ], [ 74.498130798339901, 36.999557495117301 ], [ 74.517356872558594, 36.998908996582088 ], [ 74.550750732421875, 36.959674835205078 ], [ 74.558425903320369, 36.960281372070426 ], [ 74.571929931640625, 37.031841278076229 ], [ 74.571556091308594, 37.034439086914176 ], [ 74.603744506835938, 37.0440673828125 ], [ 74.611312866211051, 37.049949645996037 ], [ 74.611228942871094, 37.077049255371094 ], [ 74.612213134765682, 37.082843780517521 ], [ 74.644042968750057, 37.093818664550724 ], [ 74.676742553711051, 37.097011566162109 ], [ 74.729469299316406, 37.024898529052734 ], [ 74.741996765136832, 37.022056579589957 ], [ 74.827987670898551, 37.062896728515739 ], [ 74.831748962402401, 37.062385559082031 ], [ 74.847808837890739, 36.994731903076115 ], [ 74.851287841796989, 36.987968444824219 ], [ 74.917304992675781, 36.936347961425838 ], [ 74.922416687011832, 36.93455886840826 ], [ 75.018280029296932, 37.008502960205078 ], [ 75.025276184082031, 37.011421203613224 ], [ 75.129875183105526, 37.014167785644588 ], [ 75.146865844726619, 37.019889831543026 ], [ 75.165565490722713, 36.991752624511832 ], [ 75.166221618652344, 36.988830566406307 ], [ 75.212738037109318, 36.969760894775391 ], [ 75.230300903320312, 36.959739685058594 ], [ 75.278282165527401, 36.96482086181652 ], [ 75.298828125, 36.965492248535156 ], [ 75.37235260009777, 36.943618774414119 ], [ 75.401863098144588, 36.94281005859375 ], [ 75.409889221191463, 36.935394287109432 ], [ 75.410118103027457, 36.934669494628963 ], [ 75.390129089355412, 36.917282104492244 ], [ 75.388893127441463, 36.910110473632926 ], [ 75.41265869140625, 36.883567810058707 ], [ 75.417343139648551, 36.877571105957031 ], [ 75.422096252441463, 36.780246734619197 ], [ 75.422958374023438, 36.771720886230469 ], [ 75.453483581542969, 36.723770141601676 ], [ 75.454498291015682, 36.721614837646484 ], [ 75.52243804931652, 36.723152160644588 ], [ 75.531097412109375, 36.722759246826172 ], [ 75.533058166503963, 36.761886596679801 ], [ 75.546218872070369, 36.766551971435661 ], [ 75.628501892089957, 36.768779754638729 ], [ 75.652450561523438, 36.768840789795036 ], [ 75.719131469726676, 36.750537872314567 ], [ 75.729705810546932, 36.746459960937614 ], [ 75.846580505371094, 36.677757263183651 ], [ 75.852355957031307, 36.675300598144645 ], [ 75.908203125, 36.627887725830192 ], [ 75.918869018554688, 36.620479583740348 ], [ 75.928848266601619, 36.558181762695426 ], [ 75.93280029296875, 36.549148559570369 ], [ 75.982200622558594, 36.498153686523381 ], [ 76.008377075195369, 36.453300476074332 ], [ 76.02642822265625, 36.404369354248161 ], [ 76.027816772460938, 36.397548675537109 ], [ 75.987785339355526, 36.349559783935604 ], [ 75.986740112304631, 36.348239898681697 ], [ 75.989395141601676, 36.312755584716854 ], [ 75.98825836181652, 36.293430328369141 ], [ 75.992202758789119, 36.292610168457088 ], [ 76.009780883789176, 36.288959503173942 ], [ 76.053016662597713, 36.237319946289119 ], [ 76.055572509765739, 36.227310180664006 ], [ 76.006378173828239, 36.221099853515682 ], [ 76.000900268554688, 36.216060638427791 ], [ 76.002662658691463, 36.197540283203239 ], [ 76.001663208007812, 36.185562133789062 ], [ 76.0157470703125, 36.176910400390739 ], [ 76.019180297851562, 36.166671752929688 ], [ 75.966560363769531, 36.160053253173942 ], [ 75.9658203125, 36.159858703613338 ], [ 75.946357727050781, 36.135002136230469 ], [ 75.936798095703125, 36.133949279785213 ], [ 75.940399169921818, 36.089851379394531 ] ] ] } },
{ "type": "Feature", "properties": { "GID_0": "PAK", "NAME_0": "Pakistan", "GID_1": "PAK.6_1", "NAME_1": "Northern Areas", "NL_NAME_1": null, "GID_2": "PAK.6.1_1", "NAME_2": "Northern Areas", "NL_NAME_2": null, "GID_3": "PAK.6.1.3_1", "NAME_3": "Gilgit (Tribal Territory)", "VARNAME_3": null, "NL_NAME_3": null, "TYPE_3": "District", "ENGTYPE_3": "District", "CC_3": null, "HASC_3": null }, "geometry": { "type": "Polygon", "coordinates": [ [ [ 73.121093750000114, 35.842491149902401 ], [ 73.313407897949162, 35.897777557373161 ], [ 73.323989868164119, 35.900947570800895 ], [ 73.475936889648438, 35.914974212646428 ], [ 73.499855041503963, 35.91770172119152 ], [ 73.5244140625, 35.927883148193416 ], [ 73.537979125976619, 35.942771911621094 ], [ 73.538703918457031, 35.978549957275391 ], [ 73.542396545410213, 35.996330261230412 ], [ 73.557472229003963, 36.011737823486328 ], [ 73.582565307617188, 36.021476745605582 ], [ 73.770103454589901, 35.947978973388615 ], [ 73.786155700683651, 35.944385528564453 ], [ 73.830513000488281, 35.947856903076229 ], [ 73.850715637207031, 35.933273315429744 ], [ 73.896705627441406, 35.944698333740348 ], [ 73.915481567382869, 35.957920074462891 ], [ 73.988845825195312, 35.924839019775504 ], [ 74.012283325195312, 35.916870117187557 ], [ 74.029464721679688, 35.921211242675781 ], [ 74.051567077636719, 35.929447174072379 ], [ 74.15738677978527, 35.922157287597656 ], [ 74.174850463867244, 35.92093658447277 ], [ 74.18692779541027, 35.905124664306641 ], [ 74.213569641113338, 35.884738922119197 ], [ 74.297996520996094, 35.845558166503963 ], [ 74.30548095703125, 35.823421478271428 ], [ 74.296966552734489, 35.815803527832088 ], [ 74.299644470214957, 35.793613433838004 ], [ 74.267532348632869, 35.791049957275391 ], [ 74.251419067382926, 35.785820007324219 ], [ 74.121849060058651, 35.677551269531364 ], [ 74.111579895019645, 35.668354034423771 ], [ 74.122276306152457, 35.619525909423771 ], [ 74.119583129882926, 35.602249145507926 ], [ 73.917427062988395, 35.569213867187614 ], [ 73.806777954101676, 35.504112243652401 ], [ 73.789703369140625, 35.516105651855469 ], [ 73.780273437500114, 35.522491455078239 ], [ 73.420257568359375, 35.573326110839844 ], [ 73.414428710937557, 35.573326110839844 ], [ 73.285812377929688, 35.611663818359375 ], [ 73.281097412109432, 35.613883972168082 ], [ 73.129150390624943, 35.71915435791027 ], [ 73.126083374023551, 35.722763061523551 ], [ 73.113037109375057, 35.754997253418082 ], [ 73.111648559570312, 35.759994506836051 ], [ 73.121093750000114, 35.842491149902401 ] ] ] } },
{ "type": "Feature", "properties": { "GID_0": "PAK", "NAME_0": "Pakistan", "GID_1": "PAK.6_1", "NAME_1": "Northern Areas", "NL_NAME_1": null, "GID_2": "PAK.6.1_1", "NAME_2": "Northern Areas", "NL_NAME_2": null, "GID_3": "PAK.6.1.4_1", "NAME_3": "Kargil", "VARNAME_3": null, "NL_NAME_3": null, "TYPE_3": "District", "ENGTYPE_3": "District", "CC_3": null, "HASC_3": null }, "geometry": { "type": "Polygon", "coordinates": [ [ [ 75.955261230468864, 36.061313629150391 ], [ 75.948738098144645, 36.022205352783203 ], [ 75.967987060546932, 35.98851394653326 ], [ 76.001678466796875, 35.930763244628906 ], [ 75.987236022949276, 35.820068359375114 ], [ 75.963172912597713, 35.771942138671932 ], [ 76.001678466796875, 35.574619293212947 ], [ 76.001678466796875, 35.512054443359318 ], [ 76.040176391601562, 35.406173706054801 ], [ 76.112373352050838, 35.338798522949276 ], [ 76.165313720703125, 35.285858154296875 ], [ 76.179748535156364, 35.208854675293026 ], [ 76.194183349609432, 35.136661529541072 ], [ 76.232688903808651, 35.083721160888786 ], [ 76.247123718261719, 35.035594940185604 ], [ 76.261566162109489, 34.939342498779411 ], [ 76.324127197265739, 34.780521392822266 ], [ 76.328720092773551, 34.733055114746207 ], [ 76.192787170410156, 34.655269622802791 ], [ 76.157913208007869, 34.64340972900402 ], [ 76.055023193359318, 34.676029205322266 ], [ 76.036460876464901, 34.670269012451172 ], [ 76.000389099121151, 34.635810852050724 ], [ 75.991851806640739, 34.629970550537223 ], [ 75.946250915527457, 34.631179809570426 ], [ 75.932212829589844, 34.624431610107536 ], [ 75.768775939941406, 34.522140502929631 ], [ 75.749206542968807, 34.515830993652457 ], [ 75.644149780273551, 34.533538818359489 ], [ 75.615562438964957, 34.538539886474666 ], [ 75.506095886230412, 34.537330627441463 ], [ 75.478507995605526, 34.539348602295036 ], [ 75.374397277832088, 34.612968444824219 ], [ 75.353874206543082, 34.643795013427734 ], [ 75.345283508300895, 34.661590576171875 ], [ 75.344352722167912, 34.679668426513729 ], [ 75.359031677246037, 34.782356262207031 ], [ 75.347267150878906, 34.812107086181754 ], [ 75.245376586914062, 34.907436370849666 ], [ 75.24310302734375, 34.916503906250057 ], [ 75.243644714355412, 34.925811767578182 ], [ 75.245841979980526, 34.932853698730469 ], [ 75.286277770996151, 34.952899932861442 ], [ 75.315048217773494, 34.990631103515625 ], [ 75.307151794433537, 35.094356536865291 ], [ 75.301246643066349, 35.119678497314453 ], [ 75.349021911621151, 35.165996551513672 ], [ 75.343475341796932, 35.184368133544979 ], [ 75.299964904785156, 35.224105834960938 ], [ 75.275222778320369, 35.247352600097656 ], [ 75.284004211425838, 35.265777587890739 ], [ 75.293098449707031, 35.307899475097713 ], [ 75.286636352539119, 35.343883514404411 ], [ 75.262153625488281, 35.381996154785156 ], [ 74.996078491210938, 35.618862152099666 ], [ 74.969810485839844, 35.642051696777401 ], [ 75.003402709960994, 35.685527801513615 ], [ 75.002792358398438, 35.707328796386832 ], [ 74.961540222167912, 35.782905578613281 ], [ 74.95371246337902, 35.791542053222656 ], [ 74.956367492675895, 35.813827514648438 ], [ 74.964775085449332, 35.82945632934576 ], [ 75.043380737304688, 35.903366088867244 ], [ 75.073715209960938, 35.920722961425838 ], [ 75.073905944824219, 35.936981201171989 ], [ 75.068382263183594, 35.96463775634777 ], [ 75.050552368164119, 36.0 ], [ 75.039550781249943, 36.0 ], [ 75.009666442871094, 36.091121673584041 ], [ 75.018051147460938, 36.107212066650504 ], [ 75.130165100097656, 36.136837005615234 ], [ 75.145256042480469, 36.142028808593864 ], [ 75.201072692871207, 36.101810455322322 ], [ 75.215850830078125, 36.093059539794979 ], [ 75.377571105957031, 36.262863159179744 ], [ 75.389213562011719, 36.275360107421989 ], [ 75.429649353027344, 36.295406341552791 ], [ 75.443229675293026, 36.300079345703182 ], [ 75.465530395507812, 36.294391632080078 ], [ 75.492523193359489, 36.287017822265625 ], [ 75.5911865234375, 36.200069427490348 ], [ 75.604942321777344, 36.1912841796875 ], [ 75.666946411132812, 36.180076599121151 ], [ 75.689437866210938, 36.170680999755916 ], [ 75.738739013671989, 36.177585601806754 ], [ 75.766815185546989, 36.179073333740291 ], [ 75.796066284179688, 36.167602539062443 ], [ 75.841453552246094, 36.111213684082031 ], [ 75.852622985839957, 36.093048095703125 ], [ 75.872711181640625, 36.080776214599609 ], [ 75.891799926757812, 36.077758789062614 ], [ 75.933319091796989, 36.086700439453239 ], [ 75.940399169921818, 36.089851379394531 ], [ 75.955261230468864, 36.061313629150391 ] ] ] } },
{ "type": "Feature", "properties": { "GID_0": "PAK", "NAME_0": "Pakistan", "GID_1": "PAK.6_1", "NAME_1": "Northern Areas", "NL_NAME_1": null, "GID_2": "PAK.6.1_1", "NAME_2": "Northern Areas", "NL_NAME_2": null, "GID_3": "PAK.6.1.5_1", "NAME_3": "Kupwara (Gilgit Wazarat)", "VARNAME_3": null, "NL_NAME_3": null, "TYPE_3": "District", "ENGTYPE_3": "District", "CC_3": null, "HASC_3": null }, "geometry": { "type": "Polygon", "coordinates": [ [ [ 75.245376586914062, 34.907436370849666 ], [ 75.226112365722656, 34.888488769531364 ], [ 75.208686828613395, 34.859066009521428 ], [ 75.189979553222713, 34.854667663574276 ], [ 75.178390502929801, 34.870960235595703 ], [ 75.075942993164176, 34.802688598632926 ], [ 75.065475463867301, 34.797199249267635 ], [ 75.034454345703125, 34.842964172363281 ], [ 75.027755737304688, 34.853862762451286 ], [ 74.919746398925895, 34.883823394775504 ], [ 74.904129028320256, 34.888828277587834 ], [ 74.872184753418026, 34.912738800048885 ], [ 74.857673645019588, 34.926139831542969 ], [ 74.809814453125057, 34.941112518310547 ], [ 74.791412353515568, 34.914779663085994 ], [ 74.801116943359489, 35.020660400390739 ], [ 74.815132141113338, 35.046710968017692 ], [ 74.668853759765682, 35.124031066894588 ], [ 74.649299621582145, 35.139911651611385 ], [ 74.696365356445426, 35.255973815918026 ], [ 74.706863403320426, 35.270751953125114 ], [ 74.800567626953068, 35.309921264648438 ], [ 74.829971313476562, 35.325386047363281 ], [ 74.899925231933707, 35.398513793945426 ], [ 74.908889770507926, 35.433200836181641 ], [ 74.909286499023381, 35.485221862792969 ], [ 74.899360656738224, 35.509006500244197 ], [ 74.76407623291027, 35.631301879882812 ], [ 74.728889465332031, 35.648593902587947 ], [ 74.725173950195426, 35.720893859863395 ], [ 74.727233886718807, 35.740470886230526 ], [ 74.770263671875, 35.869266510009766 ], [ 74.77276611328125, 35.890254974365291 ], [ 74.785194396972713, 35.907421112060604 ], [ 74.792068481445369, 35.922996520996151 ], [ 74.843025207519588, 35.937389373779354 ], [ 74.86126708984375, 35.931091308593693 ], [ 74.87644195556652, 35.924678802490348 ], [ 74.884941101074276, 35.908737182617301 ], [ 74.897285461425781, 35.847892761230582 ], [ 74.900039672851619, 35.834064483642692 ], [ 74.939445495605469, 35.804389953613395 ], [ 74.949905395507756, 35.800128936767692 ], [ 74.982994079589901, 35.734004974365234 ], [ 75.002792358398438, 35.707328796386832 ], [ 75.003402709960994, 35.685527801513615 ], [ 74.9696044921875, 35.655971527099609 ], [ 74.969810485839844, 35.642051696777401 ], [ 75.262153625488281, 35.381996154785156 ], [ 75.286636352539119, 35.343883514404411 ], [ 75.284004211425838, 35.265777587890739 ], [ 75.275222778320369, 35.247352600097656 ], [ 75.343475341796932, 35.184368133544979 ], [ 75.349021911621151, 35.165996551513672 ], [ 75.309440612792912, 35.139476776123047 ], [ 75.301246643066349, 35.119678497314453 ], [ 75.321495056152344, 35.014549255371151 ], [ 75.315048217773494, 34.990631103515625 ], [ 75.260719299316463, 34.942218780517692 ], [ 75.245841979980526, 34.932853698730469 ], [ 75.245376586914062, 34.907436370849666 ] ] ] } },
{ "type": "Feature", "properties": { "GID_0": "PAK", "NAME_0": "Pakistan", "GID_1": "PAK.6_1", "NAME_1": "Northern Areas", "NL_NAME_1": null, "GID_2": "PAK.6.1_1", "NAME_2": "Northern Areas", "NL_NAME_2": null, "GID_3": "PAK.6.1.6_1", "NAME_3": "Ladakh (Leh)", "VARNAME_3": null, "NL_NAME_3": null, "TYPE_3": "District", "ENGTYPE_3": "District", "CC_3": null, "HASC_3": null }, "geometry": { "type": "Polygon", "coordinates": [ [ [ 76.328720092773551, 34.733055114746207 ], [ 76.324127197265739, 34.780521392822266 ], [ 76.261566162109489, 34.939342498779411 ], [ 76.247123718261719, 35.035594940185604 ], [ 76.232688903808651, 35.083721160888786 ], [ 76.194183349609432, 35.136661529541072 ], [ 76.179748535156364, 35.208854675293026 ], [ 76.165313720703125, 35.285858154296875 ], [ 76.040176391601562, 35.406173706054801 ], [ 76.001678466796875, 35.512054443359318 ], [ 76.001678466796875, 35.574619293212947 ], [ 75.967987060546932, 35.719001770019474 ], [ 75.963172912597713, 35.771942138671932 ], [ 75.996864318847656, 35.868198394775504 ], [ 76.001678466796875, 35.930763244628906 ], [ 75.948738098144645, 36.022205352783203 ], [ 75.955261230468864, 36.061313629150391 ], [ 75.994850158691463, 36.021820068359432 ], [ 76.001556396484432, 36.018169403076115 ], [ 76.080062866210938, 36.018375396728516 ], [ 76.091873168945312, 36.014450073242131 ], [ 76.155166625976506, 35.938499450683707 ], [ 76.162246704101562, 35.927970886230526 ], [ 76.168991088867244, 35.838218688964844 ], [ 76.175178527832145, 35.833389282226676 ], [ 76.208236694335938, 35.846996307373104 ], [ 76.221824645996151, 35.850933074951172 ], [ 76.337753295898438, 35.833271026611385 ], [ 76.348739624023551, 35.833431243896541 ], [ 76.386093139648551, 35.867111206054744 ], [ 76.393493652343807, 35.871036529541072 ], [ 76.437240600586051, 35.870025634765739 ], [ 76.448768615722656, 35.870658874511719 ], [ 76.555427551269588, 35.917655944824276 ], [ 76.567260742187557, 35.917823791503963 ], [ 76.587623596191406, 35.905643463134766 ], [ 76.590515136718807, 35.89311599731451 ], [ 76.580383300781307, 35.831939697265625 ], [ 76.577941894531307, 35.819007873535156 ], [ 76.590576171875114, 35.802902221679801 ], [ 76.59600830078125, 35.784938812255859 ], [ 76.653701782226676, 35.762741088867188 ], [ 76.666038513183651, 35.758090972900447 ], [ 76.7518310546875, 35.674427032470817 ], [ 76.75229644775402, 35.674098968505859 ], [ 76.830307006836051, 35.677253723144531 ], [ 76.852233886718807, 35.671279907226676 ], [ 76.932952880859489, 35.615917205810547 ], [ 76.95361328125, 35.606441497802791 ], [ 77.051483154296875, 35.600448608398494 ], [ 77.056716918945426, 35.59941482543951 ], [ 77.083641052246207, 35.574954986572266 ], [ 77.094116210937614, 35.566539764404297 ], [ 77.171516418457088, 35.535942077636719 ], [ 77.186698913574219, 35.528339385986442 ], [ 77.290260314941406, 35.534439086914119 ], [ 77.312301635742301, 35.530681610107422 ], [ 77.399787902832088, 35.468940734863224 ], [ 77.40122222900402, 35.468582153320312 ], [ 77.473770141601562, 35.477138519287166 ], [ 77.536117553710938, 35.495948791503963 ], [ 77.605545043945312, 35.476810455322379 ], [ 77.623214721679801, 35.476558685302791 ], [ 77.693901062011776, 35.480258941650504 ], [ 77.695678710937614, 35.480388641357479 ], [ 77.774169921875, 35.511848449707145 ], [ 77.797546386718864, 35.516979217529297 ], [ 77.840896606445312, 35.504211425781364 ], [ 77.843078613281307, 35.500984191894474 ], [ 77.840820312500114, 35.501110076904297 ], [ 77.823928833007812, 35.501331329345703 ], [ 77.660919189453182, 35.375228881835994 ], [ 77.650566101074219, 35.367080688476676 ], [ 77.175582885742301, 35.066791534423828 ], [ 77.156822204589901, 35.054698944091854 ], [ 77.081375122070256, 35.026336669921932 ], [ 77.068367004394645, 35.024120330810547 ], [ 77.026916503906307, 35.040794372558594 ], [ 77.018096923828125, 35.038463592529354 ], [ 77.010139465332088, 34.956287384033317 ], [ 76.997489929199219, 34.939151763916129 ], [ 76.970359802246037, 34.935581207275391 ], [ 76.950340270996037, 34.940940856933707 ], [ 76.883506774902401, 34.970329284668082 ], [ 76.870040893554631, 34.972431182861328 ], [ 76.825523376464901, 34.941654205322209 ], [ 76.811050415039176, 34.935455322265568 ], [ 76.76242828369152, 34.932991027832031 ], [ 76.749366760253906, 34.926601409912109 ], [ 76.744689941406364, 34.844730377197379 ], [ 76.743240356445312, 34.840099334716854 ], [ 76.687194824218807, 34.763210296630916 ], [ 76.681816101074219, 34.759590148925895 ], [ 76.570976257324219, 34.758422851562614 ], [ 76.561813354492131, 34.758338928222713 ], [ 76.477325439453125, 34.793987274170036 ], [ 76.474342346191463, 34.79437255859375 ], [ 76.409538269043026, 34.752166748046818 ], [ 76.385932922363395, 34.73595046997076 ], [ 76.328720092773551, 34.733055114746207 ] ] ] } },
{ "type": "Feature", "properties": { "GID_0": "PAK", "NAME_0": "Pakistan", "GID_1": "PAK.7_1", "NAME_1": "Punjab", "NL_NAME_1": null, "GID_2": "PAK.7.1_1", "NAME_2": "Bahawalpur", "NL_NAME_2": null, "GID_3": "PAK.7.1.1_1", "NAME_3": "Bahawalnagar", "VARNAME_3": null, "NL_NAME_3": null, "TYPE_3": "District", "ENGTYPE_3": "District", "CC_3": null, "HASC_3": null }, "geometry": { "type": "Polygon", "coordinates": [ [ [ 72.789703369140625, 28.966861724853629 ], [ 72.551597595214957, 28.848150253295898 ], [ 72.544174194335881, 28.84358024597168 ], [ 72.454895019531364, 29.075956344604549 ], [ 72.450172424316406, 29.083456039428825 ], [ 72.375205993652344, 29.105506896972656 ], [ 72.367813110351619, 29.113744735717887 ], [ 72.358299255371151, 29.081405639648551 ], [ 72.347396850585938, 29.06672477722168 ], [ 72.325569152832145, 29.118810653686523 ], [ 72.313919067382926, 29.128971099853629 ], [ 72.320320129394588, 29.169013977050781 ], [ 72.319610595703182, 29.176218032837028 ], [ 72.307205200195369, 29.190567016601562 ], [ 72.303436279296989, 29.209884643554744 ], [ 72.35990142822277, 29.248685836791992 ], [ 72.384872436523551, 29.253864288330135 ], [ 72.401969909668026, 29.229930877685547 ], [ 72.409416198730526, 29.225870132446289 ], [ 72.530525207519588, 29.230943679809627 ], [ 72.539360046386832, 29.230806350708121 ], [ 72.606414794921875, 29.260623931884709 ], [ 72.644218444824276, 29.263980865478572 ], [ 72.828849792480526, 29.232099533081055 ], [ 72.836387634277344, 29.234998703002987 ], [ 72.809089660644645, 29.257467269897461 ], [ 72.804374694824219, 29.265661239624023 ], [ 72.767166137695312, 29.266473770141715 ], [ 72.759437561035213, 29.269611358642578 ], [ 72.7540283203125, 29.286170959472713 ], [ 72.757118225097713, 29.297260284423828 ], [ 72.860977172851506, 29.315134048461914 ], [ 72.864852905273438, 29.324819564819336 ], [ 72.764533996582031, 29.332880020141602 ], [ 72.742126464843864, 29.339725494384879 ], [ 72.711090087890625, 29.383602142334098 ], [ 72.7095947265625, 29.392210006713924 ], [ 72.716659545898438, 29.442222595214901 ], [ 72.720756530761832, 29.448190689086971 ], [ 72.782234191894531, 29.481344223022404 ], [ 72.784996032714901, 29.488031387329158 ], [ 72.794799804687443, 29.542871475219727 ], [ 72.794624328613281, 29.549604415893668 ], [ 72.783645629882869, 29.570659637451229 ], [ 72.771736145019531, 29.581983566284237 ], [ 72.779693603515739, 29.596710205078182 ], [ 72.780845642089957, 29.603420257568359 ], [ 72.746025085449219, 29.623455047607422 ], [ 72.735923767089844, 29.629413604736385 ], [ 72.723388671875057, 29.674858093261719 ], [ 72.718986511230526, 29.686759948730582 ], [ 72.702339172363281, 29.683538436889648 ], [ 72.691711425781307, 29.689970016479606 ], [ 72.698600769043026, 29.705410003662053 ], [ 72.695022583007926, 29.718460083007926 ], [ 72.643424987793026, 29.745948791503849 ], [ 72.638397216796818, 29.750900268554631 ], [ 72.606773376464844, 29.748607635498104 ], [ 72.592399597168082, 29.755792617797908 ], [ 72.594902038574162, 29.804946899414062 ], [ 72.592826843261719, 29.810085296630973 ], [ 72.667709350586051, 29.843955993652457 ], [ 72.680404663085938, 29.85280799865717 ], [ 72.721588134765625, 29.847990036010742 ], [ 72.731765747070369, 29.848295211792106 ], [ 72.728858947753906, 29.87224197387701 ], [ 72.732597351074332, 29.89237213134777 ], [ 72.778831481933594, 29.885385513305778 ], [ 72.798110961914119, 29.884853363037223 ], [ 72.808891296386832, 29.953371047973633 ], [ 72.81353759765625, 29.960723876953125 ], [ 72.828865051269588, 29.965358734130973 ], [ 72.836914062500114, 29.96708869934082 ], [ 72.86972808837902, 29.936180114746151 ], [ 72.888648986816406, 29.928924560546875 ], [ 72.881553649902457, 29.960361480712947 ], [ 72.876930236816463, 29.975748062133846 ], [ 72.902145385742301, 29.999952316284123 ], [ 72.908088684081974, 30.004499435424918 ], [ 72.963165283203239, 29.976261138915959 ], [ 72.986152648925781, 29.973350524902344 ], [ 73.039855957031364, 30.005464553833065 ], [ 73.044479370117188, 30.011192321777401 ], [ 73.027999877929744, 30.041616439819393 ], [ 73.031967163085994, 30.058725357055721 ], [ 73.101692199706974, 30.004035949707031 ], [ 73.113243103027401, 30.006408691406307 ], [ 73.119529724121151, 30.016752243041992 ], [ 73.117240905761776, 30.026071548461971 ], [ 73.094894409179744, 30.037788391113281 ], [ 73.086746215820369, 30.049285888671932 ], [ 73.146842956543082, 30.10009574890131 ], [ 73.151481628417969, 30.106985092163086 ], [ 73.187095642089957, 30.106662750244254 ], [ 73.194572448730412, 30.104921340942496 ], [ 73.203483581543082, 30.069280624389705 ], [ 73.213165283203182, 30.072608947753963 ], [ 73.232482910156364, 30.138208389282227 ], [ 73.242469787597656, 30.144086837768612 ], [ 73.271995544433707, 30.128776550292969 ], [ 73.284217834472599, 30.121160507202205 ], [ 73.301704406738338, 30.148036956787166 ], [ 73.311462402343864, 30.157400131225643 ], [ 73.351890563964957, 30.114768981933707 ], [ 73.364097595214957, 30.106689453125 ], [ 73.367965698242188, 30.17856407165533 ], [ 73.371795654296875, 30.184768676757926 ], [ 73.426284790039176, 30.19505882263195 ], [ 73.443717956542969, 30.19687461853033 ], [ 73.446464538574276, 30.243936538696346 ], [ 73.451873779296818, 30.248493194580078 ], [ 73.471824645996151, 30.216857910156364 ], [ 73.481742858886776, 30.217630386352653 ], [ 73.490287780761776, 30.257640838623047 ], [ 73.4959716796875, 30.262426376342773 ], [ 73.552131652832088, 30.277330398559684 ], [ 73.566764831542969, 30.269908905029354 ], [ 73.581077575683651, 30.300548553466797 ], [ 73.587562561035213, 30.305088043212834 ], [ 73.663032531738281, 30.301128387451172 ], [ 73.671318054199276, 30.300302505493164 ], [ 73.752067565918082, 30.332458496093693 ], [ 73.773063659668082, 30.341180801391658 ], [ 73.80804443359375, 30.332979202270565 ], [ 73.818580627441463, 30.319587707519588 ], [ 73.876541137695369, 30.349779129028377 ], [ 73.893928527832088, 30.350564956665153 ], [ 73.955749511718864, 30.263029098510742 ], [ 73.957847595214957, 30.261690139770621 ], [ 73.964599609375, 30.224460601806641 ], [ 73.966316223144531, 30.195049285888672 ], [ 73.794082641601562, 30.069658279419059 ], [ 73.787216186523438, 30.066400527954215 ], [ 73.653396606445369, 30.031200408935547 ], [ 73.611183166503906, 30.022409439086914 ], [ 73.399246215820312, 29.943410873413143 ], [ 73.391372680664176, 29.937870025634879 ], [ 73.274887084960938, 29.566669464111385 ], [ 73.271316528320312, 29.556961059570312 ], [ 73.098442077636662, 29.265750885009879 ], [ 73.092292785644645, 29.253772735595703 ], [ 73.015708923339844, 29.164329528808651 ], [ 73.000030517578068, 29.147365570068359 ], [ 72.943756103515568, 29.029911041259822 ], [ 72.941719055175781, 29.027200698852596 ], [ 72.789703369140625, 28.966861724853629 ] ] ] } },
{ "type": "Feature", "properties": { "GID_0": "PAK", "NAME_0": "Pakistan", "GID_1": "PAK.7_1", "NAME_1": "Punjab", "NL_NAME_1": null, "GID_2": "PAK.7.1_1", "NAME_2": "Bahawalpur", "NL_NAME_2": null, "GID_3": "PAK.7.1.2_1", "NAME_3": "Bahawalpur", "VARNAME_3": "Bhawalpur", "NL_NAME_3": null, "TYPE_3": "District", "ENGTYPE_3": "District", "CC_3": null, "HASC_3": null }, "geometry": { "type": "Polygon", "coordinates": [ [ [ 71.89630126953125, 27.956840515136832 ], [ 71.6639404296875, 27.872650146484432 ], [ 71.658287048339901, 27.868930816650447 ], [ 71.412635803222713, 27.865207672119084 ], [ 71.40972900390625, 27.865789413452262 ], [ 71.325782775878906, 27.851749420166072 ], [ 71.272956848144531, 27.841928482055664 ], [ 71.139945983886832, 27.798299789428654 ], [ 71.125061035156364, 27.792251586914006 ], [ 71.116409301757869, 27.804435729980582 ], [ 71.107582092285156, 27.813970565795898 ], [ 71.027709960937557, 28.058944702148438 ], [ 71.027458190917969, 28.0607204437257 ], [ 70.958610534667969, 28.18431282043457 ], [ 70.953727722168026, 28.200632095337028 ], [ 70.923675537109489, 28.467487335205192 ], [ 70.919624328613395, 28.485881805419922 ], [ 70.940101623535156, 28.663309097290096 ], [ 70.948226928710994, 28.691026687622184 ], [ 70.977874755859375, 28.727460861206112 ], [ 70.998748779296932, 28.746858596801815 ], [ 71.031936645507869, 28.829414367675895 ], [ 71.04398345947277, 28.870761871337834 ], [ 71.031936645507869, 28.912950515747127 ], [ 71.023887634277344, 28.932567596435547 ], [ 71.033073425293026, 28.939153671264648 ], [ 71.048934936523494, 28.944242477416935 ], [ 71.037864685058651, 28.978525161743164 ], [ 71.05716705322277, 29.001197814941463 ], [ 71.050346374511719, 29.012208938598746 ], [ 71.031990051269645, 29.001125335693416 ], [ 71.023979187011832, 29.002874374389705 ], [ 71.042327880859318, 29.034843444824332 ], [ 71.051895141601562, 29.049545288086051 ], [ 71.047859191894474, 29.069099426269588 ], [ 71.063133239746094, 29.091136932373104 ], [ 71.033325195312614, 29.105060577392635 ], [ 71.023056030273381, 29.098028182983398 ], [ 70.975837707519588, 29.028453826904411 ], [ 70.967582702636719, 29.032295227050838 ], [ 70.909385681152287, 29.129962921142521 ], [ 70.897369384765568, 29.13223838806158 ], [ 70.895210266113395, 29.193763732910099 ], [ 70.889839172363338, 29.198152542114371 ], [ 70.915611267089901, 29.197854995727539 ], [ 70.930206298828125, 29.208070755004996 ], [ 70.925125122070369, 29.229728698730526 ], [ 70.888778686523381, 29.256517410278434 ], [ 70.87701416015625, 29.278976440429801 ], [ 70.919113159179631, 29.283424377441406 ], [ 70.956382751464901, 29.287021636962947 ], [ 71.036445617675781, 29.349123001098633 ], [ 71.055366516113338, 29.365869522094727 ], [ 71.096809387207088, 29.358160018920898 ], [ 71.105377197265682, 29.357795715331974 ], [ 71.119621276855469, 29.403982162475643 ], [ 71.125846862793082, 29.408758163452205 ], [ 71.144157409668082, 29.395709991455078 ], [ 71.160362243652457, 29.385944366455078 ], [ 71.175437927246207, 29.412857055664119 ], [ 71.198562622070312, 29.420387268066406 ], [ 71.237831115722599, 29.39193153381359 ], [ 71.257926940918026, 29.372125625610465 ], [ 71.321640014648494, 29.391321182251033 ], [ 71.340995788574332, 29.397052764892578 ], [ 71.365837097167969, 29.350488662719783 ], [ 71.373825073242131, 29.346651077270508 ], [ 71.480361938476619, 29.364019393921012 ], [ 71.497261047363281, 29.366540908813533 ], [ 71.515464782714901, 29.386909484863338 ], [ 71.520622253418026, 29.392398834228629 ], [ 71.580116271972713, 29.396112442016658 ], [ 71.587898254394588, 29.397151947021598 ], [ 71.607742309570369, 29.42027854919445 ], [ 71.615829467773551, 29.424562454223746 ], [ 71.703323364257869, 29.439907073974553 ], [ 71.71195220947277, 29.444412231445312 ], [ 71.737289428710994, 29.478128433227596 ], [ 71.741958618164062, 29.487337112426871 ], [ 71.806182861328239, 29.463132858276424 ], [ 71.815277099609432, 29.462062835693359 ], [ 71.855690002441463, 29.502506256103516 ], [ 71.860855102539119, 29.508457183837947 ], [ 71.874122619628849, 29.498737335205135 ], [ 71.885932922363395, 29.479990005493221 ], [ 71.910591125488281, 29.502809524536076 ], [ 71.925247192382812, 29.496780395507869 ], [ 71.918243408203125, 29.472757339477596 ], [ 71.930923461914176, 29.459100723266715 ], [ 71.946426391601562, 29.477888107299918 ], [ 71.962471008300781, 29.476013183593864 ], [ 71.947212219238281, 29.518251419067326 ], [ 71.951835632324276, 29.523979187011719 ], [ 72.100364685058594, 29.516561508178768 ], [ 72.111900329589901, 29.518470764160213 ], [ 72.116104125976676, 29.533023834228516 ], [ 72.1280517578125, 29.546064376831055 ], [ 72.197792053222599, 29.576072692871151 ], [ 72.204833984375114, 29.581764221191406 ], [ 72.229888916015625, 29.635904312133903 ], [ 72.233665466308594, 29.659048080444393 ], [ 72.275535583496151, 29.686939239501953 ], [ 72.285743713378906, 29.690027236938533 ], [ 72.25927734375, 29.735223770141658 ], [ 72.252441406250057, 29.745077133178825 ], [ 72.271049499511719, 29.775880813598746 ], [ 72.283805847168082, 29.789373397827262 ], [ 72.339508056640568, 29.789432525634822 ], [ 72.387420654296875, 29.808874130249023 ], [ 72.395210266113224, 29.810609817504996 ], [ 72.406967163085994, 29.829687118530273 ], [ 72.408683776855526, 29.83824539184576 ], [ 72.41843414306652, 29.82602691650402 ], [ 72.483039855957088, 29.831518173217887 ], [ 72.499984741210938, 29.837287902832145 ], [ 72.502677917480526, 29.817289352416992 ], [ 72.509262084960881, 29.808601379394588 ], [ 72.544631958007869, 29.810138702392578 ], [ 72.555511474609432, 29.8236598968507 ], [ 72.567451477050781, 29.814888000488338 ], [ 72.592826843261719, 29.810085296630973 ], [ 72.590110778808707, 29.765110015869084 ], [ 72.592399597168082, 29.755792617797908 ], [ 72.623672485351676, 29.751129150390625 ], [ 72.638397216796818, 29.750900268554631 ], [ 72.650489807128963, 29.733308792114315 ], [ 72.663764953613224, 29.724515914917106 ], [ 72.688652038574276, 29.722736358642692 ], [ 72.695022583007926, 29.718460083007926 ], [ 72.698600769043026, 29.705410003662053 ], [ 72.691711425781307, 29.689970016479606 ], [ 72.702339172363281, 29.683538436889648 ], [ 72.718986511230526, 29.686759948730582 ], [ 72.737617492675781, 29.635883331298885 ], [ 72.735923767089844, 29.629413604736385 ], [ 72.754837036132869, 29.621692657470703 ], [ 72.771934509277344, 29.618410110473633 ], [ 72.783645629882869, 29.570659637451229 ], [ 72.794624328613281, 29.549604415893668 ], [ 72.784996032714901, 29.488031387329158 ], [ 72.782234191894531, 29.481344223022404 ], [ 72.738327026367301, 29.461376190185604 ], [ 72.720756530761832, 29.448190689086971 ], [ 72.7095947265625, 29.392210006713924 ], [ 72.711090087890625, 29.383602142334098 ], [ 72.72684478759777, 29.359455108642578 ], [ 72.742126464843864, 29.339725494384879 ], [ 72.852859497070369, 29.329183578491211 ], [ 72.864852905273438, 29.324819564819336 ], [ 72.76202392578125, 29.304376602172908 ], [ 72.757118225097713, 29.297260284423828 ], [ 72.7540283203125, 29.286170959472713 ], [ 72.759437561035213, 29.269611358642578 ], [ 72.787765502929688, 29.264993667602539 ], [ 72.804374694824219, 29.265661239624023 ], [ 72.8330078125, 29.242708206176758 ], [ 72.836387634277344, 29.234998703002987 ], [ 72.653045654296989, 29.263378143310604 ], [ 72.644218444824276, 29.263980865478572 ], [ 72.549369812011719, 29.238773345947322 ], [ 72.539360046386832, 29.230806350708121 ], [ 72.455551147460994, 29.231647491455078 ], [ 72.409416198730526, 29.225870132446289 ], [ 72.392585754394531, 29.249799728393498 ], [ 72.384872436523551, 29.253864288330135 ], [ 72.330871582031364, 29.24032020568859 ], [ 72.306198120117188, 29.216571807861328 ], [ 72.319747924804744, 29.145355224609375 ], [ 72.313919067382926, 29.128971099853629 ], [ 72.325569152832145, 29.118810653686523 ], [ 72.336227416992301, 29.114467620849723 ], [ 72.336441040039176, 29.089403152465877 ], [ 72.334999084472656, 29.081537246704102 ], [ 72.347396850585938, 29.06672477722168 ], [ 72.364456176757926, 29.102426528930778 ], [ 72.367813110351619, 29.113744735717887 ], [ 72.403938293457145, 29.090673446655387 ], [ 72.450172424316406, 29.083456039428825 ], [ 72.539619445800781, 28.853498458862305 ], [ 72.544174194335881, 28.84358024597168 ], [ 72.409576416015625, 28.780849456787166 ], [ 72.402732849121151, 28.77787971496582 ], [ 72.344352722168026, 28.71603965759283 ], [ 72.326286315918026, 28.698892593383789 ], [ 72.198028564453125, 28.38138580322277 ], [ 72.18442535400402, 28.358005523681754 ], [ 72.005439758300838, 28.215400695800838 ], [ 71.995880126953182, 28.206956863403263 ], [ 71.942657470703125, 28.139738082885742 ], [ 71.933258056640625, 28.126859664917049 ], [ 71.89630126953125, 27.956840515136832 ] ] ] } },
{ "type": "Feature", "properties": { "GID_0": "PAK", "NAME_0": "Pakistan", "GID_1": "PAK.7_1", "NAME_1": "Punjab", "NL_NAME_1": null, "GID_2": "PAK.7.1_1", "NAME_2": "Bahawalpur", "NL_NAME_2": null, "GID_3": "PAK.7.1.3_1", "NAME_3": "Rahimyar Khan", "VARNAME_3": "Rahim Yar Khan", "NL_NAME_3": null, "TYPE_3": "District", "ENGTYPE_3": "District", "CC_3": null, "HASC_3": null }, "geometry": { "type": "Polygon", "coordinates": [ [ [ 71.125061035156364, 27.792251586914006 ], [ 70.949951171875114, 27.718839645385799 ], [ 70.906860351562614, 27.700639724731502 ], [ 70.767211914062557, 27.71494293212902 ], [ 70.757667541503963, 27.717208862304744 ], [ 70.687942504882756, 27.821889877319393 ], [ 70.678413391113281, 27.839052200317383 ], [ 70.672103881835881, 27.914318084716854 ], [ 70.660697937011719, 27.930501937866211 ], [ 70.530334472656364, 28.032487869262695 ], [ 70.509834289550781, 28.035543441772575 ], [ 70.408599853515682, 28.01728630065918 ], [ 70.366165161132756, 28.008249282836914 ], [ 70.181274414062557, 27.85557937622076 ], [ 70.1807861328125, 27.855144500732422 ], [ 70.103614807128963, 27.880874633789119 ], [ 70.0484619140625, 27.901027679443473 ], [ 69.990585327148551, 27.938455581665039 ], [ 69.964385986328182, 27.949361801147404 ], [ 69.863861083984432, 28.058944702148438 ], [ 69.835838317871151, 28.08774375915533 ], [ 69.814857482910213, 28.133365631103629 ], [ 69.805168151855582, 28.164848327636776 ], [ 69.784378051757926, 28.333538055419979 ], [ 69.784606933593864, 28.35455322265625 ], [ 69.745704650878849, 28.375421524047852 ], [ 69.730972290039176, 28.386117935180664 ], [ 69.743606567382756, 28.43133735656744 ], [ 69.750434875488395, 28.441673278808707 ], [ 69.768623352050781, 28.440229415893612 ], [ 69.785377502441349, 28.452033996582031 ], [ 69.772178649902457, 28.466627120971793 ], [ 69.786842346191463, 28.482873916626033 ], [ 69.821968078613395, 28.486270904541016 ], [ 69.819786071777401, 28.441289901733398 ], [ 69.829582214355582, 28.432783126831112 ], [ 69.851509094238395, 28.429889678955135 ], [ 69.886642456054801, 28.455329895019588 ], [ 69.902770996093807, 28.460184097290096 ], [ 69.915542602539119, 28.516139984130973 ], [ 69.920219421386832, 28.547161102294979 ], [ 69.971115112304801, 28.547992706298942 ], [ 69.988334655761719, 28.554222106933707 ], [ 70.037704467773551, 28.58292198181158 ], [ 70.051956176757869, 28.587574005126953 ], [ 70.060348510742244, 28.615751266479606 ], [ 69.972854614257926, 28.621292114257869 ], [ 70.065002441406193, 28.644453048706055 ], [ 70.092803955078239, 28.661886215210018 ], [ 70.137504577636719, 28.660263061523551 ], [ 70.1600341796875, 28.66316032409668 ], [ 70.218505859375114, 28.733255386352539 ], [ 70.198692321777457, 28.754447937011832 ], [ 70.23876953125, 28.747325897216911 ], [ 70.259376525878906, 28.746076583862305 ], [ 70.313270568847713, 28.793270111084098 ], [ 70.342842102050895, 28.802091598510856 ], [ 70.363578796386776, 28.874399185180664 ], [ 70.365715026855526, 28.894554138183594 ], [ 70.483276367187443, 28.957695007324219 ], [ 70.508522033691406, 28.963565826416072 ], [ 70.544311523437443, 28.99827957153326 ], [ 70.56717681884777, 29.00604438781744 ], [ 70.570945739746151, 29.028726577758846 ], [ 70.579521179199276, 29.050172805786246 ], [ 70.631568908691463, 29.057483673095646 ], [ 70.678962707519645, 29.077861785888786 ], [ 70.709518432617188, 29.101285934448299 ], [ 70.732810974121094, 29.121807098388672 ], [ 70.742874145507756, 29.155065536499023 ], [ 70.755607604980582, 29.18735313415533 ], [ 70.792587280273494, 29.18909835815424 ], [ 70.822479248046932, 29.202554702758903 ], [ 70.878372192382869, 29.196346282958928 ], [ 70.889839172363338, 29.198152542114371 ], [ 70.895401000976676, 29.167308807373161 ], [ 70.897369384765568, 29.13223838806158 ], [ 70.955734252929631, 29.047561645507869 ], [ 70.967582702636719, 29.032295227050838 ], [ 70.975837707519588, 29.028453826904411 ], [ 70.985069274902457, 29.038288116455078 ], [ 71.007347106933651, 29.084117889404354 ], [ 71.023056030273381, 29.098028182983398 ], [ 71.053092956543026, 29.1017360687257 ], [ 71.063133239746094, 29.091136932373104 ], [ 71.028396606445256, 29.013015747070312 ], [ 71.023979187011832, 29.002874374389705 ], [ 71.050346374511719, 29.012208938598746 ], [ 71.05716705322277, 29.001197814941463 ], [ 71.037864685058651, 28.978525161743164 ], [ 71.042198181152344, 28.961751937866325 ], [ 71.048934936523494, 28.944242477416935 ], [ 71.033073425293026, 28.939153671264648 ], [ 71.023887634277344, 28.932567596435547 ], [ 71.041343688964957, 28.894935607910156 ], [ 71.04398345947277, 28.870761871337834 ], [ 71.014739990234432, 28.783041000366325 ], [ 70.998748779296932, 28.746858596801815 ], [ 70.95843505859375, 28.714536666870231 ], [ 70.948226928710994, 28.691026687622184 ], [ 70.920753479003963, 28.511621475219727 ], [ 70.919624328613395, 28.485881805419922 ], [ 70.933486938476619, 28.43948936462408 ], [ 70.940017700195369, 28.405277252197322 ], [ 70.941856384277344, 28.256042480468807 ], [ 70.953727722168026, 28.200632095337028 ], [ 71.015914916992244, 28.079696655273438 ], [ 71.027458190917969, 28.0607204437257 ], [ 71.033882141113395, 28.018621444702148 ], [ 71.041221618652344, 27.985555648803825 ], [ 71.125061035156364, 27.792251586914006 ] ] ] } },
{ "type": "Feature", "properties": { "GID_0": "PAK", "NAME_0": "Pakistan", "GID_1": "PAK.7_1", "NAME_1": "Punjab", "NL_NAME_1": null, "GID_2": "PAK.7.2_1", "NAME_2": "Dera Ghazi Khan", "NL_NAME_2": null, "GID_3": "PAK.7.2.1_1", "NAME_3": "Dera Ghazi Kha", "VARNAME_3": null, "NL_NAME_3": null, "TYPE_3": "District", "ENGTYPE_3": "District", "CC_3": null, "HASC_3": null }, "geometry": { "type": "Polygon", "coordinates": [ [ [ 70.804367065429744, 30.662162780761776 ], [ 70.793151855468807, 30.552116394043026 ], [ 70.786529541015739, 30.5366725921632 ], [ 70.801834106445312, 30.477031707763729 ], [ 70.802070617675838, 30.432706832885856 ], [ 70.779876708984318, 30.393604278564453 ], [ 70.761436462402344, 30.375560760498104 ], [ 70.777503967285213, 30.31265830993658 ], [ 70.765319824218864, 30.281290054321346 ], [ 70.796699523925781, 30.159442901611385 ], [ 70.792427062988395, 30.118436813354492 ], [ 70.832466125488395, 30.066762924194336 ], [ 70.860481262207088, 30.037553787231502 ], [ 70.829467773437443, 29.978866577148438 ], [ 70.82883453369152, 29.971218109130916 ], [ 70.859466552734375, 29.937326431274414 ], [ 70.861061096191463, 29.915489196777457 ], [ 70.839492797851619, 29.820688247680721 ], [ 70.833763122558651, 29.791307449340877 ], [ 70.799644470214901, 29.719903945922852 ], [ 70.763397216796932, 29.628810882568416 ], [ 70.685859680175781, 29.638374328613224 ], [ 70.65720367431652, 29.700775146484375 ], [ 70.661483764648438, 29.721361160278434 ], [ 70.620941162109489, 29.754941940307674 ], [ 70.583747863769645, 29.756914138793945 ], [ 70.561683654785156, 29.748672485351562 ], [ 70.544586181640682, 29.731302261352482 ], [ 70.528892517089844, 29.676784515380973 ], [ 70.515647888183707, 29.645896911621151 ], [ 70.492866516113281, 29.62327957153326 ], [ 70.466499328613224, 29.592828750610295 ], [ 70.410476684570312, 29.567943572998047 ], [ 70.381011962890739, 29.567010879516658 ], [ 70.391441345214901, 29.586805343628043 ], [ 70.413200378418026, 29.592498779296932 ], [ 70.380371093750057, 29.621784210205135 ], [ 70.360588073730582, 29.62394905090332 ], [ 70.368484497070312, 29.63449859619152 ], [ 70.370414733886719, 29.659530639648551 ], [ 70.349723815918082, 29.675167083740291 ], [ 70.346435546875057, 29.710952758789119 ], [ 70.334373474121094, 29.730865478515739 ], [ 70.317169189453125, 29.747144699096737 ], [ 70.303077697753906, 29.754556655883903 ], [ 70.275779724121094, 29.735025405883846 ], [ 70.270553588867301, 29.724201202392635 ], [ 70.234230041503906, 29.731496810913143 ], [ 70.215171813964844, 29.728311538696289 ], [ 70.185729980468693, 29.750120162963867 ], [ 70.17063140869152, 29.763116836547965 ], [ 70.141944885253963, 29.823198318481559 ], [ 70.138534545898494, 29.828821182250977 ], [ 70.107849121093807, 29.795421600341911 ], [ 70.102577209472599, 29.781116485595817 ], [ 69.997367858886776, 29.721031188964901 ], [ 69.984420776367244, 29.713808059692383 ], [ 69.982589721679801, 29.528665542602596 ], [ 69.987724304199332, 29.511646270751953 ], [ 70.063728332519531, 29.487024307250977 ], [ 70.065452575683651, 29.474931716919059 ], [ 70.008346557617131, 29.428020477294979 ], [ 70.005050659179801, 29.421342849731559 ], [ 70.048812866210938, 29.388406753540039 ], [ 70.052719116210994, 29.37999153137207 ], [ 70.029327392578068, 29.372699737548885 ], [ 70.022331237792969, 29.370023727416992 ], [ 69.991798400878906, 29.243570327758903 ], [ 69.988624572753963, 29.225753784179801 ], [ 69.988533020019531, 29.218561172485465 ], [ 69.988288879394645, 29.200000762939453 ], [ 70.041862487793082, 29.180370330810547 ], [ 70.059516906738281, 29.178703308105412 ], [ 69.915672302246094, 29.154027938842887 ], [ 69.896667480468807, 29.134136199951286 ], [ 69.812423706054801, 28.996221542358455 ], [ 69.808326721191406, 28.989555358886719 ], [ 69.787406921386776, 28.924676895141715 ], [ 69.785720825195426, 28.917974472045898 ], [ 69.796012878418082, 28.88555908203125 ], [ 69.805168151855582, 28.868476867675838 ], [ 69.789192199706974, 28.833456039428711 ], [ 69.782043457031307, 28.818948745727596 ], [ 69.726905822753963, 28.800548553466911 ], [ 69.720664978027457, 28.794147491455078 ], [ 69.725914001464844, 28.764364242553825 ], [ 69.724113464355582, 28.749773025512809 ], [ 69.688774108886776, 28.687440872192383 ], [ 69.684608459472713, 28.675437927246151 ], [ 69.609306335449332, 28.671274185180721 ], [ 69.594696044921875, 28.66013145446783 ], [ 69.635162353515682, 28.473634719848633 ], [ 69.634414672851619, 28.440069198608512 ], [ 69.571357727050895, 28.445440292358512 ], [ 69.59161376953125, 28.478542327880916 ], [ 69.50839996337902, 28.492946624755859 ], [ 69.473770141601562, 28.495641708374023 ], [ 69.394905090332145, 28.468322753906307 ], [ 69.390136718750114, 28.456010818481559 ], [ 69.357566833496037, 28.457582473754826 ], [ 69.348686218261776, 28.456981658935604 ], [ 69.294830322265625, 28.496570587158203 ], [ 69.266593933105469, 28.550380706787109 ], [ 69.26175689697277, 28.569948196411133 ], [ 69.343307495117188, 28.602090835571346 ], [ 69.372642517089844, 28.613470077514762 ], [ 69.4625244140625, 28.773571014404354 ], [ 69.486389160156307, 28.817752838134766 ], [ 69.481979370117188, 28.84961128234869 ], [ 69.447509765625057, 28.855716705322266 ], [ 69.433700561523438, 28.864749908447322 ], [ 69.449844360351676, 28.891880035400504 ], [ 69.452667236328182, 28.924089431762809 ], [ 69.520843505859375, 28.978254318237305 ], [ 69.541519165039119, 28.982805252075309 ], [ 69.594795227050895, 29.065048217773438 ], [ 69.609275817871207, 29.087562561035156 ], [ 69.639984130859489, 29.101703643798942 ], [ 69.672431945800895, 29.105373382568359 ], [ 69.680709838867188, 29.145389556884879 ], [ 69.702743530273551, 29.172426223754996 ], [ 69.703849792480526, 29.216962814331168 ], [ 69.736137390136832, 29.291410446166992 ], [ 69.732910156250114, 29.311647415161246 ], [ 69.672866821289062, 29.285898208618278 ], [ 69.643524169921875, 29.273824691772404 ], [ 69.627014160156364, 29.323274612426871 ], [ 69.613487243652457, 29.333230972290153 ], [ 69.636672973632812, 29.386936187744141 ], [ 69.62750244140625, 29.403089523315543 ], [ 69.609794616699276, 29.421234130859432 ], [ 69.582702636718807, 29.438594818115234 ], [ 69.53515625, 29.426805496215877 ], [ 69.527976989746151, 29.4313259124757 ], [ 69.556938171386719, 29.517890930175781 ], [ 69.56504058837902, 29.543985366821403 ], [ 69.55606842041027, 29.617219924926871 ], [ 69.558380126953239, 29.651525497436523 ], [ 69.565979003906364, 29.659297943115234 ], [ 69.580398559570312, 29.65628814697277 ], [ 69.600914001464957, 29.698816299438533 ], [ 69.604316711425895, 29.704875946044922 ], [ 69.62265777587902, 29.715032577514648 ], [ 69.693351745605526, 29.735977172851676 ], [ 69.782295227050895, 29.801883697509879 ], [ 69.805953979492301, 29.808940887451286 ], [ 69.841567993164119, 29.892154693603516 ], [ 69.890823364257926, 29.996038436889705 ], [ 69.934631347656307, 30.049886703491325 ], [ 69.965774536132926, 30.07747840881359 ], [ 69.952133178710938, 30.099504470825252 ], [ 69.965789794921989, 30.120174407959041 ], [ 69.999374389648551, 30.149816513061637 ], [ 70.019432067871094, 30.210300445556641 ], [ 70.041404724121094, 30.232467651367301 ], [ 70.044120788574276, 30.243320465087891 ], [ 69.938194274902344, 30.244749069213924 ], [ 70.048324584960994, 30.271343231201172 ], [ 70.016448974609432, 30.291563034057731 ], [ 69.920730590820369, 30.282148361206112 ], [ 69.920135498046932, 30.298168182373161 ], [ 69.939849853515739, 30.33243560791027 ], [ 70.000495910644645, 30.36281776428234 ], [ 70.001762390136776, 30.420343399047908 ], [ 69.979957580566406, 30.432285308838004 ], [ 70.033416748046932, 30.550027847290096 ], [ 70.068519592285213, 30.593568801879996 ], [ 70.079750061035156, 30.634466171264705 ], [ 70.064147949218807, 30.691791534423885 ], [ 70.070098876953239, 30.71722412109375 ], [ 70.123039245605469, 30.752830505371037 ], [ 70.127059936523494, 30.773883819580192 ], [ 70.151145935058651, 30.773044586181697 ], [ 70.178756713867244, 30.774934768676815 ], [ 70.179344177246151, 30.80021858215332 ], [ 70.18778228759777, 30.831413269042912 ], [ 70.224327087402344, 30.841518402099666 ], [ 70.258094787597713, 30.843544006347713 ], [ 70.250915527343864, 30.88960075378418 ], [ 70.224189758300838, 30.893730163574332 ], [ 70.240928649902401, 31.008563995361328 ], [ 70.243026733398494, 31.047281265258846 ], [ 70.216728210449276, 31.066802978515625 ], [ 70.228691101074219, 31.081249237060547 ], [ 70.230537414550895, 31.097795486450195 ], [ 70.221115112304744, 31.136680603027401 ], [ 70.227081298828239, 31.154132843017635 ], [ 70.359725952148438, 31.187957763671875 ], [ 70.371841430664176, 31.191596984863338 ], [ 70.367027282714901, 31.225868225097656 ], [ 70.369735717773551, 31.245861053466854 ], [ 70.388618469238395, 31.242120742797795 ], [ 70.399620056152401, 31.244382858276424 ], [ 70.415916442871207, 31.276517868042106 ], [ 70.430572509765682, 31.286125183105412 ], [ 70.460533142089957, 31.291086196899528 ], [ 70.489097595214901, 31.293521881103516 ], [ 70.522056579589844, 31.319852828979492 ], [ 70.535560607910156, 31.325098037719727 ], [ 70.772048950195256, 31.30087852478033 ], [ 70.777053833007812, 31.306379318237362 ], [ 70.801017761230582, 31.145563125610465 ], [ 70.813491821289062, 31.115900039672852 ], [ 70.814628601074219, 31.079217910766715 ], [ 70.814430236816406, 31.042791366577205 ], [ 70.794891357421989, 31.001791000366268 ], [ 70.789367675781364, 30.98888206481945 ], [ 70.814208984374943, 30.983623504638729 ], [ 70.820304870605412, 30.978654861450309 ], [ 70.813224792480582, 30.886178970337028 ], [ 70.813758850097713, 30.864591598510742 ], [ 70.805084228515625, 30.856372833251953 ], [ 70.749290466308651, 30.84958457946783 ], [ 70.743530273437557, 30.81788444519043 ], [ 70.736854553222713, 30.798032760620117 ], [ 70.800773620605526, 30.770814895629826 ], [ 70.809753417968807, 30.761161804199276 ], [ 70.804367065429744, 30.662162780761776 ] ] ] } },
{ "type": "Feature", "properties": { "GID_0": "PAK", "NAME_0": "Pakistan", "GID_1": "PAK.7_1", "NAME_1": "Punjab", "NL_NAME_1": null, "GID_2": "PAK.7.2_1", "NAME_2": "Dera Ghazi Khan", "NL_NAME_2": null, "GID_3": "PAK.7.2.2_1", "NAME_3": "Layyah", "VARNAME_3": "Lieah", "NL_NAME_3": null, "TYPE_3": "District", "ENGTYPE_3": "District", "CC_3": null, "HASC_3": null }, "geometry": { "type": "Polygon", "coordinates": [ [ [ 71.750968933105469, 31.154434204101619 ], [ 71.769958496093864, 31.110979080200252 ], [ 71.792167663574219, 31.067705154419002 ], [ 71.787002563476562, 30.998636245727596 ], [ 71.772727966308651, 30.971244812011719 ], [ 71.790550231933707, 30.941034317016658 ], [ 71.806144714355526, 30.925012588501033 ], [ 71.796775817871151, 30.904737472534237 ], [ 71.790679931640682, 30.888589859008846 ], [ 71.812812805175838, 30.881052017211857 ], [ 71.80655670166027, 30.852840423584098 ], [ 71.77667236328125, 30.819194793701229 ], [ 71.774070739746151, 30.804384231567326 ], [ 71.743484497070312, 30.79998779296875 ], [ 71.721084594726619, 30.786415100097656 ], [ 71.680496215820426, 30.732515335083008 ], [ 71.67667388916027, 30.705657958984432 ], [ 71.643119812011832, 30.69945144653326 ], [ 71.631538391113281, 30.694063186645565 ], [ 71.639587402343807, 30.674446105956974 ], [ 71.612754821777457, 30.607339859008903 ], [ 71.579109191894531, 30.594171524047965 ], [ 71.520187377929744, 30.593233108520451 ], [ 71.481010437011662, 30.608230590820426 ], [ 71.382843017578125, 30.679372787475586 ], [ 71.351608276367244, 30.72882080078125 ], [ 71.284034729003906, 30.763519287109318 ], [ 71.236274719238395, 30.777027130126953 ], [ 71.202819824218807, 30.778244018554688 ], [ 71.178794860839901, 30.763534545898438 ], [ 71.152946472167912, 30.731916427612362 ], [ 71.142562866210994, 30.715137481689567 ], [ 71.138740539550838, 30.667860031128043 ], [ 71.117782592773494, 30.662153244018668 ], [ 71.086387634277287, 30.657073974609489 ], [ 71.049896240234489, 30.651609420776424 ], [ 70.948348999023438, 30.668273925781307 ], [ 70.926170349121037, 30.672100067138672 ], [ 70.807678222656364, 30.661647796630916 ], [ 70.804367065429744, 30.662162780761776 ], [ 70.810005187988224, 30.73864936828619 ], [ 70.809753417968807, 30.761161804199276 ], [ 70.741806030273494, 30.787281036376953 ], [ 70.736854553222713, 30.798032760620117 ], [ 70.744338989257926, 30.839220046997127 ], [ 70.749290466308651, 30.84958457946783 ], [ 70.805084228515625, 30.856372833251953 ], [ 70.813758850097713, 30.864591598510742 ], [ 70.814773559570256, 30.943935394287166 ], [ 70.820304870605412, 30.978654861450309 ], [ 70.806716918945426, 30.98443603515625 ], [ 70.789367675781364, 30.98888206481945 ], [ 70.814430236816406, 31.042791366577205 ], [ 70.814628601074219, 31.079217910766715 ], [ 70.78824615478527, 31.215143203735408 ], [ 70.778663635253963, 31.240585327148438 ], [ 70.79095458984375, 31.280305862426758 ], [ 70.777053833007812, 31.306379318237362 ], [ 70.807571411132812, 31.381689071655273 ], [ 70.809310913085938, 31.389499664306697 ], [ 70.826004028320426, 31.382322311401424 ], [ 70.844398498535156, 31.376003265380973 ], [ 70.882369995117244, 31.392351150512752 ], [ 70.912605285644645, 31.411603927612305 ], [ 70.935394287109432, 31.392917633056697 ], [ 70.95017242431652, 31.375980377197322 ], [ 71.138374328613338, 31.350540161132926 ], [ 71.160850524902401, 31.349494934082031 ], [ 71.21183013916027, 31.273750305175781 ], [ 71.234298706054744, 31.250427246093864 ], [ 71.283569335937614, 31.229703903198299 ], [ 71.296600341796875, 31.15988731384283 ], [ 71.411239624023438, 31.161815643310661 ], [ 71.432418823242188, 31.163574218750057 ], [ 71.478378295898438, 31.218317031860352 ], [ 71.502769470214844, 31.240909576416072 ], [ 71.576118469238338, 31.239301681518668 ], [ 71.622642517089901, 31.212589263916129 ], [ 71.678413391113395, 31.176448822021541 ], [ 71.709175109863281, 31.174114227294922 ], [ 71.732192993164176, 31.172826766967773 ], [ 71.750968933105469, 31.154434204101619 ] ] ] } },
{ "type": "Feature", "properties": { "GID_0": "PAK", "NAME_0": "Pakistan", "GID_1": "PAK.7_1", "NAME_1": "Punjab", "NL_NAME_1": null, "GID_2": "PAK.7.2_1", "NAME_2": "Dera Ghazi Khan", "NL_NAME_2": null, "GID_3": "PAK.7.2.3_1", "NAME_3": "Muzaffargarh", "VARNAME_3": null, "NL_NAME_3": null, "TYPE_3": "District", "ENGTYPE_3": "District", "CC_3": null, "HASC_3": null }, "geometry": { "type": "Polygon", "coordinates": [ [ [ 70.889839172363338, 29.198152542114371 ], [ 70.770378112792969, 29.190835952758846 ], [ 70.755607604980582, 29.18735313415533 ], [ 70.732810974121094, 29.121807098388672 ], [ 70.709518432617188, 29.101285934448299 ], [ 70.602600097656307, 29.05399131774908 ], [ 70.579521179199276, 29.050172805786246 ], [ 70.570945739746151, 29.028726577758846 ], [ 70.56717681884777, 29.00604438781744 ], [ 70.483276367187443, 28.957695007324219 ], [ 70.46054840087902, 28.944890975952205 ], [ 70.501113891601619, 29.07529449462902 ], [ 70.516174316406307, 29.079933166503906 ], [ 70.509712219238338, 29.182365417480469 ], [ 70.502151489257926, 29.198030471801758 ], [ 70.518844604492244, 29.204963684082145 ], [ 70.539199829101562, 29.205110549926758 ], [ 70.539970397949219, 29.223661422729435 ], [ 70.543540954589957, 29.23056793212902 ], [ 70.557533264160156, 29.236150741577205 ], [ 70.567687988281307, 29.234600067138729 ], [ 70.583564758300895, 29.261270523071346 ], [ 70.588829040527401, 29.274879455566406 ], [ 70.577033996582088, 29.337018966674805 ], [ 70.583106994628963, 29.351310729980412 ], [ 70.568252563476619, 29.362447738647518 ], [ 70.568405151367188, 29.374280929565487 ], [ 70.573585510253963, 29.381160736083928 ], [ 70.594779968261776, 29.384542465210018 ], [ 70.605171203613281, 29.422204971313533 ], [ 70.608200073242301, 29.428886413574332 ], [ 70.667350769042969, 29.447458267212028 ], [ 70.677574157714901, 29.450778961181584 ], [ 70.686386108398551, 29.470132827758903 ], [ 70.686225891113224, 29.478488922119141 ], [ 70.659156799316406, 29.518358230590877 ], [ 70.657096862792969, 29.525119781494254 ], [ 70.675445556640682, 29.556856155395565 ], [ 70.68170166015625, 29.56441688537592 ], [ 70.687980651855469, 29.615367889404411 ], [ 70.685859680175781, 29.638374328613224 ], [ 70.763397216796932, 29.628810882568416 ], [ 70.839492797851619, 29.820688247680721 ], [ 70.852737426757756, 29.871995925903377 ], [ 70.861061096191463, 29.915489196777457 ], [ 70.848175048828125, 29.95513725280756 ], [ 70.82883453369152, 29.971218109130916 ], [ 70.856445312500057, 30.015340805053768 ], [ 70.860481262207088, 30.037553787231502 ], [ 70.832466125488395, 30.066762924194336 ], [ 70.800422668457145, 30.094644546508903 ], [ 70.796699523925781, 30.159442901611385 ], [ 70.794273376464901, 30.179435729980582 ], [ 70.766716003417912, 30.264793395996094 ], [ 70.765319824218864, 30.281290054321346 ], [ 70.777503967285213, 30.31265830993658 ], [ 70.779975891113338, 30.338376998901367 ], [ 70.760765075683707, 30.364896774291992 ], [ 70.761436462402344, 30.375560760498104 ], [ 70.793510437011776, 30.412652969360352 ], [ 70.802070617675838, 30.432706832885856 ], [ 70.787826538086051, 30.512752532959098 ], [ 70.786529541015739, 30.5366725921632 ], [ 70.799186706542969, 30.56339263916027 ], [ 70.800933837890682, 30.574272155761832 ], [ 70.796142578125, 30.639318466186523 ], [ 70.804367065429744, 30.662162780761776 ], [ 70.892425537109375, 30.671930313110408 ], [ 70.926170349121037, 30.672100067138672 ], [ 71.022315979003906, 30.651805877685661 ], [ 71.049896240234489, 30.651609420776424 ], [ 71.117782592773494, 30.662153244018668 ], [ 71.138740539550838, 30.667860031128043 ], [ 71.137161254882812, 30.69062614440918 ], [ 71.142562866210994, 30.715137481689567 ], [ 71.202819824218807, 30.778244018554688 ], [ 71.236274719238395, 30.777027130126953 ], [ 71.284034729003906, 30.763519287109318 ], [ 71.351608276367244, 30.72882080078125 ], [ 71.382843017578125, 30.679372787475586 ], [ 71.481010437011662, 30.608230590820426 ], [ 71.520187377929744, 30.593233108520451 ], [ 71.612754821777457, 30.607339859008903 ], [ 71.616775512695426, 30.628856658935604 ], [ 71.695541381836051, 30.610458374023494 ], [ 71.721015930175781, 30.592658996582031 ], [ 71.766059875488338, 30.596830368041992 ], [ 71.780845642089787, 30.592473983764705 ], [ 71.780731201171932, 30.571540832519588 ], [ 71.766235351562557, 30.547634124755916 ], [ 71.615325927734375, 30.473409652709961 ], [ 71.554481506347656, 30.448137283325195 ], [ 71.407875061035213, 30.333702087402401 ], [ 71.39322662353527, 30.319078445434627 ], [ 71.384452819824332, 30.260972976684513 ], [ 71.382888793945369, 30.243362426757926 ], [ 71.311607360839957, 30.176946640014762 ], [ 71.293029785156307, 30.148231506347656 ], [ 71.262451171875, 29.976530075073242 ], [ 71.26218414306652, 29.955883026123047 ], [ 71.193725585937614, 29.900329589843807 ], [ 71.180770874023551, 29.871294021606559 ], [ 71.178382873535156, 29.8314208984375 ], [ 71.192085266113281, 29.814035415649528 ], [ 71.186080932617301, 29.784194946289119 ], [ 71.177322387695426, 29.769248962402344 ], [ 71.157897949218864, 29.758413314819393 ], [ 71.152351379394645, 29.743185043335075 ], [ 71.167503356933594, 29.713710784912166 ], [ 71.161201477050781, 29.660671234130916 ], [ 71.160888671875057, 29.635847091674748 ], [ 71.094398498535099, 29.609037399292049 ], [ 71.068641662597599, 29.605030059814567 ], [ 71.033493041992301, 29.516008377075195 ], [ 71.024536132812614, 29.506633758545036 ], [ 71.045547485351676, 29.370096206665039 ], [ 71.055366516113338, 29.365869522094727 ], [ 71.017471313476676, 29.331087112426871 ], [ 70.993278503418082, 29.303386688232422 ], [ 70.8880615234375, 29.284141540527457 ], [ 70.87701416015625, 29.278976440429801 ], [ 70.925125122070369, 29.229728698730526 ], [ 70.930206298828125, 29.208070755004996 ], [ 70.889839172363338, 29.198152542114371 ] ] ] } },
{ "type": "Feature", "properties": { "GID_0": "PAK", "NAME_0": "Pakistan", "GID_1": "PAK.7_1", "NAME_1": "Punjab", "NL_NAME_1": null, "GID_2": "PAK.7.2_1", "NAME_2": "Dera Ghazi Khan", "NL_NAME_2": null, "GID_3": "PAK.7.2.4_1", "NAME_3": "Rajan Pur", "VARNAME_3": "Rajanpur", "NL_NAME_3": null, "TYPE_3": "District", "ENGTYPE_3": "District", "CC_3": null, "HASC_3": null }, "geometry": { "type": "Polygon", "coordinates": [ [ [ 69.730972290039176, 28.386117935180664 ], [ 69.713821411132926, 28.410020828247127 ], [ 69.691680908203239, 28.43330192565918 ], [ 69.660758972168026, 28.437826156616325 ], [ 69.634414672851619, 28.440069198608512 ], [ 69.635162353515682, 28.473634719848633 ], [ 69.633697509765739, 28.505680084228629 ], [ 69.594734191894588, 28.642032623291129 ], [ 69.593276977539176, 28.653656005859375 ], [ 69.594696044921875, 28.66013145446783 ], [ 69.609306335449332, 28.671274185180721 ], [ 69.669525146484432, 28.668712615966911 ], [ 69.684608459472713, 28.675437927246151 ], [ 69.719184875488395, 28.741033554077205 ], [ 69.724113464355582, 28.749773025512809 ], [ 69.719223022460938, 28.78581619262701 ], [ 69.720664978027457, 28.794147491455078 ], [ 69.768562316894645, 28.812196731567383 ], [ 69.782043457031307, 28.818948745727596 ], [ 69.797042846679688, 28.861412048339901 ], [ 69.805168151855582, 28.868476867675838 ], [ 69.785758972167912, 28.900106430053768 ], [ 69.785064697265625, 28.908702850341911 ], [ 69.804351806640682, 28.972213745117244 ], [ 69.808326721191406, 28.989555358886719 ], [ 69.879539489746151, 29.113983154296989 ], [ 69.884712219238395, 29.120632171630859 ], [ 69.915672302246094, 29.154027938842887 ], [ 69.923492431640625, 29.158779144287109 ], [ 70.045310974121207, 29.177532196044979 ], [ 70.059516906738281, 29.178703308105412 ], [ 70.015129089355526, 29.183572769165039 ], [ 69.988288879394645, 29.200000762939453 ], [ 70.029327392578068, 29.372699737548885 ], [ 70.052719116210994, 29.37999153137207 ], [ 70.008720397949332, 29.415252685546875 ], [ 70.005050659179801, 29.421342849731559 ], [ 70.061889648437614, 29.468721389770508 ], [ 70.065452575683651, 29.474931716919059 ], [ 70.063728332519531, 29.487024307250977 ], [ 70.057647705078182, 29.492919921875057 ], [ 69.998115539550781, 29.507307052612305 ], [ 69.987724304199332, 29.511646270751953 ], [ 69.983802795410156, 29.707088470459098 ], [ 69.984420776367244, 29.713808059692383 ], [ 70.039428710937614, 29.743116378784237 ], [ 70.102577209472599, 29.781116485595817 ], [ 70.132225036621151, 29.817317962646598 ], [ 70.138534545898494, 29.828821182250977 ], [ 70.165542602539062, 29.784080505371207 ], [ 70.17063140869152, 29.763116836547965 ], [ 70.209678649902401, 29.738607406616325 ], [ 70.215171813964844, 29.728311538696289 ], [ 70.248466491699332, 29.735450744628849 ], [ 70.270553588867301, 29.724201202392635 ], [ 70.275779724121094, 29.735025405883846 ], [ 70.283164978027457, 29.747440338134766 ], [ 70.317169189453125, 29.747144699096737 ], [ 70.334373474121094, 29.730865478515739 ], [ 70.349723815918082, 29.675167083740291 ], [ 70.370414733886719, 29.659530639648551 ], [ 70.368484497070312, 29.63449859619152 ], [ 70.360588073730582, 29.62394905090332 ], [ 70.407714843750114, 29.603258132934627 ], [ 70.413200378418026, 29.592498779296932 ], [ 70.391441345214901, 29.586805343628043 ], [ 70.378479003906307, 29.578187942504883 ], [ 70.381011962890739, 29.567010879516658 ], [ 70.410476684570312, 29.567943572998047 ], [ 70.436630249023494, 29.581459045410213 ], [ 70.466499328613224, 29.592828750610295 ], [ 70.492866516113281, 29.62327957153326 ], [ 70.515647888183707, 29.645896911621151 ], [ 70.531150817871037, 29.706451416015739 ], [ 70.544586181640682, 29.731302261352482 ], [ 70.583747863769645, 29.756914138793945 ], [ 70.620941162109489, 29.754941940307674 ], [ 70.645507812500057, 29.728338241577262 ], [ 70.661483764648438, 29.721361160278434 ], [ 70.65720367431652, 29.700775146484375 ], [ 70.660568237304744, 29.670326232910213 ], [ 70.673782348632926, 29.656660079956055 ], [ 70.686569213867301, 29.651588439941406 ], [ 70.68701171875, 29.602851867675895 ], [ 70.6893310546875, 29.595623016357479 ], [ 70.65936279296875, 29.534599304199332 ], [ 70.657096862792969, 29.525119781494254 ], [ 70.686386108398551, 29.470132827758903 ], [ 70.677574157714901, 29.450778961181584 ], [ 70.628425598144474, 29.439941406250057 ], [ 70.608200073242301, 29.428886413574332 ], [ 70.604873657226619, 29.399003982544059 ], [ 70.594779968261776, 29.384542465210018 ], [ 70.573585510253963, 29.381160736083928 ], [ 70.568405151367188, 29.374280929565487 ], [ 70.587860107421875, 29.283016204834041 ], [ 70.588829040527401, 29.274879455566406 ], [ 70.571899414062557, 29.249385833740234 ], [ 70.567687988281307, 29.234600067138729 ], [ 70.539970397949219, 29.223661422729435 ], [ 70.539199829101562, 29.205110549926758 ], [ 70.51108551025402, 29.205549240112248 ], [ 70.502151489257926, 29.198030471801758 ], [ 70.514465332031307, 29.17695426940918 ], [ 70.519416809082088, 29.166204452514762 ], [ 70.515800476074276, 29.09270095825201 ], [ 70.516174316406307, 29.079933166503906 ], [ 70.493034362792969, 29.071475982666016 ], [ 70.487785339355526, 29.059259414672908 ], [ 70.465538024902287, 28.952865600585881 ], [ 70.46054840087902, 28.944890975952205 ], [ 70.397521972656307, 28.91099739074707 ], [ 70.365715026855526, 28.894554138183594 ], [ 70.357826232910156, 28.822509765625057 ], [ 70.342842102050895, 28.802091598510856 ], [ 70.313270568847713, 28.793270111084098 ], [ 70.293312072753849, 28.781980514526367 ], [ 70.276138305664006, 28.758579254150504 ], [ 70.259376525878906, 28.746076583862305 ], [ 70.215568542480526, 28.754648208618221 ], [ 70.198692321777457, 28.754447937011832 ], [ 70.218505859375114, 28.733255386352539 ], [ 70.169830322265682, 28.675306320190373 ], [ 70.1600341796875, 28.66316032409668 ], [ 69.994995117187443, 28.635564804077205 ], [ 69.972854614257926, 28.621292114257869 ], [ 70.060348510742244, 28.615751266479606 ], [ 70.051956176757869, 28.587574005126953 ], [ 69.988334655761719, 28.554222106933707 ], [ 69.971115112304801, 28.547992706298942 ], [ 69.93017578125, 28.550487518310661 ], [ 69.920219421386832, 28.547161102294979 ], [ 69.913787841796875, 28.483680725097656 ], [ 69.902770996093807, 28.460184097290096 ], [ 69.851509094238395, 28.429889678955135 ], [ 69.829582214355582, 28.432783126831112 ], [ 69.821968078613395, 28.486270904541016 ], [ 69.786842346191463, 28.482873916626033 ], [ 69.772178649902457, 28.466627120971793 ], [ 69.785377502441349, 28.452033996582031 ], [ 69.768623352050781, 28.440229415893612 ], [ 69.750434875488395, 28.441673278808707 ], [ 69.730972290039176, 28.386117935180664 ] ] ] } },
{ "type": "Feature", "properties": { "GID_0": "PAK", "NAME_0": "Pakistan", "GID_1": "PAK.7_1", "NAME_1": "Punjab", "NL_NAME_1": null, "GID_2": "PAK.7.3_1", "NAME_2": "Faisalabad", "NL_NAME_2": null, "GID_3": "PAK.7.3.1_1", "NAME_3": "Faisalabad", "VARNAME_3": null, "NL_NAME_3": null, "TYPE_3": "District", "ENGTYPE_3": "District", "CC_3": null, "HASC_3": null }, "geometry": { "type": "Polygon", "coordinates": [ [ [ 73.343681335449332, 31.011615753173828 ], [ 73.339561462402344, 30.99301719665533 ], [ 73.335166931152344, 30.984731674194336 ], [ 73.273529052734489, 30.981050491333008 ], [ 73.240447998046932, 30.969499588012809 ], [ 73.176208496093864, 30.909008026123047 ], [ 73.138015747070369, 30.896377563476619 ], [ 73.143104553222656, 30.854761123657227 ], [ 73.138610839843807, 30.838125228881893 ], [ 73.106063842773551, 30.847448348999023 ], [ 73.083732604980582, 30.839443206787166 ], [ 73.083053588867188, 30.807199478149528 ], [ 72.934097290039062, 30.760093688964844 ], [ 72.906875610351619, 30.746595382690487 ], [ 72.882812500000057, 30.707523345947379 ], [ 72.851028442382926, 30.693399429321289 ], [ 72.832466125488338, 30.707611083984489 ], [ 72.813201904296932, 30.70860671997076 ], [ 72.816200256347656, 30.733621597289982 ], [ 72.80743408203125, 30.739559173584098 ], [ 72.726806640625057, 30.737335205078239 ], [ 72.719841003417912, 30.737442016601562 ], [ 72.715530395507869, 30.756072998046818 ], [ 72.716926574707145, 30.760925292968807 ], [ 72.741828918457031, 30.802305221557674 ], [ 72.742424011230526, 30.8069362640382 ], [ 72.675163269043082, 30.866458892822266 ], [ 72.67362213134777, 30.871124267578125 ], [ 72.737258911132812, 30.926288604736442 ], [ 72.742660522460994, 30.930379867553711 ], [ 72.768547058105526, 31.028131484985352 ], [ 72.775886535644645, 31.036603927612248 ], [ 72.71893310546875, 31.064174652099723 ], [ 72.712348937988395, 31.072399139404411 ], [ 72.737258911132812, 31.093824386596623 ], [ 72.741836547851562, 31.095840454101562 ], [ 72.750358581542912, 31.133995056152401 ], [ 72.760375976562557, 31.142425537109432 ], [ 72.747337341308594, 31.170240402221737 ], [ 72.746330261230582, 31.174898147583065 ], [ 72.827125549316463, 31.232114791870117 ], [ 72.834922790527401, 31.255197525024471 ], [ 72.832489013671932, 31.274494171142635 ], [ 72.82511138916027, 31.283891677856388 ], [ 72.799316406250114, 31.297983169555778 ], [ 72.786529541015682, 31.303287506103572 ], [ 72.812652587890682, 31.377599716186637 ], [ 72.826698303222656, 31.408010482788086 ], [ 72.873970031738281, 31.481760025024471 ], [ 72.910064697265625, 31.519021987915153 ], [ 72.934921264648494, 31.53650093078619 ], [ 73.005737304687614, 31.545377731323299 ], [ 73.025215148925781, 31.56085205078125 ], [ 73.092712402343864, 31.666772842407283 ], [ 73.109764099121094, 31.702241897583065 ], [ 73.160018920898551, 31.757614135742301 ], [ 73.196090698242301, 31.772600173950195 ], [ 73.196540832519531, 31.765630722045898 ], [ 73.203323364257926, 31.751834869384766 ], [ 73.234794616699332, 31.74913215637207 ], [ 73.239669799804744, 31.748847961425724 ], [ 73.240226745605469, 31.727127075195312 ], [ 73.240402221679688, 31.719699859619197 ], [ 73.278587341308651, 31.711446762084961 ], [ 73.306976318359375, 31.711236953735408 ], [ 73.327690124511832, 31.697687149047908 ], [ 73.334220886230469, 31.664171218872184 ], [ 73.344779968261776, 31.652173995971737 ], [ 73.396995544433594, 31.630939483642578 ], [ 73.420738220214957, 31.624073028564453 ], [ 73.417663574218807, 31.592794418334961 ], [ 73.415962219238395, 31.585859298706168 ], [ 73.456977844238395, 31.547164916992244 ], [ 73.460762023925838, 31.529239654541016 ], [ 73.461074829101562, 31.511598587036246 ], [ 73.457122802734432, 31.495882034301815 ], [ 73.436340332031307, 31.483211517334098 ], [ 73.435981750488338, 31.475790023803768 ], [ 73.473342895507869, 31.424160003662109 ], [ 73.482315063476619, 31.413808822631893 ], [ 73.510169982910213, 31.414304733276367 ], [ 73.527130126953182, 31.421001434326229 ], [ 73.550979614257869, 31.443368911743164 ], [ 73.565086364746151, 31.457536697387752 ], [ 73.576408386230582, 31.442277908325252 ], [ 73.576492309570312, 31.427890777588004 ], [ 73.621772766113395, 31.451084136962891 ], [ 73.635162353515739, 31.451108932495117 ], [ 73.649604797363338, 31.407491683960018 ], [ 73.653816223144645, 31.401624679565543 ], [ 73.650756835937614, 31.309318542480526 ], [ 73.637046813964957, 31.284008026123104 ], [ 73.5770263671875, 31.260345458984489 ], [ 73.552314758300838, 31.254697799682674 ], [ 73.534927368164119, 31.214361190795842 ], [ 73.51267242431652, 31.191038131713981 ], [ 73.445289611816463, 31.198585510253849 ], [ 73.424057006835938, 31.192882537841854 ], [ 73.345405578613395, 31.094097137451286 ], [ 73.331932067871094, 31.066461563110352 ], [ 73.343681335449332, 31.011615753173828 ] ] ] } },
{ "type": "Feature", "properties": { "GID_0": "PAK", "NAME_0": "Pakistan", "GID_1": "PAK.7_1", "NAME_1": "Punjab", "NL_NAME_1": null, "GID_2": "PAK.7.3_1", "NAME_2": "Faisalabad", "NL_NAME_2": null, "GID_3": "PAK.7.3.2_1", "NAME_3": "Jhang", "VARNAME_3": null, "NL_NAME_3": null, "TYPE_3": "District", "ENGTYPE_3": "District", "CC_3": null, "HASC_3": null }, "geometry": { "type": "Polygon", "coordinates": [ [ [ 71.750968933105469, 31.154434204101619 ], [ 71.750587463378906, 31.187623977661133 ], [ 71.761314392089901, 31.209268569946403 ], [ 71.799880981445426, 31.230710983276481 ], [ 71.841316223144474, 31.246078491210881 ], [ 71.959747314453239, 31.230543136596793 ], [ 71.976211547851562, 31.240495681762752 ], [ 71.959968566894531, 31.415477752685604 ], [ 71.956649780273551, 31.448944091796932 ], [ 71.944267272949332, 31.464683532714844 ], [ 71.938262939453125, 31.477308273315487 ], [ 72.007301330566406, 31.535867691040039 ], [ 72.018959045410213, 31.547288894653263 ], [ 72.02933502197277, 31.583789825439453 ], [ 72.041114807128963, 31.604490280151424 ], [ 72.115837097167969, 31.709835052490348 ], [ 72.134376525878963, 31.735767364502067 ], [ 72.154998779296932, 31.735445022583065 ], [ 72.251853942871151, 31.771064758300838 ], [ 72.325820922851562, 31.733713150024471 ], [ 72.329757690429801, 31.727153778076286 ], [ 72.302085876464957, 31.678623199462891 ], [ 72.281478881836051, 31.679409027099666 ], [ 72.285629272460994, 31.648250579833984 ], [ 72.286064147949332, 31.640354156494197 ], [ 72.221458435058594, 31.613979339599666 ], [ 72.213066101074219, 31.606916427612305 ], [ 72.218353271484489, 31.559497833252067 ], [ 72.230117797851619, 31.557922363281193 ], [ 72.273689270019645, 31.593673706054744 ], [ 72.289596557617188, 31.602243423461914 ], [ 72.417449951171932, 31.653390884399414 ], [ 72.439735412597713, 31.658380508422908 ], [ 72.498359680175895, 31.71942329406744 ], [ 72.497978210449332, 31.73126411437994 ], [ 72.531562805175895, 31.740253448486385 ], [ 72.532386779785156, 31.762517929077262 ], [ 72.620399475097713, 31.776693344116211 ], [ 72.635704040527457, 31.779935836791992 ], [ 72.738342285156193, 31.827529907226619 ], [ 72.745613098144531, 31.830432891845703 ], [ 72.810440063476506, 31.832441329956112 ], [ 72.822448730468693, 31.829236984253043 ], [ 72.835311889648494, 31.851081848144474 ], [ 72.846199035644588, 31.86437034606945 ], [ 72.928794860839901, 31.831756591796932 ], [ 72.939987182617188, 31.82740592956543 ], [ 72.95572662353527, 31.864521026611442 ], [ 72.956077575683651, 31.871475219726676 ], [ 72.866554260253906, 31.906749725341797 ], [ 72.864280700683594, 31.917459487915153 ], [ 72.88309478759777, 31.922502517700195 ], [ 72.896606445312614, 31.911617279052848 ], [ 72.937545776367244, 31.930007934570426 ], [ 72.946411132812614, 31.931726455688533 ], [ 72.919883728027457, 31.951631546020621 ], [ 72.923835754394588, 31.967348098754883 ], [ 73.098648071289062, 31.921697616577205 ], [ 73.111953735351676, 31.915225982666129 ], [ 73.137252807617244, 31.859760284423771 ], [ 73.140190124511832, 31.840530395507869 ], [ 73.188232421875114, 31.786180496215877 ], [ 73.196090698242301, 31.772600173950195 ], [ 73.160018920898551, 31.757614135742301 ], [ 73.131050109863395, 31.733236312866268 ], [ 73.035583496093807, 31.576005935669002 ], [ 73.025215148925781, 31.56085205078125 ], [ 72.910064697265625, 31.519021987915153 ], [ 72.873970031738281, 31.481760025024471 ], [ 72.788475036621207, 31.308362960815543 ], [ 72.786529541015682, 31.303287506103572 ], [ 72.774070739746094, 31.312995910644645 ], [ 72.771293640136832, 31.326498031616325 ], [ 72.779441833496151, 31.356304168701229 ], [ 72.770462036132869, 31.366189956665096 ], [ 72.7113037109375, 31.367807388305607 ], [ 72.692260742187557, 31.36532020568859 ], [ 72.645545959472713, 31.272302627563477 ], [ 72.644691467285099, 31.268138885498047 ], [ 72.614593505859375, 31.26025390625 ], [ 72.605461120605469, 31.257612228393668 ], [ 72.595794677734432, 31.234788894653377 ], [ 72.593605041503906, 31.230878829956112 ], [ 72.486160278320426, 31.205404281616154 ], [ 72.47479248046875, 31.196065902709961 ], [ 72.480667114257812, 31.131698608398438 ], [ 72.479537963867188, 31.127307891845817 ], [ 72.43997955322277, 31.111913681030387 ], [ 72.436714172363338, 31.108018875122184 ], [ 72.422607421875057, 31.031200408935661 ], [ 72.420669555664119, 31.02612495422369 ], [ 72.389167785644531, 31.012926101684627 ], [ 72.364944458007812, 31.003091812133903 ], [ 72.330825805664119, 30.93192291259777 ], [ 72.318603515625057, 30.918422698974666 ], [ 72.2359619140625, 30.863786697387752 ], [ 72.228302001953239, 30.850912094116268 ], [ 72.226631164550781, 30.845832824707088 ], [ 72.225402832031364, 30.833786010742244 ], [ 72.255561828613395, 30.805006027221793 ], [ 72.255500793457088, 30.800598144531307 ], [ 72.218421936035156, 30.706966400146428 ], [ 72.220779418945369, 30.702520370483455 ], [ 72.098716735839901, 30.706741333007812 ], [ 72.063446044921932, 30.712396621704215 ], [ 72.011138916015682, 30.664016723632812 ], [ 71.991439819335938, 30.652027130126896 ], [ 71.875701904296875, 30.668680191040096 ], [ 71.840545654296818, 30.662498474121151 ], [ 71.802864074707088, 30.647769927978572 ], [ 71.780303955078125, 30.600784301757926 ], [ 71.780845642089787, 30.592473983764705 ], [ 71.630554199218693, 30.61750411987299 ], [ 71.616775512695426, 30.628856658935604 ], [ 71.639587402343807, 30.674446105956974 ], [ 71.631538391113281, 30.694063186645565 ], [ 71.643119812011832, 30.69945144653326 ], [ 71.67667388916027, 30.705657958984432 ], [ 71.680496215820426, 30.732515335083008 ], [ 71.68222808837902, 30.74223518371582 ], [ 71.743484497070312, 30.79998779296875 ], [ 71.774070739746151, 30.804384231567326 ], [ 71.788421630859489, 30.837343215942496 ], [ 71.80655670166027, 30.852840423584098 ], [ 71.812812805175838, 30.881052017211857 ], [ 71.790679931640682, 30.888589859008846 ], [ 71.796775817871151, 30.904737472534237 ], [ 71.806144714355526, 30.925012588501033 ], [ 71.790550231933707, 30.941034317016658 ], [ 71.772727966308651, 30.971244812011719 ], [ 71.797080993652344, 31.032821655273551 ], [ 71.792167663574219, 31.067705154419002 ], [ 71.750968933105469, 31.154434204101619 ] ] ] } },
{ "type": "Feature", "properties": { "GID_0": "PAK", "NAME_0": "Pakistan", "GID_1": "PAK.7_1", "NAME_1": "Punjab", "NL_NAME_1": null, "GID_2": "PAK.7.3_1", "NAME_2": "Faisalabad", "NL_NAME_2": null, "GID_3": "PAK.7.3.3_1", "NAME_3": "Toba Tek Singh", "VARNAME_3": null, "NL_NAME_3": null, "TYPE_3": "District", "ENGTYPE_3": "District", "CC_3": null, "HASC_3": null }, "geometry": { "type": "Polygon", "coordinates": [ [ [ 72.813201904296932, 30.70860671997076 ], [ 72.795211791992188, 30.704942703247127 ], [ 72.769180297851676, 30.700939178466854 ], [ 72.732254028320312, 30.660675048828239 ], [ 72.726028442382869, 30.655666351318359 ], [ 72.7381591796875, 30.640859603881836 ], [ 72.748580932617301, 30.618652343750057 ], [ 72.732994079589787, 30.593370437622184 ], [ 72.708633422851562, 30.57286643981945 ], [ 72.645309448242188, 30.563179016113338 ], [ 72.599082946777457, 30.549976348877067 ], [ 72.542129516601562, 30.598665237426815 ], [ 72.506507873535213, 30.598291397094783 ], [ 72.492340087890625, 30.557903289794979 ], [ 72.474609375, 30.55400276184082 ], [ 72.40641021728527, 30.58128547668457 ], [ 72.391967773437443, 30.582902908325309 ], [ 72.280494689941463, 30.535215377807617 ], [ 72.265441894531307, 30.530807495117301 ], [ 72.153678894043082, 30.544384002685604 ], [ 72.152191162109489, 30.5743408203125 ], [ 72.248893737793082, 30.786083221435661 ], [ 72.255500793457088, 30.800598144531307 ], [ 72.238182067871207, 30.828248977661133 ], [ 72.225402832031364, 30.833786010742244 ], [ 72.228302001953239, 30.850912094116268 ], [ 72.2359619140625, 30.863786697387752 ], [ 72.29178619384777, 30.894475936889762 ], [ 72.318603515625057, 30.918422698974666 ], [ 72.362205505371037, 30.998495101928711 ], [ 72.364944458007812, 31.003091812133903 ], [ 72.394538879394588, 31.01423263549799 ], [ 72.420669555664119, 31.02612495422369 ], [ 72.433120727539176, 31.099489212036133 ], [ 72.436714172363338, 31.108018875122184 ], [ 72.466041564941463, 31.119163513183651 ], [ 72.479537963867188, 31.127307891845817 ], [ 72.473937988281364, 31.192134857177848 ], [ 72.47479248046875, 31.196065902709961 ], [ 72.50146484375, 31.208644866943359 ], [ 72.526885986328182, 31.207321166992301 ], [ 72.540237426757869, 31.225212097168026 ], [ 72.552627563476562, 31.230821609497184 ], [ 72.575065612792912, 31.226526260375977 ], [ 72.593605041503906, 31.230878829956112 ], [ 72.602981567382812, 31.252544403076229 ], [ 72.605461120605469, 31.257612228393668 ], [ 72.636848449707145, 31.262458801269645 ], [ 72.644691467285099, 31.268138885498047 ], [ 72.687789916992131, 31.350538253784293 ], [ 72.692260742187557, 31.36532020568859 ], [ 72.766189575195256, 31.366952896118221 ], [ 72.770462036132869, 31.366189956665096 ], [ 72.774070739746094, 31.312995910644645 ], [ 72.775894165039176, 31.309022903442496 ], [ 72.832489013671932, 31.274494171142635 ], [ 72.834579467773494, 31.270517349243278 ], [ 72.827125549316463, 31.232114791870117 ], [ 72.825202941894588, 31.228431701660213 ], [ 72.763046264648494, 31.184150695800781 ], [ 72.746330261230582, 31.174898147583065 ], [ 72.758598327636719, 31.150110244751033 ], [ 72.760375976562557, 31.142425537109432 ], [ 72.747512817382812, 31.121276855468864 ], [ 72.741836547851562, 31.095840454101562 ], [ 72.713470458984432, 31.076326370239371 ], [ 72.712348937988395, 31.072399139404411 ], [ 72.776275634765739, 31.045646667480469 ], [ 72.775886535644645, 31.036603927612248 ], [ 72.751045227050838, 30.957399368286133 ], [ 72.742660522460994, 30.930379867553711 ], [ 72.67801666259777, 30.879642486572266 ], [ 72.67362213134777, 30.871124267578125 ], [ 72.6824951171875, 30.853118896484489 ], [ 72.68564605712902, 30.848661422729549 ], [ 72.731445312500114, 30.82776069641119 ], [ 72.742424011230526, 30.8069362640382 ], [ 72.715530395507869, 30.756072998046818 ], [ 72.719841003417912, 30.737442016601562 ], [ 72.801551818847713, 30.740114212036133 ], [ 72.80743408203125, 30.739559173584098 ], [ 72.813201904296932, 30.70860671997076 ] ] ] } },
{ "type": "Feature", "properties": { "GID_0": "PAK", "NAME_0": "Pakistan", "GID_1": "PAK.7_1", "NAME_1": "Punjab", "NL_NAME_1": null, "GID_2": "PAK.7.4_1", "NAME_2": "Gujranwala", "NL_NAME_2": null, "GID_3": "PAK.7.4.1_1", "NAME_3": "Gujarat", "VARNAME_3": null, "NL_NAME_3": null, "TYPE_3": "District", "ENGTYPE_3": "District", "CC_3": null, "HASC_3": null }, "geometry": { "type": "Polygon", "coordinates": [ [ [ 73.687026977539176, 32.352546691894531 ], [ 73.519866943359432, 32.29731369018549 ], [ 73.505119323730469, 32.295917510986442 ], [ 73.42874908447277, 32.208465576171989 ], [ 73.418403625488338, 32.194938659668082 ], [ 73.294517517089787, 32.118900299072322 ], [ 73.274528503417969, 32.112045288085938 ], [ 73.227874755859432, 32.164028167724609 ], [ 73.214935302734489, 32.177917480468807 ], [ 73.204986572265682, 32.237709045410099 ], [ 73.198707580566463, 32.249408721923942 ], [ 73.187255859375057, 32.253997802734432 ], [ 73.178421020507812, 32.254135131835938 ], [ 73.148635864257812, 32.228610992431754 ], [ 73.141372680664062, 32.226169586181584 ], [ 73.119293212890625, 32.237186431884879 ], [ 73.109809875488338, 32.249633789062557 ], [ 73.102317810058594, 32.291751861572379 ], [ 73.099182128906364, 32.297832489013786 ], [ 73.078941345214957, 32.285617828369254 ], [ 73.056976318359432, 32.285495758056641 ], [ 73.0496826171875, 32.301620483398438 ], [ 73.06772613525402, 32.330345153808707 ], [ 73.068840026855582, 32.354690551757812 ], [ 73.027542114257812, 32.412883758545036 ], [ 73.026840209960994, 32.420783996582145 ], [ 73.037178039550895, 32.433151245117301 ], [ 73.056159973144531, 32.451652526855582 ], [ 73.111045837402344, 32.451259613037109 ], [ 73.116989135742188, 32.455345153808594 ], [ 73.119453430175781, 32.480365753173942 ], [ 73.124176025390739, 32.493289947509822 ], [ 73.147315979003906, 32.501979827880859 ], [ 73.15219879150402, 32.507240295410156 ], [ 73.176994323730582, 32.561382293701229 ], [ 73.161888122558651, 32.581638336181754 ], [ 73.209381103515682, 32.581066131591911 ], [ 73.253562927246094, 32.580612182617301 ], [ 73.277107238769645, 32.599967956542969 ], [ 73.284133911132869, 32.604961395263615 ], [ 73.452362060546932, 32.651302337646598 ], [ 73.460960388183651, 32.65349197387701 ], [ 73.509223937988338, 32.679656982421875 ], [ 73.515998840332031, 32.685813903808651 ], [ 73.553970336914062, 32.744628906250114 ], [ 73.557327270507926, 32.753116607666129 ], [ 73.590187072753906, 32.741519927978629 ], [ 73.628921508789062, 32.706657409668026 ], [ 73.640548706054688, 32.671794891357479 ], [ 73.857467651367244, 32.443248748779297 ], [ 73.87296295166027, 32.408386230468864 ], [ 73.87296295166027, 32.396041870117188 ], [ 73.853996276855469, 32.396759033203239 ], [ 73.841156005859489, 32.397888183593864 ], [ 73.744781494140682, 32.357852935791072 ], [ 73.73956298828125, 32.347724914550895 ], [ 73.687026977539176, 32.352546691894531 ] ] ] } },
{ "type": "Feature", "properties": { "GID_0": "PAK", "NAME_0": "Pakistan", "GID_1": "PAK.7_1", "NAME_1": "Punjab", "NL_NAME_1": null, "GID_2": "PAK.7.4_1", "NAME_2": "Gujranwala", "NL_NAME_2": null, "GID_3": "PAK.7.4.2_1", "NAME_3": "Gujranwala 1", "VARNAME_3": null, "NL_NAME_3": null, "TYPE_3": "District", "ENGTYPE_3": "District", "CC_3": null, "HASC_3": null }, "geometry": { "type": "Polygon", "coordinates": [ [ [ 73.796379089355469, 31.956710815429801 ], [ 73.826484680175724, 31.997777938842773 ], [ 73.834228515625057, 32.024894714355469 ], [ 73.810989379882926, 32.137229919433594 ], [ 73.810806274414176, 32.137443542480469 ], [ 73.907829284668026, 32.164344787597713 ], [ 73.934944152832088, 32.183712005615291 ], [ 73.977554321289062, 32.183712005615291 ], [ 74.016288757324219, 32.195335388183707 ], [ 74.043403625488281, 32.245689392089957 ], [ 74.082145690918026, 32.257312774658203 ], [ 74.140251159667969, 32.288303375244254 ], [ 74.167366027832031, 32.315418243408317 ], [ 74.198265075683594, 32.352111816406364 ], [ 74.206108093261719, 32.331871032714957 ], [ 74.209739685058651, 32.280998229980412 ], [ 74.250991821289119, 32.261096954345703 ], [ 74.279037475586051, 32.25485992431652 ], [ 74.309928894043026, 32.199615478515625 ], [ 74.336303710937614, 32.168109893798885 ], [ 74.396873474121151, 32.151386260986442 ], [ 74.440994262695426, 32.146060943603459 ], [ 74.470161437988395, 32.102676391601562 ], [ 74.491088867187557, 32.084716796875114 ], [ 74.559791564941463, 32.054870605468807 ], [ 74.567100524902287, 32.034500122070369 ], [ 74.460258483886832, 31.977294921875114 ], [ 74.418403625488338, 31.971450805664062 ], [ 74.387893676757869, 31.951505661010856 ], [ 74.370086669921875, 31.920688629150447 ], [ 74.341384887695369, 31.916959762573299 ], [ 74.329612731933707, 31.896259307861328 ], [ 74.233695983886662, 31.892416000366325 ], [ 74.1978759765625, 31.897846221923885 ], [ 74.124778747558707, 31.835405349731502 ], [ 74.080047607421932, 31.813592910766602 ], [ 74.043746948242188, 31.822977066040096 ], [ 74.027809143066463, 31.833202362060661 ], [ 74.000724792480526, 31.830375671386776 ], [ 73.96341705322277, 31.823299407959098 ], [ 73.922866821289062, 31.835533142089901 ], [ 73.877426147460938, 31.842042922973633 ], [ 73.853485107421932, 31.854249954223633 ], [ 73.831199645996207, 31.870607376098633 ], [ 73.81937408447277, 31.888427734375114 ], [ 73.83634185791027, 31.917167663574276 ], [ 73.830429077148551, 31.935823440551701 ], [ 73.796379089355469, 31.956710815429801 ] ] ] } },
{ "type": "Feature", "properties": { "GID_0": "PAK", "NAME_0": "Pakistan", "GID_1": "PAK.7_1", "NAME_1": "Punjab", "NL_NAME_1": null, "GID_2": "PAK.7.4_1", "NAME_2": "Gujranwala", "NL_NAME_2": null, "GID_3": "PAK.7.4.3_1", "NAME_3": "Gujranwala 2", "VARNAME_3": null, "NL_NAME_3": null, "TYPE_3": "District", "ENGTYPE_3": "District", "CC_3": null, "HASC_3": null }, "geometry": { "type": "Polygon", "coordinates": [ [ [ 73.810806274414176, 32.137443542480469 ], [ 73.741264343261719, 32.218574523925895 ], [ 73.702522277832031, 32.257312774658203 ], [ 73.687026977539176, 32.315418243408317 ], [ 73.687026977539176, 32.352546691894531 ], [ 73.731048583984432, 32.352035522460994 ], [ 73.73956298828125, 32.347724914550895 ], [ 73.744781494140682, 32.357852935791072 ], [ 73.747253417968807, 32.363151550293082 ], [ 73.788894653320426, 32.373641967773551 ], [ 73.829597473144531, 32.394123077392635 ], [ 73.922470092773438, 32.411705017089844 ], [ 73.952354431152457, 32.423770904540959 ], [ 73.98172760009777, 32.45951080322277 ], [ 74.002532958984318, 32.474037170410156 ], [ 74.168769836425838, 32.57378005981451 ], [ 74.185211181640739, 32.578456878662053 ], [ 74.171249389648494, 32.558193206787223 ], [ 74.169601440429801, 32.534088134765739 ], [ 74.180961608886776, 32.396774291992131 ], [ 74.198265075683594, 32.352111816406364 ], [ 74.167366027832031, 32.315418243408317 ], [ 74.140251159667969, 32.288303375244254 ], [ 74.043403625488281, 32.245689392089957 ], [ 74.016288757324219, 32.195335388183707 ], [ 73.977554321289062, 32.183712005615291 ], [ 73.934944152832088, 32.183712005615291 ], [ 73.810806274414176, 32.137443542480469 ] ] ] } },
{ "type": "Feature", "properties": { "GID_0": "PAK", "NAME_0": "Pakistan", "GID_1": "PAK.7_1", "NAME_1": "Punjab", "NL_NAME_1": null, "GID_2": "PAK.7.4_1", "NAME_2": "Gujranwala", "NL_NAME_2": null, "GID_3": "PAK.7.4.4_1", "NAME_3": "Gujrat", "VARNAME_3": "Gujarat", "NL_NAME_3": null, "TYPE_3": "District", "ENGTYPE_3": "District", "CC_3": null, "HASC_3": null }, "geometry": { "type": "Polygon", "coordinates": [ [ [ 74.390777587890682, 32.8017578125 ], [ 74.382621765136832, 32.795299530029411 ], [ 74.378486633300781, 32.78631591796875 ], [ 74.387107849121094, 32.769241333007926 ], [ 74.402725219726562, 32.755073547363338 ], [ 74.405914306640739, 32.711402893066463 ], [ 74.410758972167969, 32.692531585693359 ], [ 74.387702941894588, 32.669219970703182 ], [ 74.357055664062614, 32.639301300048771 ], [ 74.295608520507869, 32.608699798584041 ], [ 74.264656066894531, 32.595954895019531 ], [ 74.185211181640739, 32.578456878662053 ], [ 74.168769836425838, 32.57378005981451 ], [ 73.967552185058651, 32.439777374267692 ], [ 73.952354431152457, 32.423770904540959 ], [ 73.893692016601619, 32.401477813720703 ], [ 73.87296295166027, 32.396041870117188 ], [ 73.857467651367244, 32.443248748779297 ], [ 73.841972351074219, 32.466491699218807 ], [ 73.590187072753906, 32.741519927978629 ], [ 73.557327270507926, 32.753116607666129 ], [ 73.590957641601562, 32.830371856689567 ], [ 73.593719482421932, 32.837059020996094 ], [ 73.788169860839844, 33.007366180420036 ], [ 73.820159912109489, 33.017311096191463 ], [ 73.908554077148438, 32.998065948486271 ], [ 73.92600250244152, 33.001506805419865 ], [ 73.953460693359489, 32.949798583984432 ], [ 73.963821411132812, 32.943370819091797 ], [ 73.998420715332088, 32.947937011718807 ], [ 74.006462097168026, 32.948276519775504 ], [ 74.014923095703068, 32.940021514892635 ], [ 74.030570983886662, 32.927944183349609 ], [ 74.136016845703239, 32.902168273925895 ], [ 74.144027709961051, 32.900188446045036 ], [ 74.166999816894531, 32.874767303466854 ], [ 74.183486938476676, 32.865695953369084 ], [ 74.238182067871151, 32.849990844726562 ], [ 74.253395080566406, 32.846275329589901 ], [ 74.275192260742244, 32.812751770019645 ], [ 74.311538696289062, 32.785964965820369 ], [ 74.390777587890682, 32.8017578125 ] ] ] } },
{ "type": "Feature", "properties": { "GID_0": "PAK", "NAME_0": "Pakistan", "GID_1": "PAK.7_1", "NAME_1": "Punjab", "NL_NAME_1": null, "GID_2": "PAK.7.4_1", "NAME_2": "Gujranwala", "NL_NAME_2": null, "GID_3": "PAK.7.4.5_1", "NAME_3": "Hafizabad", "VARNAME_3": null, "NL_NAME_3": null, "TYPE_3": "District", "ENGTYPE_3": "District", "CC_3": null, "HASC_3": null }, "geometry": { "type": "Polygon", "coordinates": [ [ [ 73.135246276855582, 31.868188858032283 ], [ 73.150039672851619, 31.877737045288029 ], [ 73.174331665039176, 31.892904281616268 ], [ 73.180229187011832, 31.91416168212902 ], [ 73.177871704101619, 31.939258575439567 ], [ 73.206352233886832, 31.988471984863281 ], [ 73.203575134277344, 32.022396087646541 ], [ 73.229583740234432, 32.06700515747076 ], [ 73.236236572265682, 32.085002899170036 ], [ 73.397941589355469, 32.18620681762701 ], [ 73.418403625488338, 32.194938659668082 ], [ 73.481330871582088, 32.278423309326115 ], [ 73.505119323730469, 32.295917510986442 ], [ 73.659431457519531, 32.343173980712947 ], [ 73.687026977539176, 32.352546691894531 ], [ 73.687026977539176, 32.315418243408317 ], [ 73.702522277832031, 32.257312774658203 ], [ 73.810806274414176, 32.137443542480469 ], [ 73.810989379882926, 32.137229919433594 ], [ 73.818733215332088, 32.102367401123161 ], [ 73.834228515625057, 32.059757232666072 ], [ 73.834228515625057, 32.024894714355469 ], [ 73.826484680175724, 31.997777938842773 ], [ 73.799369812011832, 31.970661163330135 ], [ 73.796379089355469, 31.956710815429801 ], [ 73.772872924804801, 31.95853233337408 ], [ 73.74029541015625, 31.944652557373047 ], [ 73.674781799316463, 31.880479812622184 ], [ 73.657592773437557, 31.864494323730469 ], [ 73.576095581054688, 31.85741043090826 ], [ 73.545021057128906, 31.856269836425781 ], [ 73.522949218750057, 31.805562973022518 ], [ 73.493576049804744, 31.791633605957031 ], [ 73.436531066894588, 31.811550140380859 ], [ 73.411842346191406, 31.807991027832031 ], [ 73.353340148925838, 31.777111053466854 ], [ 73.334693908691463, 31.763711929321346 ], [ 73.220664978027457, 31.746923446655273 ], [ 73.210784912109318, 31.748933792114258 ], [ 73.154945373535156, 31.821737289428768 ], [ 73.140190124511832, 31.840530395507869 ], [ 73.135246276855582, 31.868188858032283 ] ] ] } },
{ "type": "Feature", "properties": { "GID_0": "PAK", "NAME_0": "Pakistan", "GID_1": "PAK.7_1", "NAME_1": "Punjab", "NL_NAME_1": null, "GID_2": "PAK.7.4_1", "NAME_2": "Gujranwala", "NL_NAME_2": null, "GID_3": "PAK.7.4.6_1", "NAME_3": "Narowal 1", "VARNAME_3": "Norowal", "NL_NAME_3": null, "TYPE_3": "District", "ENGTYPE_3": "District", "CC_3": null, "HASC_3": null }, "geometry": { "type": "Polygon", "coordinates": [ [ [ 74.938743591308651, 32.061973571777401 ], [ 74.937980651855526, 32.161235809326229 ], [ 74.937980651855526, 32.206336975097713 ], [ 74.835906982421875, 32.358257293701229 ], [ 74.81317138671875, 32.376445770263786 ], [ 74.874130249023551, 32.428207397461051 ], [ 74.889572143554744, 32.441658020019531 ], [ 74.891960144042969, 32.460880279541072 ], [ 74.896812438964901, 32.467418670654411 ], [ 74.973106384277401, 32.447929382324219 ], [ 74.979347229003906, 32.447769165039062 ], [ 75.021408081054801, 32.485370635986271 ], [ 75.030166625976676, 32.491760253906193 ], [ 75.071609497070312, 32.482963562011832 ], [ 75.082626342773551, 32.480045318603516 ], [ 75.120903015136776, 32.441490173339901 ], [ 75.1279296875, 32.421169281005916 ], [ 75.17954254150402, 32.425441741943473 ], [ 75.188529968261719, 32.424480438232536 ], [ 75.192726135253906, 32.418071746826172 ], [ 75.195472717285213, 32.40531158447277 ], [ 75.230506896972656, 32.3992919921875 ], [ 75.231529235839901, 32.399188995361328 ], [ 75.322326660156307, 32.337326049804688 ], [ 75.330421447753849, 32.331710815429801 ], [ 75.336227416992244, 32.295738220214844 ], [ 75.339920043945426, 32.288566589355526 ], [ 75.364158630371207, 32.271808624267578 ], [ 75.366996765136832, 32.268749237060547 ], [ 75.360481262207088, 32.231750488281364 ], [ 75.359275817871094, 32.22703933715826 ], [ 75.314941406250114, 32.215679168701115 ], [ 75.314201354980582, 32.214908599853459 ], [ 75.333076477050895, 32.204860687255859 ], [ 75.333282470703068, 32.204719543457031 ], [ 75.317794799804801, 32.170818328857536 ], [ 75.314231872558594, 32.159187316894531 ], [ 75.239166259765682, 32.087150573730526 ], [ 75.233428955078182, 32.084362030029354 ], [ 75.224960327148438, 32.106899261474723 ], [ 75.222709655761719, 32.112529754638672 ], [ 75.198997497558707, 32.117328643798885 ], [ 75.195320129394588, 32.116649627685661 ], [ 75.166709899902401, 32.070259094238281 ], [ 75.164451599121207, 32.067970275878906 ], [ 75.117851257324276, 32.083030700683594 ], [ 75.116256713867188, 32.082809448242301 ], [ 75.09427642822277, 32.060871124267635 ], [ 75.092163085937614, 32.059490203857422 ], [ 75.010612487792969, 32.030399322509822 ], [ 75.004928588867244, 32.028755187988338 ], [ 74.938743591308651, 32.061973571777401 ] ] ] } },
{ "type": "Feature", "properties": { "GID_0": "PAK", "NAME_0": "Pakistan", "GID_1": "PAK.7_1", "NAME_1": "Punjab", "NL_NAME_1": null, "GID_2": "PAK.7.4_1", "NAME_2": "Gujranwala", "NL_NAME_2": null, "GID_3": "PAK.7.4.7_1", "NAME_3": "Narowal 2", "VARNAME_3": "Norowal", "NL_NAME_3": null, "TYPE_3": "District", "ENGTYPE_3": "District", "CC_3": null, "HASC_3": null }, "geometry": { "type": "Polygon", "coordinates": [ [ [ 74.527427673339787, 32.075691223144588 ], [ 74.574874877929801, 32.082481384277344 ], [ 74.587554931640625, 32.08971023559576 ], [ 74.616226196289119, 32.133121490478516 ], [ 74.630310058593807, 32.145431518554688 ], [ 74.675796508789176, 32.163749694824219 ], [ 74.692344665527401, 32.179965972900504 ], [ 74.714057922363338, 32.286834716796932 ], [ 74.716621398925895, 32.298629760742244 ], [ 74.789138793945312, 32.315364837646541 ], [ 74.800201416015625, 32.321922302246151 ], [ 74.811309814453125, 32.373958587646598 ], [ 74.81317138671875, 32.376445770263786 ], [ 74.899993896484375, 32.260932922363395 ], [ 74.937980651855526, 32.206336975097713 ], [ 74.937980651855526, 32.123256683349666 ], [ 74.940353393554801, 32.082901000976619 ], [ 74.938743591308651, 32.061973571777401 ], [ 74.868736267089901, 32.047821044921932 ], [ 74.862251281738338, 32.045108795166129 ], [ 74.867507934570256, 32.031150817871094 ], [ 74.865081787109375, 32.023910522460938 ], [ 74.819046020507926, 31.997922897338867 ], [ 74.818351745605469, 31.997449874877987 ], [ 74.810386657714901, 31.956169128418082 ], [ 74.809143066406193, 31.955139160156307 ], [ 74.750137329101619, 31.950090408325309 ], [ 74.747726440429631, 31.952280044555664 ], [ 74.739639282226619, 31.938539505004883 ], [ 74.735916137695312, 31.93738937377924 ], [ 74.717788696289006, 31.957735061645621 ], [ 74.709197998046818, 31.957948684692326 ], [ 74.705062866210938, 31.930576324462891 ], [ 74.703262329101676, 31.924898147583121 ], [ 74.670578002929744, 31.918689727783317 ], [ 74.670196533203182, 31.918050765991211 ], [ 74.559791564941463, 32.054870605468807 ], [ 74.555671691894531, 32.067466735839901 ], [ 74.527427673339787, 32.075691223144588 ] ] ] } },
{ "type": "Feature", "properties": { "GID_0": "PAK", "NAME_0": "Pakistan", "GID_1": "PAK.7_1", "NAME_1": "Punjab", "NL_NAME_1": null, "GID_2": "PAK.7.4_1", "NAME_2": "Gujranwala", "NL_NAME_2": null, "GID_3": "PAK.7.4.8_1", "NAME_3": "Sialkot", "VARNAME_3": null, "NL_NAME_3": null, "TYPE_3": "District", "ENGTYPE_3": "District", "CC_3": null, "HASC_3": null }, "geometry": { "type": "Polygon", "coordinates": [ [ [ 74.185211181640739, 32.578456878662053 ], [ 74.264656066894531, 32.595954895019531 ], [ 74.295608520507869, 32.608699798584041 ], [ 74.387702941894588, 32.669219970703182 ], [ 74.410758972167969, 32.692531585693359 ], [ 74.382621765136832, 32.795299530029411 ], [ 74.390777587890682, 32.8017578125 ], [ 74.502693176269531, 32.759868621826172 ], [ 74.531532287597713, 32.740730285644531 ], [ 74.608314514160156, 32.757472991943416 ], [ 74.614234924316406, 32.757732391357536 ], [ 74.632797241210994, 32.777660369873104 ], [ 74.64154052734375, 32.791889190673771 ], [ 74.637229919433651, 32.810810089111328 ], [ 74.638000488281364, 32.818099975586051 ], [ 74.680831909179688, 32.838199615478629 ], [ 74.697021484375, 32.839714050292969 ], [ 74.661880493164176, 32.75482177734375 ], [ 74.650138854980469, 32.718410491943473 ], [ 74.675636291503849, 32.665779113769531 ], [ 74.676208496093693, 32.658000946044922 ], [ 74.649246215820369, 32.625869750976562 ], [ 74.642211914062614, 32.611049652099723 ], [ 74.661956787109375, 32.551471710205135 ], [ 74.680511474609432, 32.538188934326286 ], [ 74.682258605957145, 32.502048492431697 ], [ 74.686737060546875, 32.493068695068359 ], [ 74.743576049804688, 32.481498718261719 ], [ 74.746986389160156, 32.479152679443416 ], [ 74.818572998046932, 32.496059417724553 ], [ 74.8353271484375, 32.496212005615348 ], [ 74.890998840332031, 32.470058441162223 ], [ 74.896812438964901, 32.467418670654411 ], [ 74.891609191894531, 32.454853057861271 ], [ 74.892555236816406, 32.444858551025447 ], [ 74.81317138671875, 32.376445770263786 ], [ 74.811309814453125, 32.373958587646598 ], [ 74.8021240234375, 32.325607299804801 ], [ 74.800201416015625, 32.321922302246151 ], [ 74.767883300781307, 32.307807922363338 ], [ 74.761627197265739, 32.300014495849609 ], [ 74.719345092773438, 32.302066802978629 ], [ 74.716621398925895, 32.298629760742244 ], [ 74.695877075195312, 32.184322357177791 ], [ 74.692344665527401, 32.179965972900504 ], [ 74.635139465332145, 32.146053314208928 ], [ 74.630310058593807, 32.145431518554688 ], [ 74.588142395019531, 32.093647003173828 ], [ 74.587554931640625, 32.08971023559576 ], [ 74.534667968750114, 32.079627990722656 ], [ 74.527427673339787, 32.075691223144588 ], [ 74.519645690917969, 32.077541351318473 ], [ 74.491088867187557, 32.084716796875114 ], [ 74.459045410156307, 32.133712768554801 ], [ 74.440994262695426, 32.146060943603459 ], [ 74.368263244628963, 32.154850006103516 ], [ 74.336303710937614, 32.168109893798885 ], [ 74.297172546386832, 32.228355407714787 ], [ 74.291221618652401, 32.244457244873161 ], [ 74.227455139160156, 32.26285552978527 ], [ 74.209739685058651, 32.280998229980412 ], [ 74.180961608886776, 32.396774291992131 ], [ 74.172271728515739, 32.429161071777457 ], [ 74.169601440429801, 32.534088134765739 ], [ 74.171249389648494, 32.558193206787223 ], [ 74.185211181640739, 32.578456878662053 ] ] ] } },
{ "type": "Feature", "properties": { "GID_0": "PAK", "NAME_0": "Pakistan", "GID_1": "PAK.7_1", "NAME_1": "Punjab", "NL_NAME_1": null, "GID_2": "PAK.7.5_1", "NAME_2": "Lahore", "NL_NAME_2": null, "GID_3": "PAK.7.5.1_1", "NAME_3": "Kasur", "VARNAME_3": null, "NL_NAME_3": null, "TYPE_3": "District", "ENGTYPE_3": "District", "CC_3": null, "HASC_3": null }, "geometry": { "type": "Polygon", "coordinates": [ [ [ 74.185699462890625, 30.659400939941406 ], [ 74.150932312011719, 30.632621765136832 ], [ 74.150772094726562, 30.632541656494254 ], [ 74.138206481933594, 30.645273208618278 ], [ 74.125205993652344, 30.654989242553711 ], [ 74.105377197265625, 30.695672988891602 ], [ 74.102478027343693, 30.699663162231388 ], [ 74.064819335937557, 30.728096008300781 ], [ 74.059219360351562, 30.729806900024357 ], [ 74.056022644043026, 30.773248672485465 ], [ 74.051338195800895, 30.783996582031307 ], [ 74.025573730468864, 30.800409317016602 ], [ 74.009819030761719, 30.824554443359318 ], [ 73.97760009765625, 30.818326950073299 ], [ 73.96234130859375, 30.818565368652401 ], [ 73.878120422363395, 30.849809646606445 ], [ 73.840774536132926, 30.840414047241268 ], [ 73.808380126953125, 30.903802871704102 ], [ 73.797874450683537, 30.919513702392635 ], [ 73.760169982910156, 30.924045562744141 ], [ 73.740394592285213, 30.926906585693359 ], [ 73.743309020996207, 30.987192153930721 ], [ 73.742019653320312, 30.990924835205192 ], [ 73.710800170898494, 30.999765396118221 ], [ 73.707077026367131, 31.002143859863281 ], [ 73.698974609375057, 31.038467407226619 ], [ 73.700202941894645, 31.050516128540096 ], [ 73.649467468261832, 31.062211990356559 ], [ 73.646308898925838, 31.066436767578125 ], [ 73.654800415039176, 31.10180854797369 ], [ 73.655380249023551, 31.105743408203125 ], [ 73.635124206543082, 31.144081115722656 ], [ 73.632247924804744, 31.160171508789119 ], [ 73.643814086914062, 31.185514450073356 ], [ 73.647598266601562, 31.188009262085075 ], [ 73.685424804687557, 31.172336578369254 ], [ 73.706817626953182, 31.170146942138729 ], [ 73.714973449707088, 31.200649261474609 ], [ 73.716384887695426, 31.206197738647461 ], [ 73.792671203613395, 31.224733352661246 ], [ 73.797515869140625, 31.226512908935661 ], [ 73.82169342041027, 31.211286544799918 ], [ 73.845878601074332, 31.196987152099609 ], [ 73.88919830322277, 31.276134490966797 ], [ 73.891914367675781, 31.279109954834098 ], [ 73.937515258789062, 31.284896850585994 ], [ 73.954734802246151, 31.29135704040533 ], [ 73.999343872070312, 31.323057174682731 ], [ 74.008743286132869, 31.326715469360408 ], [ 74.019149780273438, 31.302652359008846 ], [ 74.034782409667969, 31.289878845214901 ], [ 74.095222473144474, 31.283832550048885 ], [ 74.109245300293026, 31.291038513183707 ], [ 74.148208618164176, 31.280918121337891 ], [ 74.165306091308651, 31.27763557434082 ], [ 74.191261291503963, 31.254955291748047 ], [ 74.208602905273494, 31.250276565551871 ], [ 74.23154449462902, 31.263841629028434 ], [ 74.257904052734489, 31.272945404052791 ], [ 74.311882019043082, 31.263982772827148 ], [ 74.344253540039119, 31.261854171752873 ], [ 74.406433105468807, 31.286642074585075 ], [ 74.423309326171875, 31.287538528442383 ], [ 74.440063476562614, 31.34088134765625 ], [ 74.465652465820312, 31.352548599243107 ], [ 74.554855346679801, 31.346088409423942 ], [ 74.56964111328125, 31.340820312500114 ], [ 74.567520141601562, 31.334806442260799 ], [ 74.551872253417969, 31.298454284668026 ], [ 74.530235290527457, 31.298675537109489 ], [ 74.512779235839844, 31.275491714477482 ], [ 74.511116027832088, 31.272331237793026 ], [ 74.52207183837902, 31.248670578003043 ], [ 74.522201538085994, 31.247539520263672 ], [ 74.502288818359375, 31.184299468994197 ], [ 74.501266479492301, 31.181579589843864 ], [ 74.504592895507812, 31.138509750366211 ], [ 74.505386352539119, 31.136499404907227 ], [ 74.536346435546989, 31.125061035156307 ], [ 74.542366027832031, 31.122829437255859 ], [ 74.557685852050838, 31.087022781372184 ], [ 74.565818786621094, 31.084341049194336 ], [ 74.592796325683707, 31.087408065795955 ], [ 74.596488952636719, 31.090940475463981 ], [ 74.592369079589901, 31.13335037231451 ], [ 74.595008850097656, 31.134950637817383 ], [ 74.624107360839957, 31.136800765991211 ], [ 74.625152587890625, 31.137260437011776 ], [ 74.624908447265625, 31.122589111328182 ], [ 74.631202697753906, 31.121280670166016 ], [ 74.66892242431652, 31.130388259887695 ], [ 74.67655181884777, 31.131040573120117 ], [ 74.690750122070312, 31.103998184204215 ], [ 74.694419860839901, 31.098150253296012 ], [ 74.684074401855469, 31.074220657348746 ], [ 74.683197021484432, 31.07217979431158 ], [ 74.602622985839844, 31.044700622558594 ], [ 74.600181579589901, 31.043546676635799 ], [ 74.571701049804688, 31.067436218261776 ], [ 74.558395385742188, 31.067525863647461 ], [ 74.534690856933594, 31.015691757202205 ], [ 74.531791687011832, 31.012689590454102 ], [ 74.53851318359375, 30.997352600097599 ], [ 74.538116455078068, 30.993541717529354 ], [ 74.485092163085881, 30.970464706420898 ], [ 74.470588684081974, 30.965988159179744 ], [ 74.419204711914119, 30.911699295044002 ], [ 74.416107177734375, 30.906040191650504 ], [ 74.366180419921932, 30.885658264160213 ], [ 74.365524291992188, 30.885406494140625 ], [ 74.371986389160099, 30.852941513061523 ], [ 74.363006591796989, 30.845806121826286 ], [ 74.319976806640625, 30.849620819091911 ], [ 74.316146850585938, 30.847581863403377 ], [ 74.292259216308537, 30.802331924438477 ], [ 74.285758972168082, 30.799591064453125 ], [ 74.299140930175781, 30.785961151123047 ], [ 74.297378540039176, 30.782730102539176 ], [ 74.264999389648438, 30.772783279418945 ], [ 74.262207031250057, 30.768030166626033 ], [ 74.282463073730526, 30.734573364257812 ], [ 74.281806945800781, 30.730234146118164 ], [ 74.233055114746151, 30.719881057739201 ], [ 74.23215484619152, 30.719621658325252 ], [ 74.185699462890625, 30.659400939941406 ] ] ] } },
{ "type": "Feature", "properties": { "GID_0": "PAK", "NAME_0": "Pakistan", "GID_1": "PAK.7_1", "NAME_1": "Punjab", "NL_NAME_1": null, "GID_2": "PAK.7.5_1", "NAME_2": "Lahore", "NL_NAME_2": null, "GID_3": "PAK.7.5.2_1", "NAME_3": "Lahore", "VARNAME_3": null, "NL_NAME_3": null, "TYPE_3": "District", "ENGTYPE_3": "District", "CC_3": null, "HASC_3": null }, "geometry": { "type": "Polygon", "coordinates": [ [ [ 74.008743286132869, 31.326715469360408 ], [ 74.009582519531193, 31.350137710571289 ], [ 74.003318786621094, 31.363462448120231 ], [ 74.050132751464901, 31.401252746582088 ], [ 74.038528442382926, 31.41535568237299 ], [ 74.048812866210994, 31.423782348632926 ], [ 74.105148315429631, 31.431720733642692 ], [ 74.125915527343864, 31.421884536743221 ], [ 74.137825012207031, 31.43214035034174 ], [ 74.156272888183594, 31.450880050659123 ], [ 74.174133300781364, 31.464988708496207 ], [ 74.166191101074219, 31.493190765380859 ], [ 74.169639587402344, 31.511699676513672 ], [ 74.184455871582145, 31.518430709838867 ], [ 74.205230712890739, 31.530405044555721 ], [ 74.294540405273381, 31.645965576171932 ], [ 74.311279296875114, 31.677494049072322 ], [ 74.463027954101562, 31.730384826660156 ], [ 74.472785949707088, 31.733173370361328 ], [ 74.506828308105412, 31.738651275634709 ], [ 74.518104553222656, 31.740575790405387 ], [ 74.586349487304801, 31.606435775756893 ], [ 74.592605590820426, 31.592311859130973 ], [ 74.604347229003906, 31.535909652710075 ], [ 74.603851318359432, 31.534111022949219 ], [ 74.5657958984375, 31.501728057861442 ], [ 74.566200256347656, 31.500839233398551 ], [ 74.623947143554631, 31.486917495727596 ], [ 74.626457214355469, 31.486690521240178 ], [ 74.640724182128849, 31.463689804077148 ], [ 74.642066955566349, 31.46154975891119 ], [ 74.572120666503906, 31.346538543701172 ], [ 74.56964111328125, 31.340820312500114 ], [ 74.487663269043026, 31.356845855712891 ], [ 74.465652465820312, 31.352548599243107 ], [ 74.440063476562614, 31.34088134765625 ], [ 74.424522399902401, 31.319541931152344 ], [ 74.428527832031307, 31.297668457031307 ], [ 74.423309326171875, 31.287538528442383 ], [ 74.365287780761832, 31.273128509521484 ], [ 74.344253540039119, 31.261854171752873 ], [ 74.311882019043082, 31.263982772827148 ], [ 74.284988403320426, 31.276235580444393 ], [ 74.23154449462902, 31.263841629028434 ], [ 74.208602905273494, 31.250276565551871 ], [ 74.17401123046875, 31.267520904541129 ], [ 74.165306091308651, 31.27763557434082 ], [ 74.056472778320426, 31.289541244506836 ], [ 74.034782409667969, 31.289878845214901 ], [ 74.008743286132869, 31.326715469360408 ] ] ] } },
{ "type": "Feature", "properties": { "GID_0": "PAK", "NAME_0": "Pakistan", "GID_1": "PAK.7_1", "NAME_1": "Punjab", "NL_NAME_1": null, "GID_2": "PAK.7.5_1", "NAME_2": "Lahore", "NL_NAME_2": null, "GID_3": "PAK.7.5.3_1", "NAME_3": "Nankana Sahib", "VARNAME_3": null, "NL_NAME_3": null, "TYPE_3": "District", "ENGTYPE_3": "District", "CC_3": null, "HASC_3": null }, "geometry": { "type": "Polygon", "coordinates": [ [ [ 73.635124206543082, 31.144081115722656 ], [ 73.62890625, 31.150476455688533 ], [ 73.615814208984432, 31.152536392211914 ], [ 73.567749023437557, 31.121496200561523 ], [ 73.562858581543082, 31.115770339965877 ], [ 73.534271240234318, 31.120857238769588 ], [ 73.522781372070426, 31.122892379760799 ], [ 73.446243286132869, 31.105752944946289 ], [ 73.423995971679801, 31.104242324829102 ], [ 73.35711669921875, 31.046810150146598 ], [ 73.347213745117188, 31.046964645385742 ], [ 73.343681335449332, 31.011615753173828 ], [ 73.331382751464844, 31.023542404174862 ], [ 73.331932067871094, 31.066461563110352 ], [ 73.345405578613395, 31.094097137451286 ], [ 73.41806793212902, 31.185087203979549 ], [ 73.424057006835938, 31.192882537841854 ], [ 73.504615783691463, 31.189538955688477 ], [ 73.51267242431652, 31.191038131713981 ], [ 73.539947509765739, 31.229597091674918 ], [ 73.552314758300838, 31.254697799682674 ], [ 73.629219055175895, 31.279256820678711 ], [ 73.637046813964957, 31.284008026123104 ], [ 73.654502868652344, 31.371679306030387 ], [ 73.653816223144645, 31.401624679565543 ], [ 73.640167236328125, 31.444068908691406 ], [ 73.635162353515739, 31.451108932495117 ], [ 73.599060058593807, 31.433803558349723 ], [ 73.576492309570312, 31.427890777588004 ], [ 73.575157165527344, 31.449491500854606 ], [ 73.565086364746151, 31.457536697387752 ], [ 73.494026184081974, 31.40782546997076 ], [ 73.482315063476619, 31.413808822631893 ], [ 73.446174621582031, 31.456140518188477 ], [ 73.435981750488338, 31.475790023803768 ], [ 73.460906982421875, 31.519491195678825 ], [ 73.460762023925838, 31.529239654541016 ], [ 73.421981811523438, 31.574859619140739 ], [ 73.415962219238395, 31.585859298706168 ], [ 73.428314208984432, 31.609104156494254 ], [ 73.420738220214957, 31.624073028564453 ], [ 73.351966857910156, 31.648580551147518 ], [ 73.344779968261776, 31.652173995971737 ], [ 73.327690124511832, 31.697687149047908 ], [ 73.306976318359375, 31.711236953735408 ], [ 73.258781433105526, 31.711755752563477 ], [ 73.240402221679688, 31.719699859619197 ], [ 73.245208740234432, 31.739812850952262 ], [ 73.239669799804744, 31.748847961425724 ], [ 73.253616333007869, 31.748035430908203 ], [ 73.287918090820369, 31.749588012695426 ], [ 73.353340148925838, 31.777111053466854 ], [ 73.367973327636719, 31.790805816650447 ], [ 73.39337158203125, 31.787162780761832 ], [ 73.411842346191406, 31.807991027832031 ], [ 73.463935852050781, 31.797897338867188 ], [ 73.493576049804744, 31.791633605957031 ], [ 73.522949218750057, 31.805562973022518 ], [ 73.532150268554801, 31.834424972534293 ], [ 73.545021057128906, 31.856269836425781 ], [ 73.657592773437557, 31.864494323730469 ], [ 73.674781799316463, 31.880479812622184 ], [ 73.674781799316463, 31.849237442016602 ], [ 73.641761779785213, 31.786197662353516 ], [ 73.632759094238281, 31.75918006896984 ], [ 73.653770446777401, 31.738168716430778 ], [ 73.6807861328125, 31.717155456543082 ], [ 73.6807861328125, 31.660118103027457 ], [ 73.6807861328125, 31.624095916748104 ], [ 73.710807800293026, 31.612087249755916 ], [ 73.770843505859375, 31.627098083496151 ], [ 73.800865173339957, 31.627098083496151 ], [ 73.90293121337902, 31.540042877197379 ], [ 73.926940917968864, 31.522031784057617 ], [ 73.90293121337902, 31.464996337890739 ], [ 73.90293121337902, 31.449985504150447 ], [ 73.947959899902457, 31.431974411010856 ], [ 73.968971252441406, 31.413963317871094 ], [ 73.980979919433537, 31.335914611816349 ], [ 73.999343872070312, 31.323057174682731 ], [ 73.959045410156193, 31.293609619140625 ], [ 73.954734802246151, 31.29135704040533 ], [ 73.899978637695312, 31.281303405761832 ], [ 73.891914367675781, 31.279109954834098 ], [ 73.853523254394645, 31.229585647583008 ], [ 73.851066589355582, 31.225910186767692 ], [ 73.854835510253963, 31.206359863281364 ], [ 73.845878601074332, 31.196987152099609 ], [ 73.815628051757812, 31.218805313110465 ], [ 73.797515869140625, 31.226512908935661 ], [ 73.726043701171932, 31.207439422607536 ], [ 73.716384887695426, 31.206197738647461 ], [ 73.711128234863281, 31.17193603515625 ], [ 73.706817626953182, 31.170146942138729 ], [ 73.647598266601562, 31.188009262085075 ], [ 73.643814086914062, 31.185514450073356 ], [ 73.635124206543082, 31.144081115722656 ] ] ] } },
{ "type": "Feature", "properties": { "GID_0": "PAK", "NAME_0": "Pakistan", "GID_1": "PAK.7_1", "NAME_1": "Punjab", "NL_NAME_1": null, "GID_2": "PAK.7.5_1", "NAME_2": "Lahore", "NL_NAME_2": null, "GID_3": "PAK.7.5.4_1", "NAME_3": "Okara", "VARNAME_3": null, "NL_NAME_3": null, "TYPE_3": "District", "ENGTYPE_3": "District", "CC_3": null, "HASC_3": null }, "geometry": { "type": "Polygon", "coordinates": [ [ [ 73.826873779296875, 30.857309341430721 ], [ 73.802627563476676, 30.850986480712891 ], [ 73.729270935058594, 30.850986480712891 ], [ 73.685249328613338, 30.806968688964957 ], [ 73.652236938476619, 30.773956298828239 ], [ 73.578880310058707, 30.759283065795898 ], [ 73.542198181152401, 30.755615234375057 ], [ 73.441360473632926, 30.625497817993164 ], [ 73.41546630859375, 30.625900268554744 ], [ 73.396499633789119, 30.587677001953125 ], [ 73.371406555175781, 30.530984878540096 ], [ 73.312141418457088, 30.524482727050895 ], [ 73.291801452636832, 30.525262832641658 ], [ 73.277938842773438, 30.544706344604492 ], [ 73.282867431640739, 30.559513092041129 ], [ 73.329742431640682, 30.581291198730526 ], [ 73.343696594238395, 30.604974746704158 ], [ 73.340744018554688, 30.666976928711051 ], [ 73.338333129882926, 30.687665939331112 ], [ 73.354446411132812, 30.733127593994141 ], [ 73.350677490234432, 30.752910614013786 ], [ 73.335472106933707, 30.778438568115348 ], [ 73.294876098632926, 30.786960601806697 ], [ 73.221069335937614, 30.794609069824162 ], [ 73.230484008789062, 30.818593978881779 ], [ 73.262161254882812, 30.845714569091854 ], [ 73.255516052246151, 30.870878219604492 ], [ 73.21762847900402, 30.881446838378906 ], [ 73.209854125976562, 30.924562454223633 ], [ 73.209686279296875, 30.926959991455135 ], [ 73.212181091308594, 30.936988830566463 ], [ 73.240447998046932, 30.969499588012809 ], [ 73.318328857421989, 30.987314224243164 ], [ 73.335166931152344, 30.984731674194336 ], [ 73.342590332031193, 31.031570434570369 ], [ 73.342842102050781, 31.040302276611385 ], [ 73.35711669921875, 31.046810150146598 ], [ 73.373779296875057, 31.051424026489258 ], [ 73.392364501953068, 31.080602645874137 ], [ 73.423995971679801, 31.104242324829102 ], [ 73.551887512207031, 31.116405487060604 ], [ 73.562858581543082, 31.115770339965877 ], [ 73.604972839355526, 31.142496109008903 ], [ 73.615814208984432, 31.152536392211914 ], [ 73.650756835937614, 31.120899200439453 ], [ 73.652854919433707, 31.117385864257812 ], [ 73.643684387207088, 31.070655822753906 ], [ 73.646308898925838, 31.066436767578125 ], [ 73.69351959228527, 31.051778793335018 ], [ 73.700202941894645, 31.050516128540096 ], [ 73.698936462402344, 31.014799118042106 ], [ 73.700767517089957, 31.01129150390625 ], [ 73.730285644531307, 30.995052337646541 ], [ 73.742019653320312, 30.990924835205192 ], [ 73.733078002929688, 30.941175460815543 ], [ 73.740394592285213, 30.926906585693359 ], [ 73.78912353515625, 30.926610946655273 ], [ 73.793113708496094, 30.924228668212891 ], [ 73.826873779296875, 30.857309341430721 ] ] ] } },
{ "type": "Feature", "properties": { "GID_0": "PAK", "NAME_0": "Pakistan", "GID_1": "PAK.7_1", "NAME_1": "Punjab", "NL_NAME_1": null, "GID_2": "PAK.7.5_1", "NAME_2": "Lahore", "NL_NAME_2": null, "GID_3": "PAK.7.5.5_1", "NAME_3": "Okara 1", "VARNAME_3": null, "NL_NAME_3": null, "TYPE_3": "District", "ENGTYPE_3": "District", "CC_3": null, "HASC_3": null }, "geometry": { "type": "Polygon", "coordinates": [ [ [ 73.599655151367301, 30.308380126953239 ], [ 73.61993408203125, 30.344263076782283 ], [ 73.627693176269645, 30.36479377746582 ], [ 73.614280700683651, 30.404682159423828 ], [ 73.589523315429744, 30.437322616577148 ], [ 73.610733032226676, 30.462516784668082 ], [ 73.610786437988281, 30.487344741821403 ], [ 73.532020568847656, 30.526393890380859 ], [ 73.500198364257812, 30.5299072265625 ], [ 73.467155456542969, 30.563835144042969 ], [ 73.444679260253906, 30.585765838623104 ], [ 73.449432373046875, 30.601934432983398 ], [ 73.451606750488338, 30.625337600708008 ], [ 73.441360473632926, 30.625497817993164 ], [ 73.450492858886832, 30.649240493774471 ], [ 73.520187377929688, 30.71893310546875 ], [ 73.542198181152401, 30.755615234375057 ], [ 73.578880310058707, 30.759283065795898 ], [ 73.652236938476619, 30.773956298828239 ], [ 73.685249328613338, 30.806968688964957 ], [ 73.729270935058594, 30.850986480712891 ], [ 73.889617919921818, 30.848703384399471 ], [ 73.911300659179801, 30.847669601440487 ], [ 73.956344604492301, 30.831188201904297 ], [ 73.96234130859375, 30.818565368652401 ], [ 74.005561828613395, 30.826940536499137 ], [ 74.009819030761719, 30.824554443359318 ], [ 74.040397644043026, 30.78718376159668 ], [ 74.051338195800895, 30.783996582031307 ], [ 74.055145263671989, 30.746578216552848 ], [ 74.059219360351562, 30.729806900024357 ], [ 74.083190917968864, 30.719919204711914 ], [ 74.086097717285156, 30.717090606689453 ], [ 74.143760681152401, 30.640081405639648 ], [ 74.151710510253906, 30.633924484253043 ], [ 74.120956420898551, 30.632390975952262 ], [ 74.118370056152344, 30.632160186767692 ], [ 74.109458923339901, 30.605930328369141 ], [ 74.108917236328239, 30.605680465698356 ], [ 74.095832824707031, 30.615079879760685 ], [ 74.090995788574332, 30.61279106140131 ], [ 74.093070983886832, 30.579879760742188 ], [ 74.092628479003963, 30.575349807739258 ], [ 74.069328308105469, 30.556011199951229 ], [ 74.067901611328239, 30.55487060546875 ], [ 74.082267761230469, 30.546451568603572 ], [ 74.084396362304688, 30.545040130615234 ], [ 74.077613830566463, 30.529361724853629 ], [ 74.066513061523494, 30.520187377929688 ], [ 74.040237426757926, 30.537685394287166 ], [ 74.034011840820312, 30.536260604858512 ], [ 73.988517761230526, 30.504560470581112 ], [ 73.983650207519474, 30.500530242920036 ], [ 73.966529846191406, 30.463491439819336 ], [ 73.962677001953125, 30.457607269287166 ], [ 73.939743041992301, 30.462694168090877 ], [ 73.935287475585994, 30.462957382202205 ], [ 73.930343627929744, 30.424989700317496 ], [ 73.927856445312557, 30.420913696289176 ], [ 73.879753112792969, 30.391111373901481 ], [ 73.873214721679631, 30.383438110351562 ], [ 73.885643005371094, 30.354442596435661 ], [ 73.893928527832088, 30.350564956665153 ], [ 73.864738464355526, 30.347875595092773 ], [ 73.852920532226619, 30.345043182373104 ], [ 73.826133728027344, 30.323648452758846 ], [ 73.818580627441463, 30.319587707519588 ], [ 73.780830383300838, 30.340827941894645 ], [ 73.773063659668082, 30.341180801391658 ], [ 73.689338684081974, 30.306285858154297 ], [ 73.671318054199276, 30.300302505493164 ], [ 73.599655151367301, 30.308380126953239 ] ] ] } },
{ "type": "Feature", "properties": { "GID_0": "PAK", "NAME_0": "Pakistan", "GID_1": "PAK.7_1", "NAME_1": "Punjab", "NL_NAME_1": null, "GID_2": "PAK.7.5_1", "NAME_2": "Lahore", "NL_NAME_2": null, "GID_3": "PAK.7.5.6_1", "NAME_3": "Sheikhupura", "VARNAME_3": null, "NL_NAME_3": null, "TYPE_3": "District", "ENGTYPE_3": "District", "CC_3": null, "HASC_3": null }, "geometry": { "type": "Polygon", "coordinates": [ [ [ 74.008743286132869, 31.326715469360408 ], [ 73.999343872070312, 31.323057174682731 ], [ 73.980979919433537, 31.335914611816349 ], [ 73.977973937988281, 31.389947891235352 ], [ 73.968971252441406, 31.413963317871094 ], [ 73.914932250976676, 31.44098091125494 ], [ 73.90293121337902, 31.449985504150447 ], [ 73.920936584472656, 31.501018524169922 ], [ 73.926940917968864, 31.522031784057617 ], [ 73.82187652587902, 31.609086990356388 ], [ 73.800865173339957, 31.627098083496151 ], [ 73.710807800293026, 31.612087249755916 ], [ 73.6807861328125, 31.624095916748104 ], [ 73.683792114257926, 31.693140029907283 ], [ 73.6807861328125, 31.717155456543082 ], [ 73.653770446777401, 31.738168716430778 ], [ 73.632759094238281, 31.75918006896984 ], [ 73.674781799316463, 31.849237442016602 ], [ 73.674781799316463, 31.880479812622184 ], [ 73.714759826660156, 31.916276931762752 ], [ 73.74029541015625, 31.944652557373047 ], [ 73.802833557128849, 31.956209182739371 ], [ 73.830429077148551, 31.935823440551701 ], [ 73.829978942871094, 31.901023864746207 ], [ 73.81937408447277, 31.888427734375114 ], [ 73.853485107421932, 31.854249954223633 ], [ 73.877426147460938, 31.842042922973633 ], [ 74.043746948242188, 31.822977066040096 ], [ 74.059410095214844, 31.812522888183707 ], [ 74.080047607421932, 31.813592910766602 ], [ 74.124778747558707, 31.835405349731502 ], [ 74.163658142089957, 31.881208419799805 ], [ 74.1978759765625, 31.897846221923885 ], [ 74.303565979003906, 31.890863418579102 ], [ 74.329612731933707, 31.896259307861328 ], [ 74.341384887695369, 31.916959762573299 ], [ 74.370086669921875, 31.920688629150447 ], [ 74.387893676757869, 31.951505661010856 ], [ 74.418403625488338, 31.971450805664062 ], [ 74.460258483886832, 31.977294921875114 ], [ 74.537193298339844, 32.025753021240234 ], [ 74.553672790527401, 32.037101745605469 ], [ 74.587486267089957, 32.021492004394588 ], [ 74.602851867675838, 32.008953094482422 ], [ 74.647148132324276, 31.946645736694336 ], [ 74.670196533203182, 31.918050765991211 ], [ 74.629776000976619, 31.885431289672965 ], [ 74.626556396484489, 31.882930755615291 ], [ 74.600280761718864, 31.886020660400447 ], [ 74.599105834961051, 31.885110855102539 ], [ 74.564666748046875, 31.832437515258732 ], [ 74.556381225586051, 31.82882118225092 ], [ 74.55179595947277, 31.753219604492301 ], [ 74.550987243652401, 31.75255012512207 ], [ 74.332298278808707, 31.68784141540533 ], [ 74.311279296875114, 31.677494049072322 ], [ 74.281875610351619, 31.619012832641545 ], [ 74.264160156250114, 31.594924926757756 ], [ 74.184455871582145, 31.518430709838867 ], [ 74.169639587402344, 31.511699676513672 ], [ 74.172126770019531, 31.475694656372127 ], [ 74.174133300781364, 31.464988708496207 ], [ 74.137825012207031, 31.43214035034174 ], [ 74.125915527343864, 31.421884536743221 ], [ 74.048812866210994, 31.423782348632926 ], [ 74.038528442382926, 31.41535568237299 ], [ 74.050132751464901, 31.401252746582088 ], [ 74.012237548828239, 31.369821548461971 ], [ 74.003318786621094, 31.363462448120231 ], [ 74.008743286132869, 31.326715469360408 ] ] ] } },
{ "type": "Feature", "properties": { "GID_0": "PAK", "NAME_0": "Pakistan", "GID_1": "PAK.7_1", "NAME_1": "Punjab", "NL_NAME_1": null, "GID_2": "PAK.7.6_1", "NAME_2": "Multan", "NL_NAME_2": null, "GID_3": "PAK.7.6.1_1", "NAME_3": "Khanewal", "VARNAME_3": null, "NL_NAME_3": null, "TYPE_3": "District", "ENGTYPE_3": "District", "CC_3": null, "HASC_3": null }, "geometry": { "type": "Polygon", "coordinates": [ [ [ 72.399101257324276, 30.219179153442496 ], [ 72.392616271972713, 30.214870452880803 ], [ 72.383674621582088, 30.206888198852596 ], [ 72.338745117187443, 30.211069107055664 ], [ 72.330986022949219, 30.211887359619197 ], [ 72.235206604003906, 30.176715850830021 ], [ 72.214561462402457, 30.175180435180664 ], [ 72.197822570800781, 30.164302825927848 ], [ 72.191558837890625, 30.156047821044979 ], [ 72.207504272461051, 30.125865936279354 ], [ 72.207412719726619, 30.118673324585018 ], [ 72.18686676025402, 30.124097824096793 ], [ 72.174049377441463, 30.127313613891602 ], [ 72.175842285156364, 30.12078857421875 ], [ 72.182174682617188, 30.113265991211051 ], [ 72.157188415527344, 30.107156753540096 ], [ 72.150711059570312, 30.103080749511776 ], [ 72.139083862304688, 30.073097229003906 ], [ 72.128021240234375, 30.066539764404297 ], [ 72.110237121582145, 30.079347610473746 ], [ 72.101692199707031, 30.080871582031193 ], [ 72.083343505859489, 30.069787979126033 ], [ 72.063217163085994, 30.066621780395451 ], [ 71.962219238281364, 30.084205627441463 ], [ 71.95257568359375, 30.084356307983455 ], [ 71.924919128417969, 30.078289031982536 ], [ 71.903312683105469, 30.043354034423942 ], [ 71.887664794921818, 30.034084320068359 ], [ 71.785636901855469, 30.012701034546012 ], [ 71.769241333007812, 30.008083343505973 ], [ 71.732795715332031, 29.964330673217773 ], [ 71.730560302734375, 29.956939697265625 ], [ 71.743461608886662, 29.919149398803711 ], [ 71.749290466308651, 29.91373443603527 ], [ 71.729598999023438, 29.902656555175838 ], [ 71.7099609375, 29.895769119262695 ], [ 71.682723999023494, 29.839111328125057 ], [ 71.630462646484432, 29.835748672485408 ], [ 71.596359252929801, 29.849042892456168 ], [ 71.594009399414119, 29.875066757202148 ], [ 71.595710754394531, 29.903350830078125 ], [ 71.571960449218864, 29.909753799438533 ], [ 71.5699462890625, 29.919763565063477 ], [ 71.599678039550781, 29.941343307495231 ], [ 71.612152099609432, 29.953680038452205 ], [ 71.658035278320312, 29.9606227874757 ], [ 71.667213439941406, 29.966049194335881 ], [ 71.669830322265739, 29.982715606689567 ], [ 71.680709838867131, 29.995773315429801 ], [ 71.714897155761719, 30.009626388549918 ], [ 71.721946716308594, 30.016477584838924 ], [ 71.842880249023438, 30.217401504516658 ], [ 71.842170715332088, 30.224838256836051 ], [ 71.804161071777344, 30.247009277343693 ], [ 71.777694702148494, 30.250205993652457 ], [ 71.773063659667969, 30.264896392822266 ], [ 71.770401000976562, 30.287446975708121 ], [ 71.680831909179744, 30.298124313354492 ], [ 71.674194335937614, 30.302867889404354 ], [ 71.620544433593807, 30.400001525878906 ], [ 71.611289978027287, 30.408964157104549 ], [ 71.535850524902401, 30.415243148803711 ], [ 71.518722534179801, 30.416206359863281 ], [ 71.554481506347656, 30.448137283325195 ], [ 71.735198974609432, 30.528856277465877 ], [ 71.766235351562557, 30.547634124755916 ], [ 71.779930114746094, 30.613321304321289 ], [ 71.802864074707088, 30.647769927978572 ], [ 71.840545654296818, 30.662498474121151 ], [ 71.875701904296875, 30.668680191040096 ], [ 71.971786499023438, 30.664398193359375 ], [ 71.991439819335938, 30.652027130126896 ], [ 72.042663574218807, 30.699493408203125 ], [ 72.063446044921932, 30.712396621704215 ], [ 72.171577453613338, 30.708160400390739 ], [ 72.20562744140625, 30.711574554443359 ], [ 72.220779418945369, 30.702520370483455 ], [ 72.152191162109489, 30.5743408203125 ], [ 72.153678894043082, 30.544384002685604 ], [ 72.250175476074276, 30.530349731445369 ], [ 72.265441894531307, 30.530807495117301 ], [ 72.357551574707088, 30.57183837890625 ], [ 72.391967773437443, 30.582902908325309 ], [ 72.432693481445369, 30.563474655151424 ], [ 72.474609375, 30.55400276184082 ], [ 72.457565307617301, 30.518997192382756 ], [ 72.441642761230526, 30.509500503539982 ], [ 72.462150573730412, 30.479942321777344 ], [ 72.463462829589957, 30.456718444824276 ], [ 72.435897827148438, 30.416307449340877 ], [ 72.424057006835938, 30.390735626220703 ], [ 72.417579650878906, 30.345123291015682 ], [ 72.406921386718807, 30.328117370605469 ], [ 72.399101257324276, 30.219179153442496 ] ] ] } },
{ "type": "Feature", "properties": { "GID_0": "PAK", "NAME_0": "Pakistan", "GID_1": "PAK.7_1", "NAME_1": "Punjab", "NL_NAME_1": null, "GID_2": "PAK.7.6_1", "NAME_2": "Multan", "NL_NAME_2": null, "GID_3": "PAK.7.6.2_1", "NAME_3": "Lodhran", "VARNAME_3": null, "NL_NAME_3": null, "TYPE_3": "District", "ENGTYPE_3": "District", "CC_3": null, "HASC_3": null }, "geometry": { "type": "Polygon", "coordinates": [ [ [ 71.415237426757812, 29.360393524169922 ], [ 71.417861938476676, 29.397943496704102 ], [ 71.417991638183651, 29.407918930053654 ], [ 71.395057678222656, 29.436586380004996 ], [ 71.386054992675781, 29.44461631774908 ], [ 71.391563415527287, 29.477479934692383 ], [ 71.388992309570369, 29.485410690307617 ], [ 71.408805847168026, 29.506217956542969 ], [ 71.420761108398438, 29.519954681396541 ], [ 71.435028076171989, 29.588649749755973 ], [ 71.447235107421989, 29.600524902343807 ], [ 71.44608306884777, 29.615161895752067 ], [ 71.430343627929688, 29.620048522949332 ], [ 71.436408996582031, 29.675411224365348 ], [ 71.437843322753963, 29.682815551757756 ], [ 71.417930603027344, 29.696582794189567 ], [ 71.419364929199332, 29.703523635864258 ], [ 71.447715759277401, 29.72187614440918 ], [ 71.454460144043082, 29.725715637207145 ], [ 71.464302062988338, 29.762458801269588 ], [ 71.46573638916027, 29.770093917846793 ], [ 71.480796813964957, 29.775196075439567 ], [ 71.488594055175895, 29.777395248413086 ], [ 71.476425170898551, 29.78918647766119 ], [ 71.465675354003963, 29.806989669799805 ], [ 71.508445739746207, 29.822101593017692 ], [ 71.532867431640739, 29.826362609863338 ], [ 71.584655761718807, 29.897026062011719 ], [ 71.587165832519588, 29.904876708984375 ], [ 71.596359252929801, 29.849042892456168 ], [ 71.630462646484432, 29.835748672485408 ], [ 71.682723999023494, 29.839111328125057 ], [ 71.7099609375, 29.895769119262695 ], [ 71.741416931152344, 29.905721664428825 ], [ 71.749290466308651, 29.91373443603527 ], [ 71.776367187500057, 29.895198822021428 ], [ 71.789703369140682, 29.891046524047908 ], [ 71.821754455566463, 29.905630111694393 ], [ 71.905548095703239, 29.903629302978516 ], [ 71.919685363769645, 29.899696350097656 ], [ 71.937721252441463, 29.885725021362305 ], [ 71.945449829101506, 29.841053009033203 ], [ 71.956230163574276, 29.825801849365234 ], [ 72.024078369140625, 29.791330337524528 ], [ 72.029373168945256, 29.786375045776367 ], [ 72.008125305175838, 29.758628845214901 ], [ 72.014976501464901, 29.749704360961971 ], [ 71.976036071777344, 29.741260528564567 ], [ 71.972747802734375, 29.73527908325201 ], [ 72.033378601074162, 29.680963516235352 ], [ 72.037033081054688, 29.673713684082031 ], [ 72.085884094238281, 29.661815643310604 ], [ 72.104057312011776, 29.658746719360408 ], [ 72.093399047851619, 29.621089935302848 ], [ 72.099235534667969, 29.616823196411246 ], [ 72.164787292480582, 29.612552642822266 ], [ 72.172080993652344, 29.596660614013786 ], [ 72.167686462402344, 29.566795349121207 ], [ 72.166023254394588, 29.56254768371582 ], [ 72.114135742187557, 29.525861740112362 ], [ 72.111900329589901, 29.518470764160213 ], [ 72.052200317382869, 29.519632339477539 ], [ 72.029876708984432, 29.511857986450252 ], [ 71.977561950683594, 29.525436401367301 ], [ 71.951835632324276, 29.523979187011719 ], [ 71.947212219238281, 29.518251419067326 ], [ 71.944664001464957, 29.507848739624137 ], [ 71.961502075195312, 29.484149932861442 ], [ 71.962471008300781, 29.476013183593864 ], [ 71.933692932128906, 29.466251373291016 ], [ 71.930923461914176, 29.459100723266715 ], [ 71.918243408203125, 29.472757339477596 ], [ 71.925247192382812, 29.496780395507869 ], [ 71.910591125488281, 29.502809524536076 ], [ 71.892211914062614, 29.489639282226562 ], [ 71.885932922363395, 29.479990005493221 ], [ 71.874122619628849, 29.498737335205135 ], [ 71.860855102539119, 29.508457183837947 ], [ 71.824249267578182, 29.47259712219244 ], [ 71.815277099609432, 29.462062835693359 ], [ 71.750488281250114, 29.484188079833984 ], [ 71.741958618164062, 29.487337112426871 ], [ 71.71195220947277, 29.444412231445312 ], [ 71.703323364257869, 29.439907073974553 ], [ 71.648849487304801, 29.431240081787166 ], [ 71.615829467773551, 29.424562454223746 ], [ 71.592811584472656, 29.404731750488281 ], [ 71.587898254394588, 29.397151947021598 ], [ 71.542900085449276, 29.396459579467887 ], [ 71.520622253418026, 29.392398834228629 ], [ 71.504028320312557, 29.372468948364315 ], [ 71.497261047363281, 29.366540908813533 ], [ 71.415237426757812, 29.360393524169922 ] ] ] } },
{ "type": "Feature", "properties": { "GID_0": "PAK", "NAME_0": "Pakistan", "GID_1": "PAK.7_1", "NAME_1": "Punjab", "NL_NAME_1": null, "GID_2": "PAK.7.6_1", "NAME_2": "Multan", "NL_NAME_2": null, "GID_3": "PAK.7.6.3_1", "NAME_3": "Multan", "VARNAME_3": null, "NL_NAME_3": null, "TYPE_3": "District", "ENGTYPE_3": "District", "CC_3": null, "HASC_3": null }, "geometry": { "type": "Polygon", "coordinates": [ [ [ 71.415237426757812, 29.360393524169922 ], [ 71.389396667480526, 29.349658966064567 ], [ 71.373825073242131, 29.346651077270508 ], [ 71.365837097167969, 29.350488662719783 ], [ 71.350456237793026, 29.362098693847713 ], [ 71.348922729492244, 29.388576507568473 ], [ 71.340995788574332, 29.397052764892578 ], [ 71.277793884277401, 29.375993728637695 ], [ 71.257926940918026, 29.372125625610465 ], [ 71.219940185546875, 29.416805267334098 ], [ 71.198562622070312, 29.420387268066406 ], [ 71.17160797119152, 29.406419754028377 ], [ 71.160362243652457, 29.385944366455078 ], [ 71.138710021972656, 29.409950256347713 ], [ 71.125846862793082, 29.408758163452205 ], [ 71.114006042480582, 29.362300872802734 ], [ 71.105377197265682, 29.357795715331974 ], [ 71.045547485351676, 29.370096206665039 ], [ 71.031028747558707, 29.407449722290039 ], [ 71.026130676269531, 29.463912963867188 ], [ 71.024536132812614, 29.506633758545036 ], [ 71.046424865722713, 29.54342079162609 ], [ 71.060813903808707, 29.558742523193303 ], [ 71.058715820312614, 29.582675933837947 ], [ 71.068641662597599, 29.605030059814567 ], [ 71.133697509765625, 29.625131607055664 ], [ 71.160888671875057, 29.635847091674748 ], [ 71.161201477050781, 29.660671234130916 ], [ 71.152801513671875, 29.673795700073185 ], [ 71.167503356933594, 29.713710784912166 ], [ 71.152351379394645, 29.743185043335075 ], [ 71.186080932617301, 29.784194946289119 ], [ 71.192085266113281, 29.814035415649528 ], [ 71.177299499511776, 29.851625442504996 ], [ 71.180770874023551, 29.871294021606559 ], [ 71.242256164550781, 29.947143554687614 ], [ 71.26218414306652, 29.955883026123047 ], [ 71.277786254882869, 30.107627868652344 ], [ 71.293029785156307, 30.148231506347656 ], [ 71.359848022461051, 30.221675872802848 ], [ 71.382888793945369, 30.243362426757926 ], [ 71.382301330566463, 30.281194686889705 ], [ 71.39322662353527, 30.319078445434627 ], [ 71.487739562988281, 30.401374816894531 ], [ 71.518722534179801, 30.416206359863281 ], [ 71.589935302734375, 30.414634704589957 ], [ 71.611289978027287, 30.408964157104549 ], [ 71.662124633789119, 30.32208442687994 ], [ 71.674194335937614, 30.302867889404354 ], [ 71.748237609863224, 30.292432785034237 ], [ 71.770401000976562, 30.287446975708121 ], [ 71.772705078125, 30.258172988891602 ], [ 71.777694702148494, 30.250205993652457 ], [ 71.842170715332088, 30.224838256836051 ], [ 71.842880249023438, 30.217401504516658 ], [ 71.830650329589844, 30.203205108642692 ], [ 71.817962646484432, 30.195280075073242 ], [ 71.741775512695312, 30.038446426391602 ], [ 71.721946716308594, 30.016477584838924 ], [ 71.670272827148438, 29.975282669067383 ], [ 71.667213439941406, 29.966049194335881 ], [ 71.631408691406307, 29.951755523681697 ], [ 71.612152099609432, 29.953680038452205 ], [ 71.578300476074219, 29.923809051513615 ], [ 71.5699462890625, 29.919763565063477 ], [ 71.578063964843864, 29.90524864196783 ], [ 71.584655761718807, 29.897026062011719 ], [ 71.546150207519588, 29.839149475097713 ], [ 71.532867431640739, 29.826362609863338 ], [ 71.480789184570426, 29.816267013549918 ], [ 71.465675354003963, 29.806989669799805 ], [ 71.488143920898494, 29.784130096435661 ], [ 71.488594055175895, 29.777395248413086 ], [ 71.480796813964957, 29.775196075439567 ], [ 71.46573638916027, 29.770093917846793 ], [ 71.462699890136662, 29.742294311523551 ], [ 71.454460144043082, 29.725715637207145 ], [ 71.424247741699276, 29.708784103393612 ], [ 71.419364929199332, 29.703523635864258 ], [ 71.425941467285156, 29.694370269775391 ], [ 71.437843322753963, 29.682815551757756 ], [ 71.436355590820426, 29.629699707031307 ], [ 71.430343627929688, 29.620048522949332 ], [ 71.44608306884777, 29.615161895752067 ], [ 71.447235107421989, 29.600524902343807 ], [ 71.401779174804744, 29.501222610473746 ], [ 71.388992309570369, 29.485410690307617 ], [ 71.391777038574219, 29.45241737365734 ], [ 71.386054992675781, 29.44461631774908 ], [ 71.412712097168082, 29.413803100585994 ], [ 71.417991638183651, 29.407918930053654 ], [ 71.415237426757812, 29.360393524169922 ] ] ] } },
{ "type": "Feature", "properties": { "GID_0": "PAK", "NAME_0": "Pakistan", "GID_1": "PAK.7_1", "NAME_1": "Punjab", "NL_NAME_1": null, "GID_2": "PAK.7.6_1", "NAME_2": "Multan", "NL_NAME_2": null, "GID_3": "PAK.7.6.4_1", "NAME_3": "Pakpattan", "VARNAME_3": null, "NL_NAME_3": null, "TYPE_3": "District", "ENGTYPE_3": "District", "CC_3": null, "HASC_3": null }, "geometry": { "type": "Polygon", "coordinates": [ [ [ 72.876930236816463, 29.975748062133846 ], [ 72.863693237304688, 30.050439834594727 ], [ 72.862228393554744, 30.082485198974723 ], [ 72.876091003417969, 30.11985969543457 ], [ 72.88669586181652, 30.153341293334961 ], [ 72.887458801269645, 30.317617416381893 ], [ 72.888877868652344, 30.344743728637695 ], [ 72.862823486328182, 30.354957580566349 ], [ 72.866485595703239, 30.364728927612362 ], [ 72.998542785644531, 30.396169662475586 ], [ 73.023689270019531, 30.396169662475586 ], [ 73.049667358398438, 30.416492462158203 ], [ 73.04080963134777, 30.435659408569336 ], [ 73.061447143554631, 30.43719482421875 ], [ 73.077529907226562, 30.438568115234375 ], [ 73.072448730468864, 30.459995269775391 ], [ 73.075706481933707, 30.463193893432731 ], [ 73.149566650390568, 30.501722335815543 ], [ 73.159255981445426, 30.505283355712947 ], [ 73.15793609619152, 30.527349472045898 ], [ 73.159332275390625, 30.531967163085881 ], [ 73.217338562011719, 30.544986724853629 ], [ 73.228050231933651, 30.544820785522518 ], [ 73.331741333007812, 30.528585433960018 ], [ 73.350402832031193, 30.522262573242188 ], [ 73.371406555175781, 30.530984878540096 ], [ 73.396499633789119, 30.587677001953125 ], [ 73.41546630859375, 30.625900268554744 ], [ 73.441360473632926, 30.625497817993164 ], [ 73.451606750488338, 30.625337600708008 ], [ 73.449432373046875, 30.601934432983398 ], [ 73.444679260253906, 30.585765838623104 ], [ 73.467155456542969, 30.563835144042969 ], [ 73.484832763671989, 30.542909622192383 ], [ 73.581253051757812, 30.502655029296875 ], [ 73.610786437988281, 30.487344741821403 ], [ 73.610733032226676, 30.462516784668082 ], [ 73.589523315429744, 30.437322616577148 ], [ 73.626441955566406, 30.392658233642578 ], [ 73.627693176269645, 30.36479377746582 ], [ 73.573616027832031, 30.282100677490291 ], [ 73.566764831542969, 30.269908905029354 ], [ 73.525634765625114, 30.278671264648381 ], [ 73.514083862304688, 30.275835037231559 ], [ 73.4959716796875, 30.262426376342773 ], [ 73.490287780761776, 30.257640838623047 ], [ 73.485305786132812, 30.224304199218693 ], [ 73.481742858886776, 30.217630386352653 ], [ 73.464416503906364, 30.245281219482479 ], [ 73.451873779296818, 30.248493194580078 ], [ 73.444137573242244, 30.208702087402344 ], [ 73.443717956542969, 30.19687461853033 ], [ 73.380966186523438, 30.189731597900391 ], [ 73.371795654296875, 30.184768676757926 ], [ 73.368797302246151, 30.117753982543945 ], [ 73.364097595214957, 30.106689453125 ], [ 73.321533203125057, 30.149583816528263 ], [ 73.311462402343864, 30.157400131225643 ], [ 73.294235229492244, 30.12935829162609 ], [ 73.284217834472599, 30.121160507202205 ], [ 73.255813598632812, 30.140630722045955 ], [ 73.242469787597656, 30.144086837768612 ], [ 73.232482910156364, 30.138208389282227 ], [ 73.221595764160213, 30.124223709106388 ], [ 73.214935302734489, 30.085344314575195 ], [ 73.213165283203182, 30.072608947753963 ], [ 73.203483581543082, 30.069280624389705 ], [ 73.192581176757869, 30.075017929077205 ], [ 73.187095642089957, 30.106662750244254 ], [ 73.151481628417969, 30.106985092163086 ], [ 73.137840270996151, 30.087242126464901 ], [ 73.126922607421875, 30.07093620300293 ], [ 73.096229553222713, 30.057956695556641 ], [ 73.086746215820369, 30.049285888671932 ], [ 73.119529724121151, 30.016752243041992 ], [ 73.113243103027401, 30.006408691406307 ], [ 73.101692199706974, 30.004035949707031 ], [ 73.093452453613395, 30.008342742919922 ], [ 73.045082092285156, 30.058288574218807 ], [ 73.031967163085994, 30.058725357055721 ], [ 73.040542602539119, 30.017288208007869 ], [ 73.044479370117188, 30.011192321777401 ], [ 73.013687133789119, 29.990324020385799 ], [ 72.986152648925781, 29.973350524902344 ], [ 72.937202453613338, 29.998245239257926 ], [ 72.924728393554688, 30.007024765014648 ], [ 72.876930236816463, 29.975748062133846 ] ] ] } },
{ "type": "Feature", "properties": { "GID_0": "PAK", "NAME_0": "Pakistan", "GID_1": "PAK.7_1", "NAME_1": "Punjab", "NL_NAME_1": null, "GID_2": "PAK.7.6_1", "NAME_2": "Multan", "NL_NAME_2": null, "GID_3": "PAK.7.6.5_1", "NAME_3": "Sahiwal", "VARNAME_3": null, "NL_NAME_3": null, "TYPE_3": "District", "ENGTYPE_3": "District", "CC_3": null, "HASC_3": null }, "geometry": { "type": "Polygon", "coordinates": [ [ [ 72.862823486328182, 30.354957580566349 ], [ 72.812683105468864, 30.333631515502987 ], [ 72.785087585449219, 30.311321258545036 ], [ 72.737846374511776, 30.303007125854606 ], [ 72.721038818359375, 30.307910919189567 ], [ 72.710960388183651, 30.273725509643555 ], [ 72.694503784179688, 30.26377105712902 ], [ 72.669250488281364, 30.299203872680721 ], [ 72.658279418945312, 30.300302505493164 ], [ 72.641906738281307, 30.276424407959098 ], [ 72.631950378417969, 30.272171020507926 ], [ 72.634086608886776, 30.251253128051701 ], [ 72.624298095703125, 30.239339828491211 ], [ 72.5499267578125, 30.245140075683594 ], [ 72.531074523925781, 30.236846923828239 ], [ 72.522895812988338, 30.204488754272461 ], [ 72.518554687500114, 30.179031372070369 ], [ 72.475860595703239, 30.170413970947379 ], [ 72.404243469238338, 30.181972503662166 ], [ 72.411735534668026, 30.307159423828182 ], [ 72.406921386718807, 30.328117370605469 ], [ 72.448272705078125, 30.441871643066463 ], [ 72.463462829589957, 30.456718444824276 ], [ 72.442893981933537, 30.502519607544002 ], [ 72.441642761230526, 30.509500503539982 ], [ 72.474609375, 30.55400276184082 ], [ 72.492340087890625, 30.557903289794979 ], [ 72.497840881347656, 30.590303421020565 ], [ 72.506507873535213, 30.598291397094783 ], [ 72.542129516601562, 30.598665237426815 ], [ 72.567703247070369, 30.588287353515625 ], [ 72.578369140625, 30.563756942749137 ], [ 72.599082946777457, 30.549976348877067 ], [ 72.674827575683537, 30.56782341003418 ], [ 72.708633422851562, 30.57286643981945 ], [ 72.732994079589787, 30.593370437622184 ], [ 72.748580932617301, 30.618652343750057 ], [ 72.7381591796875, 30.640859603881836 ], [ 72.726028442382869, 30.655666351318359 ], [ 72.753456115722656, 30.685638427734489 ], [ 72.769180297851676, 30.700939178466854 ], [ 72.832466125488338, 30.707611083984489 ], [ 72.851028442382926, 30.693399429321289 ], [ 72.882812500000057, 30.707523345947379 ], [ 72.901756286621207, 30.723239898681641 ], [ 72.906875610351619, 30.746595382690487 ], [ 72.934097290039062, 30.760093688964844 ], [ 73.059890747070426, 30.796886444091854 ], [ 73.083053588867188, 30.807199478149528 ], [ 73.083732604980582, 30.839443206787166 ], [ 73.106063842773551, 30.847448348999023 ], [ 73.138610839843807, 30.838125228881893 ], [ 73.131378173828182, 30.879774093628043 ], [ 73.138015747070369, 30.896377563476619 ], [ 73.176208496093864, 30.909008026123047 ], [ 73.201072692871094, 30.926952362060604 ], [ 73.21762847900402, 30.881446838378906 ], [ 73.255516052246151, 30.870878219604492 ], [ 73.262161254882812, 30.845714569091854 ], [ 73.230484008789062, 30.818593978881779 ], [ 73.221069335937614, 30.794609069824162 ], [ 73.294876098632926, 30.786960601806697 ], [ 73.335472106933707, 30.778438568115348 ], [ 73.350677490234432, 30.752910614013786 ], [ 73.354446411132812, 30.733127593994141 ], [ 73.345542907714901, 30.707277297973746 ], [ 73.338333129882926, 30.687665939331112 ], [ 73.345001220703182, 30.623052597046012 ], [ 73.343696594238395, 30.604974746704158 ], [ 73.277938842773438, 30.544706344604492 ], [ 73.27984619140625, 30.542034149169922 ], [ 73.185432434082031, 30.541770935058651 ], [ 73.178459167480526, 30.541183471679688 ], [ 73.159332275390625, 30.531967163085881 ], [ 73.1612548828125, 30.515230178832951 ], [ 73.159255981445426, 30.505283355712947 ], [ 73.139358520507869, 30.498865127563477 ], [ 73.134368896484375, 30.485715866088981 ], [ 73.075706481933707, 30.463193893432731 ], [ 73.072448730468864, 30.459995269775391 ], [ 73.078926086425838, 30.442722320556697 ], [ 73.077529907226562, 30.438568115234375 ], [ 73.04593658447277, 30.438596725463981 ], [ 73.04080963134777, 30.435659408569336 ], [ 73.052665710449162, 30.415485382080192 ], [ 73.023689270019531, 30.396169662475586 ], [ 72.932510375976506, 30.38359451293951 ], [ 72.89792633056652, 30.377305984497184 ], [ 72.862823486328182, 30.354957580566349 ] ] ] } },
{ "type": "Feature", "properties": { "GID_0": "PAK", "NAME_0": "Pakistan", "GID_1": "PAK.7_1", "NAME_1": "Punjab", "NL_NAME_1": null, "GID_2": "PAK.7.6_1", "NAME_2": "Multan", "NL_NAME_2": null, "GID_3": "PAK.7.6.6_1", "NAME_3": "Vehari", "VARNAME_3": null, "NL_NAME_3": null, "TYPE_3": "District", "ENGTYPE_3": "District", "CC_3": null, "HASC_3": null }, "geometry": { "type": "Polygon", "coordinates": [ [ [ 72.592826843261719, 29.810085296630973 ], [ 72.562423706054801, 29.819839477539119 ], [ 72.555511474609432, 29.8236598968507 ], [ 72.544631958007869, 29.810138702392578 ], [ 72.502677917480526, 29.817289352416992 ], [ 72.499984741210938, 29.837287902832145 ], [ 72.41843414306652, 29.82602691650402 ], [ 72.408683776855526, 29.83824539184576 ], [ 72.406967163085994, 29.829687118530273 ], [ 72.395210266113224, 29.810609817504996 ], [ 72.339508056640568, 29.789432525634822 ], [ 72.283805847168082, 29.789373397827262 ], [ 72.253868103027287, 29.75201606750494 ], [ 72.252441406250057, 29.745077133178825 ], [ 72.286231994628963, 29.706727981567383 ], [ 72.285743713378906, 29.690027236938533 ], [ 72.24832916259777, 29.674831390380916 ], [ 72.233665466308594, 29.659048080444393 ], [ 72.213951110839957, 29.604129791259709 ], [ 72.213577270507926, 29.595781326294002 ], [ 72.177558898925895, 29.564321517944279 ], [ 72.166023254394588, 29.56254768371582 ], [ 72.172080993652344, 29.596660614013786 ], [ 72.164787292480582, 29.612552642822266 ], [ 72.109397888183651, 29.615736007690487 ], [ 72.099235534667969, 29.616823196411246 ], [ 72.106361389160213, 29.650821685791129 ], [ 72.104057312011776, 29.658746719360408 ], [ 72.05832672119152, 29.663404464721737 ], [ 72.037033081054688, 29.673713684082031 ], [ 71.983573913574332, 29.723043441772461 ], [ 71.972747802734375, 29.73527908325201 ], [ 71.999137878418026, 29.746702194213867 ], [ 72.014976501464901, 29.749704360961971 ], [ 72.014511108398438, 29.775932312011719 ], [ 72.029373168945256, 29.786375045776367 ], [ 71.962860107421875, 29.82059288024908 ], [ 71.956230163574276, 29.825801849365234 ], [ 71.936416625976619, 29.867414474487305 ], [ 71.937721252441463, 29.885725021362305 ], [ 71.919685363769645, 29.899696350097656 ], [ 71.905548095703239, 29.903629302978516 ], [ 71.821754455566463, 29.905630111694393 ], [ 71.789703369140682, 29.891046524047908 ], [ 71.735588073730582, 29.931337356567496 ], [ 71.730148315429688, 29.945577621460075 ], [ 71.7486572265625, 29.990074157714957 ], [ 71.769241333007812, 30.008083343505973 ], [ 71.877983093261719, 30.030986785888786 ], [ 71.887664794921818, 30.034084320068359 ], [ 71.917541503906307, 30.066801071167049 ], [ 71.924919128417969, 30.078289031982536 ], [ 72.121910095214844, 30.070579528808537 ], [ 72.128021240234375, 30.066539764404297 ], [ 72.175842285156364, 30.12078857421875 ], [ 72.174049377441463, 30.127313613891602 ], [ 72.200408935546989, 30.115070343017692 ], [ 72.207412719726619, 30.118673324585018 ], [ 72.191558837890625, 30.156047821044979 ], [ 72.197822570800781, 30.164302825927848 ], [ 72.31888580322277, 30.20789909362793 ], [ 72.330986022949219, 30.211887359619197 ], [ 72.392616271972713, 30.214870452880803 ], [ 72.399101257324276, 30.219179153442496 ], [ 72.399520874023494, 30.189470291137695 ], [ 72.404243469238338, 30.181972503662166 ], [ 72.475860595703239, 30.170413970947379 ], [ 72.507171630859318, 30.168766021728516 ], [ 72.522895812988338, 30.204488754272461 ], [ 72.531074523925781, 30.236846923828239 ], [ 72.606285095214901, 30.233819961547908 ], [ 72.624298095703125, 30.239339828491211 ], [ 72.649055480957145, 30.29046821594244 ], [ 72.658279418945312, 30.300302505493164 ], [ 72.679748535156364, 30.283029556274471 ], [ 72.694503784179688, 30.26377105712902 ], [ 72.717697143554801, 30.297519683837891 ], [ 72.721038818359375, 30.307910919189567 ], [ 72.737846374511776, 30.303007125854606 ], [ 72.756027221679801, 30.30040359497076 ], [ 72.812683105468864, 30.333631515502987 ], [ 72.836776733398438, 30.353908538818303 ], [ 72.862823486328182, 30.354957580566349 ], [ 72.870002746582031, 30.355247497558651 ], [ 72.888877868652344, 30.344743728637695 ], [ 72.880393981933707, 30.184068679809684 ], [ 72.88669586181652, 30.153341293334961 ], [ 72.876091003417969, 30.11985969543457 ], [ 72.862228393554744, 30.082485198974723 ], [ 72.86417388916027, 30.025604248046875 ], [ 72.863800048828239, 29.996139526367301 ], [ 72.890411376953125, 29.941427230834961 ], [ 72.888648986816406, 29.928924560546875 ], [ 72.828865051269588, 29.965358734130973 ], [ 72.81353759765625, 29.960723876953125 ], [ 72.801521301269531, 29.900346755981445 ], [ 72.798110961914119, 29.884853363037223 ], [ 72.752449035644474, 29.895311355590934 ], [ 72.732597351074332, 29.89237213134777 ], [ 72.732650756835938, 29.854780197143668 ], [ 72.731765747070369, 29.848295211792106 ], [ 72.689781188964901, 29.852663040161133 ], [ 72.680404663085938, 29.85280799865717 ], [ 72.592826843261719, 29.810085296630973 ] ] ] } },
{ "type": "Feature", "properties": { "GID_0": "PAK", "NAME_0": "Pakistan", "GID_1": "PAK.7_1", "NAME_1": "Punjab", "NL_NAME_1": null, "GID_2": "PAK.7.7_1", "NAME_2": "Rawalpindi", "NL_NAME_2": null, "GID_3": "PAK.7.7.1_1", "NAME_3": "Attok", "VARNAME_3": "Attock", "NL_NAME_3": null, "TYPE_3": "District", "ENGTYPE_3": "District", "CC_3": null, "HASC_3": null }, "geometry": { "type": "Polygon", "coordinates": [ [ [ 72.028984069824332, 33.709018707275447 ], [ 72.079010009765625, 33.760265350341797 ], [ 72.093963623046932, 33.771709442138672 ], [ 72.121116638183537, 33.771163940429801 ], [ 72.167076110839957, 33.759746551513729 ], [ 72.244766235351562, 33.833065032959098 ], [ 72.235664367675838, 33.875625610351619 ], [ 72.255973815917912, 33.899929046630859 ], [ 72.350486755371151, 33.933879852294922 ], [ 72.371414184570312, 33.940479278564567 ], [ 72.40146636962902, 33.97624588012701 ], [ 72.416763305664006, 33.993896484375057 ], [ 72.505638122558537, 33.992000579833984 ], [ 72.52677154541027, 33.992618560791016 ], [ 72.545005798339901, 33.956924438476619 ], [ 72.550872802734375, 33.942424774169922 ], [ 72.636116027832031, 33.935707092285213 ], [ 72.656051635742244, 33.927825927734375 ], [ 72.644638061523551, 33.913379669189567 ], [ 72.619148254394531, 33.89231109619152 ], [ 72.644134521484375, 33.870849609375057 ], [ 72.663871765136776, 33.863563537597656 ], [ 72.666038513183707, 33.815650939941349 ], [ 72.666267395019531, 33.812400817871207 ], [ 72.685218811035213, 33.787044525146541 ], [ 72.689079284668082, 33.774917602539119 ], [ 72.68259429931652, 33.749027252197266 ], [ 72.683296203613338, 33.741359710693303 ], [ 72.715332031250057, 33.712318420410156 ], [ 72.718780517578182, 33.709945678711051 ], [ 72.715988159179801, 33.659172058105526 ], [ 72.719902038574219, 33.65122222900402 ], [ 72.781105041503906, 33.641681671142635 ], [ 72.785079956054688, 33.638370513915959 ], [ 72.797439575195426, 33.579006195068473 ], [ 72.803436279296875, 33.566383361816406 ], [ 72.887298583984318, 33.507064819335938 ], [ 72.889358520507926, 33.500305175781307 ], [ 72.878013610839844, 33.471706390380859 ], [ 72.866699218749943, 33.467010498046875 ], [ 72.854255676269645, 33.47764968872076 ], [ 72.850242614746207, 33.478404998779297 ], [ 72.757591247558707, 33.457340240478629 ], [ 72.755149841308594, 33.454826354980469 ], [ 72.756698608398438, 33.408626556396541 ], [ 72.750938415527344, 33.398040771484432 ], [ 72.730300903320426, 33.396507263183651 ], [ 72.713623046875057, 33.390731811523438 ], [ 72.691917419433651, 33.368564605712947 ], [ 72.690010070800838, 33.366039276123047 ], [ 72.689270019531364, 33.329387664794922 ], [ 72.684829711914119, 33.317161560058651 ], [ 72.632904052734375, 33.277359008789176 ], [ 72.621231079101506, 33.264781951904297 ], [ 72.609474182128963, 33.203937530517578 ], [ 72.592742919921932, 33.193984985351619 ], [ 72.547172546386832, 33.210937500000057 ], [ 72.525970458984432, 33.207786560058537 ], [ 72.493247985839787, 33.182308197021598 ], [ 72.484054565429801, 33.154838562011776 ], [ 72.383575439453068, 33.129253387451286 ], [ 72.364250183105582, 33.125381469726506 ], [ 72.213050842285099, 33.133304595947209 ], [ 72.171356201171932, 33.139755249023438 ], [ 72.168594360351676, 33.111949920654297 ], [ 72.148658752441463, 33.102981567382869 ], [ 72.08184814453125, 33.113533020019645 ], [ 72.0460205078125, 33.117805480957031 ], [ 71.943000793457031, 33.186935424804801 ], [ 71.928298950195312, 33.189022064208984 ], [ 71.913772583007926, 33.141910552978516 ], [ 71.901000976562614, 33.12749099731451 ], [ 71.838562011718807, 33.103168487548771 ], [ 71.818038940429631, 33.089565277099723 ], [ 71.805580139160213, 33.036621093750057 ], [ 71.799781799316406, 33.023254394531307 ], [ 71.808891296386662, 33.002693176269645 ], [ 71.810455322265625, 32.999420166015682 ], [ 71.772941589355526, 32.99698638916027 ], [ 71.729393005371094, 33.005325317382869 ], [ 71.6944580078125, 33.037425994873047 ], [ 71.688323974609489, 33.056529998779354 ], [ 71.696441650390682, 33.052719116210881 ], [ 71.710136413574219, 33.050605773925895 ], [ 71.712005615234375, 33.092670440673771 ], [ 71.718544006347656, 33.111961364746151 ], [ 71.750167846679688, 33.141284942627067 ], [ 71.761741638183707, 33.168838500976676 ], [ 71.763641357421989, 33.190441131591854 ], [ 71.756423950195426, 33.206558227539119 ], [ 71.732276916503906, 33.22962570190424 ], [ 71.710632324218864, 33.25567626953125 ], [ 71.730789184570369, 33.313087463378906 ], [ 71.737350463867301, 33.357437133789119 ], [ 71.8446044921875, 33.40214920043951 ], [ 71.872367858886832, 33.406658172607422 ], [ 71.874580383300838, 33.431709289550724 ], [ 71.877700805664176, 33.439975738525504 ], [ 71.942474365234432, 33.488964080810661 ], [ 71.960731506347656, 33.501777648925838 ], [ 71.984489440918026, 33.584926605224723 ], [ 71.991935729980582, 33.634792327880859 ], [ 72.028984069824332, 33.709018707275447 ] ] ] } },
{ "type": "Feature", "properties": { "GID_0": "PAK", "NAME_0": "Pakistan", "GID_1": "PAK.7_1", "NAME_1": "Punjab", "NL_NAME_1": null, "GID_2": "PAK.7.7_1", "NAME_2": "Rawalpindi", "NL_NAME_2": null, "GID_3": "PAK.7.7.2_1", "NAME_3": "Chakwal", "VARNAME_3": null, "NL_NAME_3": null, "TYPE_3": "District", "ENGTYPE_3": "District", "CC_3": null, "HASC_3": null }, "geometry": { "type": "Polygon", "coordinates": [ [ [ 71.904609680175895, 32.551036834716797 ], [ 71.867034912109489, 32.733081817627067 ], [ 71.867141723632869, 32.741199493408203 ], [ 71.933982849121207, 32.795848846435661 ], [ 71.940612792968807, 32.811756134033203 ], [ 71.862678527831974, 32.894649505615348 ], [ 71.857940673828125, 32.901454925537166 ], [ 71.845306396484489, 32.960357666015739 ], [ 71.842231750488395, 32.9713134765625 ], [ 71.823448181152344, 32.989006042480412 ], [ 71.806648254394531, 32.994838714599609 ], [ 71.803955078125, 33.014141082763672 ], [ 71.799781799316406, 33.023254394531307 ], [ 71.813270568847599, 33.072704315185547 ], [ 71.818038940429631, 33.089565277099723 ], [ 71.867347717285213, 33.113395690917969 ], [ 71.901000976562614, 33.12749099731451 ], [ 71.921241760253906, 33.181705474853629 ], [ 71.928298950195312, 33.189022064208984 ], [ 72.032539367675838, 33.131706237792969 ], [ 72.0460205078125, 33.117805480957031 ], [ 72.111221313476562, 33.106811523437557 ], [ 72.148658752441463, 33.102981567382869 ], [ 72.170104980468864, 33.125850677490348 ], [ 72.171356201171932, 33.139755249023438 ], [ 72.313362121582145, 33.125011444091854 ], [ 72.364250183105582, 33.125381469726506 ], [ 72.466827392578182, 33.147449493408203 ], [ 72.484054565429801, 33.154838562011776 ], [ 72.504394531250057, 33.195594787597656 ], [ 72.525970458984432, 33.207786560058537 ], [ 72.570381164550838, 33.204311370849609 ], [ 72.592742919921932, 33.193984985351619 ], [ 72.621070861816406, 33.210250854492301 ], [ 72.653480529785156, 33.210674285888729 ], [ 72.736282348632812, 33.194072723388729 ], [ 72.787773132324219, 33.158462524414119 ], [ 72.890136718750114, 33.163597106933594 ], [ 72.911750793457031, 33.157924652099609 ], [ 72.920104980468693, 33.140853881835938 ], [ 72.91910552978527, 33.125553131103572 ], [ 72.999488830566406, 33.087638854980469 ], [ 73.016105651855469, 33.067424774169979 ], [ 73.046356201171989, 33.088069915771598 ], [ 73.071716308593864, 33.102523803710938 ], [ 73.080711364746037, 33.093799591064567 ], [ 73.089080810546989, 33.078586578369141 ], [ 73.15228271484375, 33.099876403808594 ], [ 73.190788269042969, 33.095333099365348 ], [ 73.160125732421932, 33.042903900146484 ], [ 73.159523010253906, 33.037578582763672 ], [ 73.194343566894645, 32.975776672363338 ], [ 73.194145202636832, 32.960231781005916 ], [ 73.148887634277401, 32.917778015136776 ], [ 73.145111083984432, 32.91574859619152 ], [ 73.138679504394645, 32.873382568359489 ], [ 73.137535095214957, 32.867832183837891 ], [ 73.104461669921932, 32.836093902588004 ], [ 73.103843688964844, 32.829605102539062 ], [ 73.187812805175838, 32.820640563964844 ], [ 73.209678649902344, 32.813339233398381 ], [ 73.252197265625, 32.746311187744141 ], [ 73.254829406738395, 32.742557525634822 ], [ 73.248420715332031, 32.722934722900447 ], [ 73.243301391601619, 32.720924377441463 ], [ 73.145072937011776, 32.724311828613281 ], [ 73.135986328125114, 32.725845336914062 ], [ 73.057754516601619, 32.660003662109375 ], [ 73.053726196289119, 32.659137725830021 ], [ 72.989265441894588, 32.685897827148551 ], [ 72.971305847168026, 32.685016632080192 ], [ 72.947334289550895, 32.652904510498047 ], [ 72.944099426269645, 32.651100158691463 ], [ 72.833435058593807, 32.624744415283317 ], [ 72.816764831542969, 32.619434356689567 ], [ 72.712882995605526, 32.642169952392578 ], [ 72.709968566894531, 32.644767761230469 ], [ 72.69425201416027, 32.588626861572266 ], [ 72.692077636718807, 32.585643768310661 ], [ 72.676475524902401, 32.580551147460994 ], [ 72.661743164062557, 32.579849243164176 ], [ 72.639442443847713, 32.594818115234375 ], [ 72.631141662597599, 32.595409393310661 ], [ 72.611877441406193, 32.575523376464844 ], [ 72.602142333984489, 32.567783355712891 ], [ 72.541275024414176, 32.603538513183537 ], [ 72.528518676757926, 32.611396789550781 ], [ 72.496116638183594, 32.674087524414176 ], [ 72.489479064941406, 32.678600311279297 ], [ 72.451339721679688, 32.669448852539119 ], [ 72.432456970214844, 32.658836364746207 ], [ 72.367774963378906, 32.605777740478516 ], [ 72.354606628417969, 32.602272033691463 ], [ 72.324234008789176, 32.676998138427791 ], [ 72.317077636718807, 32.682678222656364 ], [ 72.148574829101676, 32.698760986328125 ], [ 72.136581420898438, 32.702892303466854 ], [ 72.095298767089901, 32.63670730590826 ], [ 72.080947875976619, 32.624633789062557 ], [ 71.936279296875114, 32.557041168213004 ], [ 71.923576354980469, 32.547725677490348 ], [ 71.904609680175895, 32.551036834716797 ] ] ] } },
{ "type": "Feature", "properties": { "GID_0": "PAK", "NAME_0": "Pakistan", "GID_1": "PAK.7_1", "NAME_1": "Punjab", "NL_NAME_1": null, "GID_2": "PAK.7.7_1", "NAME_2": "Rawalpindi", "NL_NAME_2": null, "GID_3": "PAK.7.7.3_1", "NAME_3": "Jhelum", "VARNAME_3": null, "NL_NAME_3": null, "TYPE_3": "District", "ENGTYPE_3": "District", "CC_3": null, "HASC_3": null }, "geometry": { "type": "Polygon", "coordinates": [ [ [ 73.190788269042969, 33.095333099365348 ], [ 73.2850341796875, 33.114749908447379 ], [ 73.33628082275402, 33.123001098632869 ], [ 73.347656250000057, 33.132572174072266 ], [ 73.353515625, 33.151042938232365 ], [ 73.339530944824162, 33.167503356933707 ], [ 73.330711364746207, 33.18968582153326 ], [ 73.375518798828182, 33.217761993408317 ], [ 73.378684997558594, 33.234649658203239 ], [ 73.414306640624943, 33.23502349853527 ], [ 73.426170349121094, 33.220916748046989 ], [ 73.502746582031364, 33.240608215332031 ], [ 73.516777038574219, 33.206974029541016 ], [ 73.552581787109318, 33.26373291015625 ], [ 73.584426879882926, 33.261844635009879 ], [ 73.600677490234375, 33.234210968017578 ], [ 73.605827331542969, 33.218116760253906 ], [ 73.581268310546932, 33.120113372802848 ], [ 73.590934753417969, 33.101165771484318 ], [ 73.658454895019531, 33.083175659179801 ], [ 73.679611206054631, 33.083080291748161 ], [ 73.73239898681652, 33.04373931884777 ], [ 73.743797302246151, 33.034973144531193 ], [ 73.751060485839901, 32.995414733886776 ], [ 73.753807067871037, 32.979591369628963 ], [ 73.736839294433537, 32.951545715332088 ], [ 73.621932983398494, 32.865390777587947 ], [ 73.593719482421932, 32.837059020996094 ], [ 73.536399841308594, 32.71055984497076 ], [ 73.515998840332031, 32.685813903808651 ], [ 73.501380920410213, 32.67351150512701 ], [ 73.460960388183651, 32.65349197387701 ], [ 73.277107238769645, 32.599967956542969 ], [ 73.253562927246094, 32.580612182617301 ], [ 73.143249511718864, 32.581863403320369 ], [ 73.115097045898438, 32.579055786132869 ], [ 72.994796752929744, 32.553314208984489 ], [ 72.964736938476506, 32.547748565673771 ], [ 72.88446044921875, 32.510711669921875 ], [ 72.87744140625, 32.506412506103516 ], [ 72.796783447265682, 32.439682006836051 ], [ 72.770950317382756, 32.429641723632812 ], [ 72.659141540527457, 32.418621063232365 ], [ 72.624008178710994, 32.414527893066406 ], [ 72.618484497070369, 32.420436859130916 ], [ 72.605514526367244, 32.434307098388672 ], [ 72.601448059082031, 32.555961608886776 ], [ 72.598236083984432, 32.568695068359375 ], [ 72.627632141113338, 32.592910766601562 ], [ 72.631141662597599, 32.595409393310661 ], [ 72.680229187011719, 32.580722808838004 ], [ 72.692077636718807, 32.585643768310661 ], [ 72.702865600585881, 32.633506774902344 ], [ 72.709968566894531, 32.644767761230469 ], [ 72.813011169433651, 32.619262695312557 ], [ 72.816764831542969, 32.619434356689567 ], [ 72.926956176757926, 32.650669097900447 ], [ 72.944099426269645, 32.651100158691463 ], [ 72.968345642089957, 32.683441162109489 ], [ 72.971305847168026, 32.685016632080192 ], [ 73.053726196289119, 32.659137725830021 ], [ 73.057754516601619, 32.660003662109375 ], [ 73.133262634277401, 32.722175598144474 ], [ 73.135986328125114, 32.725845336914062 ], [ 73.248420715332031, 32.722934722900447 ], [ 73.251388549804801, 32.72474288940424 ], [ 73.219230651855469, 32.806461334228572 ], [ 73.214729309082088, 32.81047439575201 ], [ 73.108634948730526, 32.82744216918951 ], [ 73.103843688964844, 32.829605102539062 ], [ 73.125556945800781, 32.852470397949219 ], [ 73.137535095214957, 32.867832183837891 ], [ 73.139556884765682, 32.900287628173828 ], [ 73.145111083984432, 32.91574859619152 ], [ 73.192489624023438, 32.956081390380973 ], [ 73.194145202636832, 32.960231781005916 ], [ 73.162284851074332, 33.023147583007756 ], [ 73.159523010253906, 33.037578582763672 ], [ 73.190788269042969, 33.095333099365348 ] ] ] } },
{ "type": "Feature", "properties": { "GID_0": "PAK", "NAME_0": "Pakistan", "GID_1": "PAK.7_1", "NAME_1": "Punjab", "NL_NAME_1": null, "GID_2": "PAK.7.7_1", "NAME_2": "Rawalpindi", "NL_NAME_2": null, "GID_3": "PAK.7.7.4_1", "NAME_3": "Rawalpindi", "VARNAME_3": null, "NL_NAME_3": null, "TYPE_3": "District", "ENGTYPE_3": "District", "CC_3": null, "HASC_3": null }, "geometry": { "type": "Polygon", "coordinates": [ [ [ 73.584426879882926, 33.261844635009879 ], [ 73.552581787109318, 33.26373291015625 ], [ 73.525505065917912, 33.219367980957145 ], [ 73.516777038574219, 33.206974029541016 ], [ 73.502746582031364, 33.240608215332031 ], [ 73.494522094726619, 33.246768951416129 ], [ 73.436965942382926, 33.227245330810604 ], [ 73.426170349121094, 33.220916748046989 ], [ 73.396186828613224, 33.242034912109432 ], [ 73.378684997558594, 33.234649658203239 ], [ 73.354446411132812, 33.203006744384822 ], [ 73.330711364746207, 33.18968582153326 ], [ 73.339530944824162, 33.167503356933707 ], [ 73.353515625, 33.151042938232365 ], [ 73.347656250000057, 33.132572174072266 ], [ 73.33628082275402, 33.123001098632869 ], [ 73.105728149414062, 33.081809997558651 ], [ 73.089080810546989, 33.078586578369141 ], [ 73.080711364746037, 33.093799591064567 ], [ 73.071716308593864, 33.102523803710938 ], [ 73.036834716796818, 33.076152801513729 ], [ 73.016105651855469, 33.067424774169979 ], [ 72.959877014160213, 33.109836578369084 ], [ 72.91910552978527, 33.125553131103572 ], [ 72.920104980468693, 33.140853881835938 ], [ 72.911750793457031, 33.157924652099609 ], [ 72.800659179687614, 33.160812377929801 ], [ 72.787773132324219, 33.158462524414119 ], [ 72.736282348632812, 33.194072723388729 ], [ 72.69622802734375, 33.203281402588004 ], [ 72.653480529785156, 33.210674285888729 ], [ 72.609474182128963, 33.203937530517578 ], [ 72.606544494628849, 33.205142974853572 ], [ 72.620124816894531, 33.26177978515625 ], [ 72.621231079101506, 33.264781951904297 ], [ 72.670379638671989, 33.296966552734432 ], [ 72.679885864257869, 33.307491302490234 ], [ 72.686935424804744, 33.355648040771598 ], [ 72.690010070800838, 33.366039276123047 ], [ 72.710639953613395, 33.387996673583984 ], [ 72.713623046875057, 33.390731811523438 ], [ 72.748489379882812, 33.395061492919979 ], [ 72.750938415527344, 33.398040771484432 ], [ 72.755149841308594, 33.454826354980469 ], [ 72.757591247558707, 33.457340240478629 ], [ 72.86325836181652, 33.470081329345817 ], [ 72.866699218749943, 33.467010498046875 ], [ 72.888725280761776, 33.492889404296989 ], [ 72.889305114746151, 33.496360778808537 ], [ 72.8299560546875, 33.546016693115348 ], [ 72.803436279296875, 33.566383361816406 ], [ 72.789413452148551, 33.621597290039119 ], [ 72.785079956054688, 33.638370513915959 ], [ 72.724700927734432, 33.649753570556754 ], [ 72.719902038574219, 33.65122222900402 ], [ 72.719520568847656, 33.705291748046932 ], [ 72.718780517578182, 33.709945678711051 ], [ 72.686218261718864, 33.739459991455021 ], [ 72.683296203613338, 33.741359710693303 ], [ 72.689025878906307, 33.770275115966854 ], [ 72.689079284668082, 33.774917602539119 ], [ 72.670707702636776, 33.803977966308707 ], [ 72.666267395019531, 33.812400817871207 ], [ 72.664436340332088, 33.858139038086051 ], [ 72.663871765136776, 33.863563537597656 ], [ 72.669265747070426, 33.861572265625114 ], [ 72.695198059082145, 33.873443603515568 ], [ 72.740249633789006, 33.924793243408317 ], [ 72.794631958007812, 33.929676055908203 ], [ 72.795280456543026, 33.914958953857422 ], [ 72.786560058593864, 33.896827697753963 ], [ 72.827285766601562, 33.883590698242188 ], [ 72.847694396972656, 33.869499206542969 ], [ 72.827117919921932, 33.822666168212891 ], [ 72.870491027832145, 33.801605224609375 ], [ 72.834915161132812, 33.78631591796875 ], [ 72.832008361816406, 33.772071838378963 ], [ 72.863731384277401, 33.763462066650504 ], [ 72.880088806152344, 33.75444412231451 ], [ 72.856101989746151, 33.726833343505973 ], [ 72.780075073242301, 33.708061218261832 ], [ 72.777900695800838, 33.705310821533146 ], [ 72.804710388183537, 33.645259857177734 ], [ 72.827827453613281, 33.609859466552791 ], [ 72.851608276367301, 33.584659576416072 ], [ 72.858459472656364, 33.576202392578182 ], [ 72.942642211914062, 33.625938415527344 ], [ 72.948585510253906, 33.629791259765682 ], [ 73.041885375976619, 33.659198760986328 ], [ 73.057479858398438, 33.6640625 ], [ 73.098495483398438, 33.604717254638729 ], [ 73.105880737304631, 33.595783233642692 ], [ 73.103988647460938, 33.574001312255916 ], [ 73.073234558105582, 33.555915832519531 ], [ 73.054107666015682, 33.546932220459041 ], [ 73.107185363769645, 33.509674072265739 ], [ 73.163223266601619, 33.494182586669922 ], [ 73.217842102050724, 33.555984497070369 ], [ 73.245101928711051, 33.594078063964844 ], [ 73.249000549316406, 33.626502990722656 ], [ 73.24985504150402, 33.651554107666016 ], [ 73.268684387207088, 33.658218383789119 ], [ 73.28018951416027, 33.657344818115291 ], [ 73.331085205078239, 33.700408935546989 ], [ 73.333801269531364, 33.703384399414119 ], [ 73.302238464355526, 33.706195831298885 ], [ 73.265586853027344, 33.709087371826286 ], [ 73.246788024902457, 33.746505737304744 ], [ 73.244857788085994, 33.763011932373104 ], [ 73.172080993652344, 33.788742065429801 ], [ 73.145164489746207, 33.803329467773494 ], [ 73.311653137207145, 33.870059967041129 ], [ 73.334014892578125, 33.8817138671875 ], [ 73.349540710449276, 33.919136047363338 ], [ 73.375244140625, 33.934684753417969 ], [ 73.369255065918082, 33.962062835693359 ], [ 73.379562377929801, 33.975593566894588 ], [ 73.41196441650402, 33.977558135986328 ], [ 73.437553405761832, 33.983913421630916 ], [ 73.468147277832031, 34.018756866455078 ], [ 73.501960754394588, 34.024394989013786 ], [ 73.491630554199276, 33.983322143554688 ], [ 73.536361694336051, 33.921367645263786 ], [ 73.540992736816406, 33.906906127929744 ], [ 73.530105590820312, 33.830268859863338 ], [ 73.524253845214901, 33.812259674072379 ], [ 73.559448242187443, 33.758575439453239 ], [ 73.562568664550781, 33.751102447509766 ], [ 73.536026000976562, 33.665195465087947 ], [ 73.536727905273551, 33.657295227050895 ], [ 73.592262268066349, 33.560363769531307 ], [ 73.596603393554801, 33.544052124023381 ], [ 73.579704284667969, 33.520645141601562 ], [ 73.575263977050895, 33.508419036865348 ], [ 73.589393615722599, 33.482902526855526 ], [ 73.582992553710994, 33.463973999023438 ], [ 73.541862487793082, 33.409389495849666 ], [ 73.538993835449332, 33.394584655761776 ], [ 73.570037841796932, 33.330520629882869 ], [ 73.579208374023494, 33.314830780029411 ], [ 73.584426879882926, 33.261844635009879 ] ] ] } },
{ "type": "Feature", "properties": { "GID_0": "PAK", "NAME_0": "Pakistan", "GID_1": "PAK.7_1", "NAME_1": "Punjab", "NL_NAME_1": null, "GID_2": "PAK.7.8_1", "NAME_2": "Sargodha", "NL_NAME_2": null, "GID_3": "PAK.7.8.1_1", "NAME_3": "Bhakkar", "VARNAME_3": null, "NL_NAME_3": null, "TYPE_3": "District", "ENGTYPE_3": "District", "CC_3": null, "HASC_3": null }, "geometry": { "type": "Polygon", "coordinates": [ [ [ 71.750968933105469, 31.154434204101619 ], [ 71.709175109863281, 31.174114227294922 ], [ 71.678413391113395, 31.176448822021541 ], [ 71.576118469238338, 31.239301681518668 ], [ 71.502769470214844, 31.240909576416072 ], [ 71.459175109863338, 31.182647705078182 ], [ 71.432418823242188, 31.163574218750057 ], [ 71.32382965087902, 31.1531982421875 ], [ 71.296600341796875, 31.15988731384283 ], [ 71.283569335937614, 31.229703903198299 ], [ 71.2569580078125, 31.242416381836051 ], [ 71.234298706054744, 31.250427246093864 ], [ 71.177947998046875, 31.32555961608881 ], [ 71.160850524902401, 31.349494934082031 ], [ 70.984504699707145, 31.379854202270508 ], [ 70.95017242431652, 31.375980377197322 ], [ 70.935394287109432, 31.392917633056697 ], [ 70.912605285644645, 31.411603927612305 ], [ 70.882369995117244, 31.392351150512752 ], [ 70.844398498535156, 31.376003265380973 ], [ 70.826004028320426, 31.382322311401424 ], [ 70.809310913085938, 31.389499664306697 ], [ 70.845291137695256, 31.416280746460018 ], [ 70.852485656738395, 31.421085357666016 ], [ 70.857238769531307, 31.498777389526367 ], [ 70.877372741699219, 31.507678985595703 ], [ 70.853820800781364, 31.534423828125114 ], [ 70.849235534668026, 31.540876388549918 ], [ 70.859741210937614, 31.571418762207145 ], [ 70.864768981933594, 31.578529357910099 ], [ 70.859825134277344, 31.648435592651481 ], [ 70.861000061035156, 31.655099868774414 ], [ 71.0291748046875, 31.863304138183594 ], [ 71.036628723144531, 31.867187500000057 ], [ 71.038650512695426, 31.922357559204158 ], [ 71.041893005371207, 31.941659927368221 ], [ 71.056571960449332, 31.953565597534237 ], [ 71.061325073242244, 31.960678100585994 ], [ 71.064674377441406, 32.012165069580021 ], [ 71.067222595214901, 32.019283294677734 ], [ 71.097091674804688, 32.039417266845817 ], [ 71.100456237793082, 32.045383453369141 ], [ 71.115753173828068, 32.132698059082088 ], [ 71.11801910400402, 32.139129638671875 ], [ 71.156593322753906, 32.152797698974609 ], [ 71.163772583007926, 32.156452178955135 ], [ 71.174484252929801, 32.180786132812557 ], [ 71.178634643554744, 32.206981658935604 ], [ 71.234741210937614, 32.18486404418951 ], [ 71.242973327636662, 32.179862976074332 ], [ 71.273582458496151, 32.185882568359375 ], [ 71.294303894042969, 32.172798156738395 ], [ 71.422431945800895, 32.182868957519588 ], [ 71.449119567871207, 32.175952911377067 ], [ 71.520149230957031, 32.201995849609489 ], [ 71.559654235839844, 32.212520599365291 ], [ 71.604614257812443, 32.189773559570426 ], [ 71.620079040527344, 32.184429168701172 ], [ 71.714317321777344, 32.182731628418082 ], [ 71.730239868164119, 32.191703796386832 ], [ 71.750305175781364, 32.170101165771484 ], [ 71.754287719726676, 32.167022705078182 ], [ 71.751213073730526, 32.073558807373161 ], [ 71.749534606933707, 32.068016052246094 ], [ 71.711738586425838, 32.022891998291016 ], [ 71.693870544433537, 32.007854461669979 ], [ 71.692459106445369, 31.960308074951172 ], [ 71.691055297851562, 31.95522499084484 ], [ 71.602378845214844, 31.868429183959961 ], [ 71.595283508300781, 31.858097076416016 ], [ 71.680679321289176, 31.814071655273551 ], [ 71.68412017822277, 31.810768127441463 ], [ 71.715118408203182, 31.763877868652457 ], [ 71.724113464355526, 31.755615234375057 ], [ 71.730278015136832, 31.692867279052678 ], [ 71.734756469726562, 31.687459945678768 ], [ 71.885673522949276, 31.594612121582031 ], [ 71.889663696289119, 31.592229843139648 ], [ 71.922470092773494, 31.540205001831055 ], [ 71.930908203125114, 31.530096054077148 ], [ 71.977699279785156, 31.524494171142578 ], [ 71.985183715820312, 31.524715423584041 ], [ 71.959197998046875, 31.50157737731945 ], [ 71.938262939453125, 31.477308273315487 ], [ 71.944267272949332, 31.464683532714844 ], [ 71.956649780273551, 31.448944091796932 ], [ 71.979408264160099, 31.260633468627987 ], [ 71.976211547851562, 31.240495681762752 ], [ 71.959747314453239, 31.230543136596793 ], [ 71.841316223144474, 31.246078491210881 ], [ 71.799880981445426, 31.230710983276481 ], [ 71.761314392089901, 31.209268569946403 ], [ 71.750968933105469, 31.154434204101619 ] ] ] } },
{ "type": "Feature", "properties": { "GID_0": "PAK", "NAME_0": "Pakistan", "GID_1": "PAK.7_1", "NAME_1": "Punjab", "NL_NAME_1": null, "GID_2": "PAK.7.8_1", "NAME_2": "Sargodha", "NL_NAME_2": null, "GID_3": "PAK.7.8.2_1", "NAME_3": "Khushab", "VARNAME_3": null, "NL_NAME_3": null, "TYPE_3": "District", "ENGTYPE_3": "District", "CC_3": null, "HASC_3": null }, "geometry": { "type": "Polygon", "coordinates": [ [ [ 72.618484497070369, 32.420436859130916 ], [ 72.505874633789062, 32.36949539184576 ], [ 72.483039855957088, 32.363586425781193 ], [ 72.382995605468693, 32.288566589355526 ], [ 72.357635498046818, 32.273647308349723 ], [ 72.336166381835994, 32.228500366211051 ], [ 72.320053100585881, 32.203693389892578 ], [ 72.310050964355526, 32.112422943115291 ], [ 72.307594299316463, 32.088096618652401 ], [ 72.255058288574219, 32.021621704101562 ], [ 72.244338989257756, 31.999744415283317 ], [ 72.240455627441463, 31.926712036132869 ], [ 72.235481262207088, 31.914722442626953 ], [ 72.246994018554801, 31.893426895141715 ], [ 72.254219055175895, 31.872430801391658 ], [ 72.250831604003906, 31.858327865600586 ], [ 72.245002746582088, 31.842407226562557 ], [ 72.257125854492188, 31.785137176513786 ], [ 72.251853942871151, 31.771064758300838 ], [ 72.154998779296932, 31.735445022583065 ], [ 72.134376525878963, 31.735767364502067 ], [ 72.059280395507926, 31.621843338012809 ], [ 72.041114807128963, 31.604490280151424 ], [ 72.018959045410213, 31.547288894653263 ], [ 72.007301330566406, 31.535867691040039 ], [ 71.941024780273551, 31.525297164916992 ], [ 71.930908203125114, 31.530096054077148 ], [ 71.89945220947277, 31.582796096801758 ], [ 71.889663696289119, 31.592229843139648 ], [ 71.765487670898494, 31.661224365234432 ], [ 71.734756469726562, 31.687459945678768 ], [ 71.726875305175724, 31.741186141967773 ], [ 71.724113464355526, 31.755615234375057 ], [ 71.689338684082031, 31.800014495849723 ], [ 71.68412017822277, 31.810768127441463 ], [ 71.603958129882869, 31.845432281494254 ], [ 71.595283508300781, 31.858097076416016 ], [ 71.651306152343864, 31.924982070922852 ], [ 71.691055297851562, 31.95522499084484 ], [ 71.69229888916027, 31.989547729492301 ], [ 71.693870544433537, 32.007854461669979 ], [ 71.749534606933707, 32.068016052246094 ], [ 71.751213073730526, 32.073558807373161 ], [ 71.755218505859432, 32.156566619873047 ], [ 71.754287719726676, 32.167022705078182 ], [ 71.750305175781364, 32.170101165771484 ], [ 71.731269836425781, 32.188961029052848 ], [ 71.71624755859375, 32.249759674072379 ], [ 71.718742370605526, 32.277565002441349 ], [ 71.814590454101676, 32.401378631591854 ], [ 71.817634582519645, 32.408988952636662 ], [ 71.816352844238281, 32.434299468994141 ], [ 71.815063476562557, 32.438266754150334 ], [ 71.770790100097656, 32.473529815673942 ], [ 71.775772094726619, 32.485980987548828 ], [ 71.822349548339901, 32.526329040527344 ], [ 71.824539184570312, 32.530239105224609 ], [ 71.914482116699276, 32.548328399658203 ], [ 71.923576354980469, 32.547725677490348 ], [ 71.963890075683651, 32.580047607421989 ], [ 71.974678039550781, 32.585910797119141 ], [ 72.073944091796932, 32.621494293212947 ], [ 72.080947875976619, 32.624633789062557 ], [ 72.128196716308594, 32.696758270263672 ], [ 72.136581420898438, 32.702892303466854 ], [ 72.155776977539176, 32.696327209472713 ], [ 72.173629760742188, 32.689552307128849 ], [ 72.292030334472656, 32.692813873291072 ], [ 72.317077636718807, 32.682678222656364 ], [ 72.349327087402401, 32.608386993408317 ], [ 72.354606628417969, 32.602272033691463 ], [ 72.481697082519588, 32.677562713623104 ], [ 72.489479064941406, 32.678600311279297 ], [ 72.506492614746151, 32.648170471191349 ], [ 72.522514343261776, 32.644207000732536 ], [ 72.521728515625, 32.624958038330192 ], [ 72.528518676757926, 32.611396789550781 ], [ 72.590820312500057, 32.583274841308707 ], [ 72.596099853515625, 32.577159881591797 ], [ 72.604103088378906, 32.448947906494084 ], [ 72.604278564453125, 32.442214965820312 ], [ 72.618484497070369, 32.420436859130916 ] ] ] } },
{ "type": "Feature", "properties": { "GID_0": "PAK", "NAME_0": "Pakistan", "GID_1": "PAK.7_1", "NAME_1": "Punjab", "NL_NAME_1": null, "GID_2": "PAK.7.8_1", "NAME_2": "Sargodha", "NL_NAME_2": null, "GID_3": "PAK.7.8.3_1", "NAME_3": "Mianwali", "VARNAME_3": null, "NL_NAME_3": null, "TYPE_3": "District", "ENGTYPE_3": "District", "CC_3": null, "HASC_3": null }, "geometry": { "type": "Polygon", "coordinates": [ [ [ 71.242790222167912, 32.505874633789006 ], [ 71.270385742187614, 32.565792083740291 ], [ 71.262161254882869, 32.589729309082088 ], [ 71.189872741699276, 32.578697204589957 ], [ 71.171295166015625, 32.585426330566406 ], [ 71.120567321777344, 32.774341583251896 ], [ 71.123771667480412, 32.790420532226676 ], [ 71.136741638183537, 32.796356201171989 ], [ 71.1478271484375, 32.805976867675838 ], [ 71.155677795410156, 32.890094757080192 ], [ 71.157402038574219, 32.896759033203125 ], [ 71.191093444824162, 32.961940765380916 ], [ 71.209899902343807, 32.974292755126953 ], [ 71.256225585937557, 32.994606018066406 ], [ 71.280799865722656, 33.007629394531307 ], [ 71.315139770507812, 33.01142501831049 ], [ 71.320709228515682, 32.994853973388672 ], [ 71.335693359375, 32.986068725585994 ], [ 71.373603820800895, 32.989856719970817 ], [ 71.390029907226506, 32.987274169921989 ], [ 71.479904174804688, 33.023765563964844 ], [ 71.505889892578182, 33.040462493896484 ], [ 71.508720397949219, 33.04735183715826 ], [ 71.461746215820256, 33.066127777099723 ], [ 71.406349182128963, 33.207927703857422 ], [ 71.408363342285156, 33.215965270996207 ], [ 71.529365539550838, 33.216720581054801 ], [ 71.534729003906307, 33.205898284912166 ], [ 71.560447692871151, 33.22282791137701 ], [ 71.570823669433707, 33.219116210937557 ], [ 71.601165771484489, 33.186370849609489 ], [ 71.604385375976676, 33.179695129394645 ], [ 71.619728088378906, 33.10837554931652 ], [ 71.632362365722713, 33.086032867431641 ], [ 71.668342590332031, 33.065914154052848 ], [ 71.688323974609489, 33.056529998779354 ], [ 71.696495056152457, 33.029270172119197 ], [ 71.721138000488395, 33.008701324463004 ], [ 71.823448181152344, 32.989006042480412 ], [ 71.830093383789062, 32.985424041748161 ], [ 71.859718322753963, 32.914421081543082 ], [ 71.857940673828125, 32.901454925537166 ], [ 71.937744140625057, 32.817836761474609 ], [ 71.940612792968807, 32.811756134033203 ], [ 71.871604919433707, 32.755283355712891 ], [ 71.867141723632869, 32.741199493408203 ], [ 71.899040222168026, 32.555763244628963 ], [ 71.904609680175895, 32.551036834716797 ], [ 71.878654479980582, 32.531948089599609 ], [ 71.836090087890682, 32.532844543457088 ], [ 71.824539184570312, 32.530239105224609 ], [ 71.775772094726619, 32.485980987548828 ], [ 71.770790100097656, 32.473529815673942 ], [ 71.817359924316463, 32.429645538330192 ], [ 71.817634582519645, 32.408988952636662 ], [ 71.721229553222713, 32.283329010009879 ], [ 71.718742370605526, 32.277565002441349 ], [ 71.730239868164119, 32.191703796386832 ], [ 71.714317321777344, 32.182731628418082 ], [ 71.582763671875057, 32.198005676269645 ], [ 71.559654235839844, 32.212520599365291 ], [ 71.475990295410213, 32.182727813720703 ], [ 71.449119567871207, 32.175952911377067 ], [ 71.422431945800895, 32.182868957519588 ], [ 71.386878967285213, 32.188060760498047 ], [ 71.332878112792969, 32.173820495605469 ], [ 71.294303894042969, 32.172798156738395 ], [ 71.19207763671875, 32.199451446533317 ], [ 71.178634643554744, 32.206981658935604 ], [ 71.187622070312614, 32.247875213623161 ], [ 71.1915283203125, 32.253608703613338 ], [ 71.269332885742188, 32.337039947509766 ], [ 71.274620056152457, 32.343460083007869 ], [ 71.33514404296875, 32.356830596923828 ], [ 71.345726013183707, 32.370128631591911 ], [ 71.348495483398438, 32.419319152832031 ], [ 71.335441589355582, 32.429248809814567 ], [ 71.361984252929801, 32.492843627929744 ], [ 71.361885070800838, 32.508018493652344 ], [ 71.338630676269588, 32.513610839843807 ], [ 71.336891174316463, 32.528560638427791 ], [ 71.28470611572277, 32.500911712646541 ], [ 71.269515991210938, 32.491996765136719 ], [ 71.242790222167912, 32.505874633789006 ] ] ] } },
{ "type": "Feature", "properties": { "GID_0": "PAK", "NAME_0": "Pakistan", "GID_1": "PAK.7_1", "NAME_1": "Punjab", "NL_NAME_1": null, "GID_2": "PAK.7.8_1", "NAME_2": "Sargodha", "NL_NAME_2": null, "GID_3": "PAK.7.8.4_1", "NAME_3": "Sargodha", "VARNAME_3": null, "NL_NAME_3": null, "TYPE_3": "District", "ENGTYPE_3": "District", "CC_3": null, "HASC_3": null }, "geometry": { "type": "Polygon", "coordinates": [ [ [ 72.618484497070369, 32.420436859130916 ], [ 72.761566162109489, 32.428859710693473 ], [ 72.770950317382756, 32.429641723632812 ], [ 72.87744140625, 32.506412506103516 ], [ 72.88446044921875, 32.510711669921875 ], [ 72.95743560791027, 32.542293548584041 ], [ 72.964736938476506, 32.547748565673771 ], [ 73.152084350585938, 32.581726074218807 ], [ 73.161888122558651, 32.581638336181754 ], [ 73.176994323730582, 32.561382293701229 ], [ 73.177658081054688, 32.550697326660099 ], [ 73.118835449218864, 32.473648071289006 ], [ 73.116989135742188, 32.455345153808594 ], [ 73.071716308593864, 32.453498840332088 ], [ 73.056159973144531, 32.451652526855582 ], [ 73.031211853027401, 32.427211761474609 ], [ 73.026840209960994, 32.420783996582145 ], [ 73.066528320312557, 32.362384796142578 ], [ 73.068840026855582, 32.354690551757812 ], [ 73.051658630371207, 32.309478759765625 ], [ 73.0496826171875, 32.301620483398438 ], [ 73.056976318359432, 32.285495758056641 ], [ 73.078941345214957, 32.285617828369254 ], [ 73.099182128906364, 32.297832489013786 ], [ 73.119293212890625, 32.237186431884879 ], [ 73.123771667480582, 32.231781005859489 ], [ 73.141372680664062, 32.226169586181584 ], [ 73.148635864257812, 32.228610992431754 ], [ 73.187255859375057, 32.253997802734432 ], [ 73.198707580566463, 32.249408721923942 ], [ 73.218063354492188, 32.192024230957088 ], [ 73.214935302734489, 32.177917480468807 ], [ 73.273864746093864, 32.116207122802791 ], [ 73.274528503417969, 32.112045288085938 ], [ 73.256729125976676, 32.095588684082145 ], [ 73.236236572265682, 32.085002899170036 ], [ 73.223121643066463, 32.043437957763615 ], [ 73.203575134277344, 32.022396087646541 ], [ 73.206352233886832, 31.988471984863281 ], [ 73.202293395996151, 31.964403152465934 ], [ 73.1846923828125, 31.948898315429801 ], [ 73.177871704101619, 31.939258575439567 ], [ 73.180229187011832, 31.91416168212902 ], [ 73.174331665039176, 31.892904281616268 ], [ 73.150039672851619, 31.877737045288029 ], [ 73.135246276855582, 31.868188858032283 ], [ 73.111953735351676, 31.915225982666129 ], [ 73.098648071289062, 31.921697616577205 ], [ 72.933135986328125, 31.962099075317496 ], [ 72.923835754394588, 31.967348098754883 ], [ 72.919883728027457, 31.951631546020621 ], [ 72.940864562988395, 31.937845230102596 ], [ 72.946411132812614, 31.931726455688533 ], [ 72.913581848144645, 31.919706344604435 ], [ 72.896606445312614, 31.911617279052848 ], [ 72.871299743652344, 31.921989440918082 ], [ 72.864280700683594, 31.917459487915153 ], [ 72.866554260253906, 31.906749725341797 ], [ 72.874725341796875, 31.89664459228527 ], [ 72.931350708007926, 31.885087966918888 ], [ 72.956077575683651, 31.871475219726676 ], [ 72.946258544921875, 31.836126327514762 ], [ 72.939987182617188, 31.82740592956543 ], [ 72.91363525390625, 31.839883804321232 ], [ 72.895133972167969, 31.838314056396541 ], [ 72.86362457275402, 31.86618614196783 ], [ 72.846199035644588, 31.86437034606945 ], [ 72.833335876464844, 31.842990875244141 ], [ 72.822448730468693, 31.829236984253043 ], [ 72.755546569824219, 31.832366943359489 ], [ 72.745613098144531, 31.830432891845703 ], [ 72.643272399902401, 31.785154342651424 ], [ 72.635704040527457, 31.779935836791992 ], [ 72.553314208984489, 31.765672683715934 ], [ 72.532386779785156, 31.762517929077262 ], [ 72.531562805175895, 31.740253448486385 ], [ 72.515693664550895, 31.734699249267578 ], [ 72.497978210449332, 31.73126411437994 ], [ 72.498359680175895, 31.71942329406744 ], [ 72.494926452636832, 31.702304840087947 ], [ 72.460365295410213, 31.679639816284237 ], [ 72.439735412597713, 31.658380508422908 ], [ 72.315963745117244, 31.612043380737248 ], [ 72.289596557617188, 31.602243423461914 ], [ 72.230117797851619, 31.557922363281193 ], [ 72.218353271484489, 31.559497833252067 ], [ 72.218856811523494, 31.599168777465763 ], [ 72.213066101074219, 31.606916427612305 ], [ 72.280120849609432, 31.636270523071346 ], [ 72.286064147949332, 31.640354156494197 ], [ 72.280845642089901, 31.671993255615291 ], [ 72.281478881836051, 31.679409027099666 ], [ 72.302085876464957, 31.678623199462891 ], [ 72.3115234375, 31.683582305908203 ], [ 72.327865600586051, 31.70537185668951 ], [ 72.331703186035156, 31.711809158325252 ], [ 72.325820922851562, 31.733713150024471 ], [ 72.316322326660213, 31.744535446167049 ], [ 72.264366149902287, 31.765300750732536 ], [ 72.251853942871151, 31.771064758300838 ], [ 72.246994018554801, 31.893426895141715 ], [ 72.235481262207088, 31.914722442626953 ], [ 72.240455627441463, 31.926712036132869 ], [ 72.249488830566349, 31.941884994506836 ], [ 72.243354797363395, 31.985837936401481 ], [ 72.244338989257756, 31.999744415283317 ], [ 72.271324157714901, 32.036914825439567 ], [ 72.307594299316463, 32.088096618652401 ], [ 72.313346862793082, 32.139984130859432 ], [ 72.320053100585881, 32.203693389892578 ], [ 72.348358154296932, 32.260101318359432 ], [ 72.357635498046818, 32.273647308349723 ], [ 72.46805572509777, 32.343631744384879 ], [ 72.483039855957088, 32.363586425781193 ], [ 72.618484497070369, 32.420436859130916 ] ] ] } },
{ "type": "Feature", "properties": { "GID_0": "PAK", "NAME_0": "Pakistan", "GID_1": "PAK.8_1", "NAME_1": "Sind", "NL_NAME_1": null, "GID_2": "PAK.8.1_1", "NAME_2": "Hyderabad", "NL_NAME_2": null, "GID_3": "PAK.8.1.1_1", "NAME_3": "Badin", "VARNAME_3": null, "NL_NAME_3": null, "TYPE_3": "District", "ENGTYPE_3": "District", "CC_3": null, "HASC_3": null }, "geometry": { "type": "Polygon", "coordinates": [ [ [ 68.771492004394531, 24.293134689331168 ], [ 68.768257141113281, 24.328342437744197 ], [ 68.761123657226676, 24.339082717895508 ], [ 68.588134765624943, 24.345396041870231 ], [ 68.575210571289062, 24.354200363159123 ], [ 68.563377380371094, 24.389804840088004 ], [ 68.557212829589957, 24.412567138671989 ], [ 68.503341674804744, 24.432046890258846 ], [ 68.489089965820426, 24.44290924072277 ], [ 68.486633300781364, 24.499900817871151 ], [ 68.47537994384777, 24.532743453979492 ], [ 68.398475646972713, 24.568952560424918 ], [ 68.387184143066463, 24.583322525024528 ], [ 68.383926391601562, 24.63152885437006 ], [ 68.374923706054688, 24.64593505859375 ], [ 68.387138366699219, 24.665288925170842 ], [ 68.387413024902401, 24.694616317749137 ], [ 68.374687194824332, 24.765764236450195 ], [ 68.366668701171989, 24.781110763549805 ], [ 68.374656677246207, 24.806863784790153 ], [ 68.375579833984432, 24.810571670532227 ], [ 68.395545959472656, 24.835126876831112 ], [ 68.408798217773551, 24.843875885009822 ], [ 68.441452026367301, 24.849002838134822 ], [ 68.444183349609375, 24.851585388183651 ], [ 68.468811035156307, 24.902763366699332 ], [ 68.470237731933707, 24.906480789184513 ], [ 68.483573913574332, 24.91176795959484 ], [ 68.493057250976619, 24.908683776855582 ], [ 68.552154541015625, 24.863424301147575 ], [ 68.567138671875114, 24.863656997680721 ], [ 68.617530822753906, 24.931169509887752 ], [ 68.633636474609432, 24.937654495239315 ], [ 68.730445861816406, 24.928539276123104 ], [ 68.7396240234375, 24.937456130981502 ], [ 68.738212585449332, 24.963064193725586 ], [ 68.733062744140739, 24.975683212280273 ], [ 68.651321411132812, 25.100597381591854 ], [ 68.649749755859318, 25.104379653930721 ], [ 68.714530944824276, 25.12547492980957 ], [ 68.718536376953182, 25.12784576416027 ], [ 68.697425842285099, 25.178544998169002 ], [ 68.700393676757869, 25.182054519653434 ], [ 68.804656982421875, 25.189449310302734 ], [ 68.808944702148494, 25.190902709960994 ], [ 68.838577270507756, 25.245161056518555 ], [ 68.841567993164176, 25.247516632080192 ], [ 68.961669921875057, 25.251926422119254 ], [ 68.988006591796932, 25.255577087402401 ], [ 68.99444580078125, 25.13167762756359 ], [ 68.996322631835938, 25.128013610839957 ], [ 69.12451171875, 25.063972473144474 ], [ 69.127357482910156, 25.061939239502067 ], [ 69.156990051269588, 25.035846710205021 ], [ 69.160652160644588, 25.031747817993278 ], [ 69.199707031250057, 24.954774856567383 ], [ 69.201324462890739, 24.951105117797795 ], [ 69.297554016113338, 24.963424682617301 ], [ 69.301437377929801, 24.962129592895621 ], [ 69.338607788085994, 24.869197845458984 ], [ 69.3387451171875, 24.863887786865291 ], [ 69.338111877441349, 24.768289566040096 ], [ 69.336898803710994, 24.759569168090934 ], [ 69.267120361328239, 24.741554260253963 ], [ 69.258346557617301, 24.736801147460994 ], [ 69.286811828613281, 24.726621627807674 ], [ 69.299377441406364, 24.722200393676871 ], [ 69.257644653320312, 24.683914184570369 ], [ 69.250869750976619, 24.670417785644588 ], [ 69.264656066894645, 24.607828140258789 ], [ 69.257759094238395, 24.589250564575309 ], [ 69.232086181640625, 24.599472045898494 ], [ 69.223236083984489, 24.597717285156307 ], [ 69.232490539550781, 24.583314895629996 ], [ 69.243919372558594, 24.573795318603572 ], [ 69.231338500976562, 24.538503646850586 ], [ 69.2340087890625, 24.523536682128963 ], [ 69.130599975585938, 24.472055435180721 ], [ 69.123283386230582, 24.469863891601562 ], [ 69.090431213378963, 24.422248840332088 ], [ 69.083183288574276, 24.41751861572277 ], [ 69.089500427246151, 24.39891433715826 ], [ 69.091476440429801, 24.391096115112362 ], [ 69.068374633789176, 24.319620132446289 ], [ 69.066696166992131, 24.305740356445369 ], [ 69.111412048339901, 24.266031265258789 ], [ 69.114639282226619, 24.26342964172369 ], [ 69.092926025390682, 24.269083023071289 ], [ 69.085441589355469, 24.268278121948299 ], [ 68.997009277343807, 24.225990295410213 ], [ 68.986282348632869, 24.226331710815487 ], [ 68.947807312011832, 24.275655746459961 ], [ 68.94724273681652, 24.276626586914006 ], [ 68.933601379394531, 24.268571853637752 ], [ 68.921966552734375, 24.258649826049748 ], [ 68.890991210937614, 24.195938110351506 ], [ 68.887542724609489, 24.195850372314396 ], [ 68.852531433105469, 24.205711364746094 ], [ 68.847724914550724, 24.208379745483455 ], [ 68.832054138183707, 24.299327850341854 ], [ 68.826354980468864, 24.308395385742244 ], [ 68.771492004394531, 24.293134689331168 ] ] ] } },
{ "type": "Feature", "properties": { "GID_0": "PAK", "NAME_0": "Pakistan", "GID_1": "PAK.8_1", "NAME_1": "Sind", "NL_NAME_1": null, "GID_2": "PAK.8.1_1", "NAME_2": "Hyderabad", "NL_NAME_2": null, "GID_3": "PAK.8.1.2_1", "NAME_3": "Dadu", "VARNAME_3": null, "NL_NAME_3": null, "TYPE_3": "District", "ENGTYPE_3": "District", "CC_3": null, "HASC_3": null }, "geometry": { "type": "Polygon", "coordinates": [ [ [ 67.920845031738338, 26.539817810058651 ], [ 67.929687500000114, 26.481538772583121 ], [ 67.927597045898551, 26.463958740234489 ], [ 67.900077819824276, 26.376253128051871 ], [ 67.897331237792969, 26.354274749755916 ], [ 67.912605285644531, 26.303024291992188 ], [ 67.913635253906307, 26.300407409668026 ], [ 67.836532592773494, 26.247514724731559 ], [ 67.799034118652457, 26.227062225341854 ], [ 67.584297180175724, 26.213428497314567 ], [ 67.553619384765625, 26.213428497314567 ], [ 67.376373291015739, 26.247514724731559 ], [ 67.352035522460938, 26.247514724731559 ], [ 67.200019836425781, 26.511514663696232 ], [ 67.176994323730526, 26.577884674072379 ], [ 67.158340454101676, 26.68580436706543 ], [ 67.154647827148494, 26.707761764526424 ], [ 67.159858703613395, 26.752635955810661 ], [ 67.179214477539062, 26.771408081054801 ], [ 67.17730712890625, 26.796546936035213 ], [ 67.164772033691463, 26.930038452148494 ], [ 67.174644470214844, 27.042177200317383 ], [ 67.186820983886719, 27.093162536621207 ], [ 67.168525695800781, 27.24365043640131 ], [ 67.144218444824332, 27.300304412841797 ], [ 67.161567687988338, 27.347908020019588 ], [ 67.188209533691406, 27.379722595214844 ], [ 67.202575683593807, 27.454755783081168 ], [ 67.204788208007812, 27.472816467285156 ], [ 67.274024963378906, 27.423311233520565 ], [ 67.275650024414176, 27.419412612914982 ], [ 67.323478698730526, 27.407688140869141 ], [ 67.333091735839957, 27.39929389953619 ], [ 67.3690185546875, 27.395698547363395 ], [ 67.381568908691406, 27.391736984252987 ], [ 67.405860900878963, 27.416128158569336 ], [ 67.41452789306652, 27.415107727050895 ], [ 67.533050537109375, 27.341218948364258 ], [ 67.539955139160213, 27.339710235595817 ], [ 67.784751892089957, 27.307731628418082 ], [ 67.789588928222656, 27.307344436645565 ], [ 67.974319458007926, 27.308834075927678 ], [ 67.977424621582031, 27.306573867797908 ], [ 67.952461242675781, 27.228605270385742 ], [ 67.953063964843807, 27.224920272827262 ], [ 68.03458404541027, 27.146991729736385 ], [ 68.034675598144531, 27.143529891967773 ], [ 68.006156921386832, 27.105218887329215 ], [ 67.989730834960994, 27.091571807861442 ], [ 67.935745239257869, 27.06556510925293 ], [ 67.929817199707088, 27.058776855468807 ], [ 67.998771667480412, 27.015518188476676 ], [ 67.996665954589787, 26.998397827148551 ], [ 67.951538085937557, 26.973915100097713 ], [ 67.948020935058707, 26.972244262695426 ], [ 67.953681945800838, 26.939313888549862 ], [ 67.952255249023438, 26.935365676879883 ], [ 67.928344726562614, 26.92621994018549 ], [ 67.912902832031364, 26.923902511596737 ], [ 67.913208007812557, 26.861564636230526 ], [ 67.912300109863338, 26.85716438293457 ], [ 67.875541687011832, 26.823574066162223 ], [ 67.86431884765625, 26.815088272094783 ], [ 67.85784912109375, 26.749412536621151 ], [ 67.857910156250057, 26.726785659790096 ], [ 67.875434875488338, 26.667026519775391 ], [ 67.875373840332031, 26.649246215820369 ], [ 67.836372375488338, 26.613775253295955 ], [ 67.831832885742301, 26.602390289306641 ], [ 67.866546630859489, 26.556289672851506 ], [ 67.8681640625, 26.552621841430721 ], [ 67.920845031738338, 26.539817810058651 ] ] ] } },
{ "type": "Feature", "properties": { "GID_0": "PAK", "NAME_0": "Pakistan", "GID_1": "PAK.8_1", "NAME_1": "Sind", "NL_NAME_1": null, "GID_2": "PAK.8.1_1", "NAME_2": "Hyderabad", "NL_NAME_2": null, "GID_3": "PAK.8.1.3_1", "NAME_3": "Hyderabad", "VARNAME_3": null, "NL_NAME_3": null, "TYPE_3": "District", "ENGTYPE_3": "District", "CC_3": null, "HASC_3": null }, "geometry": { "type": "Polygon", "coordinates": [ [ [ 68.352539062500114, 25.142927169799805 ], [ 68.364387512207145, 25.152351379394531 ], [ 68.351387023925895, 25.274522781372127 ], [ 68.356872558593807, 25.293323516845817 ], [ 68.321098327636832, 25.436832427978516 ], [ 68.3218994140625, 25.475635528564567 ], [ 68.378921508789062, 25.53216743469244 ], [ 68.393600463867188, 25.544633865356559 ], [ 68.392440795898381, 25.610420227050895 ], [ 68.400558471679744, 25.631095886230469 ], [ 68.55472564697277, 25.722522735595703 ], [ 68.57293701171875, 25.731628417968807 ], [ 68.60794830322277, 25.701282501220817 ], [ 68.613105773925895, 25.698360443115291 ], [ 68.676849365234375, 25.676914215087891 ], [ 68.687591552734432, 25.651849746704215 ], [ 68.687591552734432, 25.623580932617301 ], [ 68.662147521972599, 25.586830139160156 ], [ 68.656494140625057, 25.507677078247013 ], [ 68.656494140625057, 25.470928192138672 ], [ 68.662147521972599, 25.445486068725643 ], [ 68.684761047363338, 25.422870635986328 ], [ 68.690414428710938, 25.357852935791016 ], [ 68.701721191406307, 25.329582214355526 ], [ 68.772392272949162, 25.224988937377987 ], [ 68.783813476562614, 25.187461853027401 ], [ 68.715034484863281, 25.185977935791016 ], [ 68.703613281250057, 25.185106277465934 ], [ 68.697425842285099, 25.178544998169002 ], [ 68.696876525878906, 25.160066604614315 ], [ 68.714530944824276, 25.135404586792106 ], [ 68.718536376953182, 25.12784576416027 ], [ 68.608093261718807, 25.085498809814453 ], [ 68.582931518554801, 25.080465316772575 ], [ 68.545181274414176, 25.082981109619141 ], [ 68.50492095947277, 25.085498809814453 ], [ 68.352539062500114, 25.142927169799805 ] ] ] } },
{ "type": "Feature", "properties": { "GID_0": "PAK", "NAME_0": "Pakistan", "GID_1": "PAK.8_1", "NAME_1": "Sind", "NL_NAME_1": null, "GID_2": "PAK.8.1_1", "NAME_2": "Hyderabad", "NL_NAME_2": null, "GID_3": "PAK.8.1.4_1", "NAME_3": "Jamshoro", "VARNAME_3": null, "NL_NAME_3": null, "TYPE_3": "District", "ENGTYPE_3": "District", "CC_3": null, "HASC_3": null }, "geometry": { "type": "Polygon", "coordinates": [ [ [ 68.356872558593807, 25.293323516845817 ], [ 68.25070953369152, 25.285886764526481 ], [ 68.237907409668082, 25.289382934570426 ], [ 68.185119628906193, 25.316728591919059 ], [ 68.113853454589901, 25.401050567627067 ], [ 68.088180541992301, 25.421201705932617 ], [ 68.019165039062614, 25.426822662353629 ], [ 67.970336914062614, 25.408054351806697 ], [ 67.926803588867301, 25.360506057739315 ], [ 67.914169311523494, 25.34783935546875 ], [ 67.927124023437557, 25.317794799804801 ], [ 67.919685363769588, 25.300361633300781 ], [ 67.855583190917969, 25.24233436584484 ], [ 67.841094970703125, 25.222482681274528 ], [ 67.829856872558651, 25.124177932739315 ], [ 67.819587707519588, 25.108085632324219 ], [ 67.798797607421932, 25.096218109130916 ], [ 67.777664184570426, 25.087575912475529 ], [ 67.734390258789176, 25.019943237304688 ], [ 67.720680236816349, 25.009571075439453 ], [ 67.664604187011662, 25.026016235351506 ], [ 67.649887084961051, 25.024864196777457 ], [ 67.623794555664062, 24.991439819336051 ], [ 67.609161376953125, 24.97735786437994 ], [ 67.498146057128906, 24.995256423950252 ], [ 67.492553710937443, 24.996534347534237 ], [ 67.459426879882812, 25.099248886108398 ], [ 67.453170776367244, 25.105386734008903 ], [ 67.269104003906307, 25.188182830810661 ], [ 67.268150329589901, 25.195556640625114 ], [ 67.291305541992301, 25.254795074463004 ], [ 67.303268432617244, 25.274145126342773 ], [ 67.350349426269588, 25.312051773071346 ], [ 67.363739013671932, 25.325189590454102 ], [ 67.391883850097656, 25.378040313720703 ], [ 67.400352478027401, 25.404726028442383 ], [ 67.405364990234489, 25.618381500244141 ], [ 67.405158996582145, 25.626459121704215 ], [ 67.396804809570256, 25.645261764526481 ], [ 67.389007568359375, 25.652067184448299 ], [ 67.352195739746094, 25.640411376953125 ], [ 67.336029052734375, 25.633922576904354 ], [ 67.345939636230469, 25.67679595947277 ], [ 67.358352661132869, 25.708621978759766 ], [ 67.413673400878963, 25.802301406860465 ], [ 67.463020324707031, 25.840705871582031 ], [ 67.458908081054744, 25.902751922607422 ], [ 67.438484191894588, 25.946765899658317 ], [ 67.455047607421875, 26.065471649169922 ], [ 67.454429626464844, 26.089937210083121 ], [ 67.361083984375114, 26.233255386352539 ], [ 67.352035522460938, 26.247514724731559 ], [ 67.376373291015739, 26.247514724731559 ], [ 67.430915832519645, 26.24410438537592 ], [ 67.522941589355469, 26.216836929321289 ], [ 67.553619384765625, 26.213428497314567 ], [ 67.669509887695426, 26.220245361328125 ], [ 67.727455139160213, 26.220245361328125 ], [ 67.768356323242131, 26.223653793334961 ], [ 67.799034118652457, 26.227062225341854 ], [ 67.887657165527401, 26.288415908813477 ], [ 67.913635253906307, 26.300407409668026 ], [ 67.932945251464957, 26.262472152710075 ], [ 67.935302734375, 26.259737014770451 ], [ 68.025733947753963, 26.181255340576172 ], [ 68.044860839843807, 26.158695220947209 ], [ 68.104118347167969, 26.127061843872127 ], [ 68.108001708984489, 26.124351501464901 ], [ 68.185256958007926, 26.024190902710018 ], [ 68.189155578613281, 26.020557403564567 ], [ 68.271492004394645, 25.990898132324332 ], [ 68.28985595703125, 25.981649398803768 ], [ 68.255889892578125, 25.944707870483512 ], [ 68.259216308593807, 25.903429031372184 ], [ 68.328788757324219, 25.8359375 ], [ 68.337539672851562, 25.821525573730582 ], [ 68.311470031738338, 25.736845016479435 ], [ 68.313140869140625, 25.731098175048828 ], [ 68.426658630371151, 25.694536209106559 ], [ 68.448471069336051, 25.676172256469783 ], [ 68.447219848632812, 25.67012977600109 ], [ 68.444396972656307, 25.65648460388195 ], [ 68.417274475097656, 25.64359283447277 ], [ 68.400558471679744, 25.631095886230469 ], [ 68.390869140625114, 25.572067260742301 ], [ 68.393600463867188, 25.544633865356559 ], [ 68.335380554199332, 25.4952392578125 ], [ 68.3218994140625, 25.475635528564567 ], [ 68.325523376464844, 25.392568588256779 ], [ 68.330322265625, 25.36378288269043 ], [ 68.356872558593807, 25.293323516845817 ] ] ] } },
{ "type": "Feature", "properties": { "GID_0": "PAK", "NAME_0": "Pakistan", "GID_1": "PAK.8_1", "NAME_1": "Sind", "NL_NAME_1": null, "GID_2": "PAK.8.1_1", "NAME_2": "Hyderabad", "NL_NAME_2": null, "GID_3": "PAK.8.1.5_1", "NAME_3": "Matiari", "VARNAME_3": null, "NL_NAME_3": null, "TYPE_3": "District", "ENGTYPE_3": "District", "CC_3": null, "HASC_3": null }, "geometry": { "type": "Polygon", "coordinates": [ [ [ 68.28985595703125, 25.981649398803768 ], [ 68.338768005371151, 26.074144363403434 ], [ 68.340202331542969, 26.077859878540096 ], [ 68.387496948242188, 26.106996536254883 ], [ 68.402893066406364, 26.10123252868658 ], [ 68.462150573730526, 26.019264221191463 ], [ 68.467979431152287, 26.0098876953125 ], [ 68.503623962402457, 26.007440567016602 ], [ 68.510215759277401, 26.008005142211914 ], [ 68.490417480468807, 25.94674110412592 ], [ 68.489578247070312, 25.94078445434576 ], [ 68.457794189453182, 25.92037391662609 ], [ 68.455650329589901, 25.914567947387695 ], [ 68.5269775390625, 25.878042221069336 ], [ 68.53057861328125, 25.876251220703182 ], [ 68.524543762207088, 25.853528976440543 ], [ 68.523101806640568, 25.850503921508846 ], [ 68.544754028320369, 25.798198699951286 ], [ 68.542533874511832, 25.795623779296989 ], [ 68.575363159179631, 25.783897399902401 ], [ 68.577964782714901, 25.781398773193473 ], [ 68.554733276367301, 25.748359680175781 ], [ 68.57293701171875, 25.731628417968807 ], [ 68.526458740234432, 25.705560684204158 ], [ 68.498184204101619, 25.680118560791129 ], [ 68.455780029296875, 25.66881179809576 ], [ 68.447219848632812, 25.67012977600109 ], [ 68.448471069336051, 25.676172256469783 ], [ 68.426658630371151, 25.694536209106559 ], [ 68.36041259765625, 25.711053848266602 ], [ 68.313140869140625, 25.731098175048828 ], [ 68.335472106933594, 25.792633056640625 ], [ 68.337539672851562, 25.821525573730582 ], [ 68.289375305175838, 25.876653671264592 ], [ 68.259216308593807, 25.903429031372184 ], [ 68.255889892578125, 25.944707870483512 ], [ 68.28985595703125, 25.981649398803768 ] ] ] } },
{ "type": "Feature", "properties": { "GID_0": "PAK", "NAME_0": "Pakistan", "GID_1": "PAK.8_1", "NAME_1": "Sind", "NL_NAME_1": null, "GID_2": "PAK.8.1_1", "NAME_2": "Hyderabad", "NL_NAME_2": null, "GID_3": "PAK.8.1.6_1", "NAME_3": "Tando Allahyar", "VARNAME_3": null, "NL_NAME_3": null, "TYPE_3": "District", "ENGTYPE_3": "District", "CC_3": null, "HASC_3": null }, "geometry": { "type": "Polygon", "coordinates": [ [ [ 68.366668701171989, 24.781110763549805 ], [ 68.303283691406307, 24.85539436340332 ], [ 68.277404785156364, 24.883853912353516 ], [ 68.276054382324332, 24.907154083251953 ], [ 68.301216125488395, 24.927171707153377 ], [ 68.319114685058651, 24.952848434448299 ], [ 68.272499084472656, 25.037553787231445 ], [ 68.277030944824332, 25.079416275024528 ], [ 68.343963623046989, 25.136102676391715 ], [ 68.352539062500114, 25.142927169799805 ], [ 68.459625244140625, 25.098079681396484 ], [ 68.50492095947277, 25.085498809814453 ], [ 68.545181274414176, 25.082981109619141 ], [ 68.582931518554801, 25.080465316772575 ], [ 68.64835357666027, 25.100597381591854 ], [ 68.651321411132812, 25.100597381591854 ], [ 68.740791320800781, 24.951559066772575 ], [ 68.741546630859375, 24.941642761230526 ], [ 68.7396240234375, 24.937456130981502 ], [ 68.730445861816406, 24.928539276123104 ], [ 68.633636474609432, 24.937654495239315 ], [ 68.617530822753906, 24.931169509887752 ], [ 68.571166992187443, 24.865335464477539 ], [ 68.567138671875114, 24.863656997680721 ], [ 68.483573913574332, 24.91176795959484 ], [ 68.480018615722656, 24.911712646484489 ], [ 68.444183349609375, 24.851585388183651 ], [ 68.441452026367301, 24.849002838134822 ], [ 68.390090942382869, 24.829961776733398 ], [ 68.387359619140625, 24.8271484375 ], [ 68.366668701171989, 24.781110763549805 ] ] ] } },
{ "type": "Feature", "properties": { "GID_0": "PAK", "NAME_0": "Pakistan", "GID_1": "PAK.8_1", "NAME_1": "Sind", "NL_NAME_1": null, "GID_2": "PAK.8.1_1", "NAME_2": "Hyderabad", "NL_NAME_2": null, "GID_3": "PAK.8.1.7_1", "NAME_3": "Tando M. Khan", "VARNAME_3": null, "NL_NAME_3": null, "TYPE_3": "District", "ENGTYPE_3": "District", "CC_3": null, "HASC_3": null }, "geometry": { "type": "Polygon", "coordinates": [ [ [ 68.676849365234375, 25.676914215087891 ], [ 68.768852233886776, 25.730339050293026 ], [ 68.791793823242301, 25.73785400390625 ], [ 68.894081115722599, 25.703195571899414 ], [ 68.905212402343807, 25.695056915283203 ], [ 68.923728942871151, 25.646163940429688 ], [ 68.923858642578125, 25.641317367553711 ], [ 68.903686523437557, 25.504314422607422 ], [ 68.904037475585938, 25.500625610351562 ], [ 68.969192504882926, 25.406511306762752 ], [ 68.980583190918026, 25.378288269043082 ], [ 68.987922668456974, 25.259031295776481 ], [ 68.988006591796932, 25.255577087402401 ], [ 68.857772827148494, 25.249847412109432 ], [ 68.841567993164176, 25.247516632080192 ], [ 68.820098876953125, 25.201927185058594 ], [ 68.81815338134777, 25.198665618896541 ], [ 68.788467407226562, 25.186428070068416 ], [ 68.783813476562614, 25.187461853027401 ], [ 68.738471984863281, 25.290006637573242 ], [ 68.701721191406307, 25.329582214355526 ], [ 68.690414428710938, 25.394601821899414 ], [ 68.684761047363338, 25.422870635986328 ], [ 68.662147521972599, 25.445486068725643 ], [ 68.656494140625057, 25.470928192138672 ], [ 68.662147521972599, 25.586830139160156 ], [ 68.687591552734432, 25.623580932617301 ], [ 68.676849365234375, 25.676914215087891 ] ] ] } },
{ "type": "Feature", "properties": { "GID_0": "PAK", "NAME_0": "Pakistan", "GID_1": "PAK.8_1", "NAME_1": "Sind", "NL_NAME_1": null, "GID_2": "PAK.8.1_1", "NAME_2": "Hyderabad", "NL_NAME_2": null, "GID_3": "PAK.8.1.8_1", "NAME_3": "Thatta", "VARNAME_3": null, "NL_NAME_3": null, "TYPE_3": "District", "ENGTYPE_3": "District", "CC_3": null, "HASC_3": null }, "geometry": null },
{ "type": "Feature", "properties": { "GID_0": "PAK", "NAME_0": "Pakistan", "GID_1": "PAK.8_1", "NAME_1": "Sind", "NL_NAME_1": null, "GID_2": "PAK.8.2_1", "NAME_2": "Karachi", "NL_NAME_2": null, "GID_3": "PAK.8.2.1_1", "NAME_3": "Karachi Central", "VARNAME_3": null, "NL_NAME_3": null, "TYPE_3": "District", "ENGTYPE_3": "District", "CC_3": null, "HASC_3": null }, "geometry": { "type": "Polygon", "coordinates": [ [ [ 67.018547058105582, 24.895435333252067 ], [ 67.005317687988338, 24.956186294555721 ], [ 67.014122009277401, 24.979873657226562 ], [ 67.033493041992188, 24.997724533081168 ], [ 67.062080383300781, 24.993087768554688 ], [ 67.071151733398494, 24.984409332275391 ], [ 67.062934875488338, 24.953226089477539 ], [ 67.057533264160156, 24.940624237060661 ], [ 67.018547058105582, 24.895435333252067 ] ] ] } },
{ "type": "Feature", "properties": { "GID_0": "PAK", "NAME_0": "Pakistan", "GID_1": "PAK.8_1", "NAME_1": "Sind", "NL_NAME_1": null, "GID_2": "PAK.8.2_1", "NAME_2": "Karachi", "NL_NAME_2": null, "GID_3": "PAK.8.2.2_1", "NAME_3": "Karachi East", "VARNAME_3": null, "NL_NAME_3": null, "TYPE_3": "District", "ENGTYPE_3": "District", "CC_3": null, "HASC_3": null }, "geometry": { "type": "Polygon", "coordinates": [ [ [ 67.07004547119152, 24.969430923461914 ], [ 67.12631988525402, 24.945138931274528 ], [ 67.134735107421818, 24.944114685058651 ], [ 67.1221923828125, 24.917598724365234 ], [ 67.112831115722656, 24.905677795410156 ], [ 67.19553375244152, 24.921741485595817 ], [ 67.204208374023438, 24.910562515258846 ], [ 67.191383361816349, 24.884963989257869 ], [ 67.178657531738281, 24.875761032104549 ], [ 67.148742675781307, 24.872756958007869 ], [ 67.142753601074162, 24.868276596069336 ], [ 67.179306030273494, 24.850143432617301 ], [ 67.178314208984432, 24.839044570922908 ], [ 67.146469116210994, 24.82192420959484 ], [ 67.138885498046989, 24.820421218872184 ], [ 67.098693847656193, 24.831802368164176 ], [ 67.091583251953239, 24.827953338623047 ], [ 67.082740783691463, 24.868604660034293 ], [ 67.081390380859375, 24.876707077026424 ], [ 67.030525207519588, 24.888860702514648 ], [ 67.018547058105582, 24.895435333252067 ], [ 67.07004547119152, 24.969430923461914 ] ] ] } },
{ "type": "Feature", "properties": { "GID_0": "PAK", "NAME_0": "Pakistan", "GID_1": "PAK.8_1", "NAME_1": "Sind", "NL_NAME_1": null, "GID_2": "PAK.8.2_1", "NAME_2": "Karachi", "NL_NAME_2": null, "GID_3": "PAK.8.2.3_1", "NAME_3": "Karachi South", "VARNAME_3": null, "NL_NAME_3": null, "TYPE_3": "District", "ENGTYPE_3": "District", "CC_3": null, "HASC_3": null }, "geometry": null },
{ "type": "Feature", "properties": { "GID_0": "PAK", "NAME_0": "Pakistan", "GID_1": "PAK.8_1", "NAME_1": "Sind", "NL_NAME_1": null, "GID_2": "PAK.8.2_1", "NAME_2": "Karachi", "NL_NAME_2": null, "GID_3": "PAK.8.2.4_1", "NAME_3": "Karachi west", "VARNAME_3": null, "NL_NAME_3": null, "TYPE_3": "District", "ENGTYPE_3": "District", "CC_3": null, "HASC_3": null }, "geometry": null },
{ "type": "Feature", "properties": { "GID_0": "PAK", "NAME_0": "Pakistan", "GID_1": "PAK.8_1", "NAME_1": "Sind", "NL_NAME_1": null, "GID_2": "PAK.8.2_1", "NAME_2": "Karachi", "NL_NAME_2": null, "GID_3": "PAK.8.2.5_1", "NAME_3": "Malir", "VARNAME_3": null, "NL_NAME_3": null, "TYPE_3": "District", "ENGTYPE_3": "District", "CC_3": null, "HASC_3": null }, "geometry": { "type": "Polygon", "coordinates": [ [ [ 67.182479858398438, 24.804027557373104 ], [ 67.171806335449219, 24.80180549621582 ], [ 67.171524047851676, 24.80180549621582 ], [ 67.190139770507869, 24.802083969116211 ], [ 67.190414428711051, 24.802083969116211 ], [ 67.182357788085994, 24.789304733276367 ], [ 67.182357788085994, 24.789026260375977 ], [ 67.152915954589844, 24.793470382690373 ], [ 67.150138854980582, 24.793470382690373 ], [ 67.125137329101619, 24.777082443237305 ], [ 67.122360229492188, 24.777082443237305 ], [ 67.089859008789176, 24.793193817138786 ], [ 67.087913513183651, 24.793193817138786 ], [ 67.083747863769588, 24.813194274902344 ], [ 67.082641601562614, 24.813194274902344 ], [ 67.104309082031307, 24.763471603393668 ], [ 67.1048583984375, 24.763471603393668 ], [ 67.084350585937614, 24.775932312011832 ], [ 67.074630737304801, 24.788480758667106 ], [ 67.070381164550838, 24.805501937866211 ], [ 67.072227478027344, 24.812917709350529 ], [ 67.091583251953239, 24.827953338623047 ], [ 67.098693847656193, 24.831802368164176 ], [ 67.114776611328125, 24.828819274902344 ], [ 67.129234313964844, 24.820039749145621 ], [ 67.162773132324162, 24.830490112304801 ], [ 67.178314208984432, 24.839044570922908 ], [ 67.143196105957031, 24.860895156860295 ], [ 67.142753601074162, 24.868276596069336 ], [ 67.156631469726676, 24.872186660766602 ], [ 67.178657531738281, 24.875761032104549 ], [ 67.202873229980469, 24.902921676635856 ], [ 67.204208374023438, 24.910562515258846 ], [ 67.19553375244152, 24.921741485595817 ], [ 67.131050109863338, 24.899034500122013 ], [ 67.112831115722656, 24.905677795410156 ], [ 67.137725830078182, 24.936542510986385 ], [ 67.134735107421818, 24.944114685058651 ], [ 67.083290100097656, 24.958322525024528 ], [ 67.075859069824219, 24.960746765136832 ], [ 67.071151733398494, 24.984409332275391 ], [ 67.071868896484432, 24.987930297851562 ], [ 67.101287841796932, 25.010322570800895 ], [ 67.109848022460994, 25.013458251953125 ], [ 67.215255737304688, 25.03610992431652 ], [ 67.222511291503906, 25.040840148925895 ], [ 67.243545532226619, 25.103509902954045 ], [ 67.242851257324332, 25.110656738281364 ], [ 67.215339660644588, 25.133317947387695 ], [ 67.192543029785156, 25.140350341796932 ], [ 67.128555297851619, 25.107954025268668 ], [ 67.119163513183594, 25.107576370239258 ], [ 67.07928466796875, 25.156829833984489 ], [ 67.076820373535156, 25.173877716064567 ], [ 67.137176513671989, 25.20921897888195 ], [ 67.144424438476676, 25.213949203491268 ], [ 67.131332397460938, 25.239145278930664 ], [ 67.114952087402344, 25.254440307617244 ], [ 67.131637573242301, 25.257158279419002 ], [ 67.137351989746207, 25.262327194213867 ], [ 67.161254882812443, 25.322269439697379 ], [ 67.167770385742188, 25.335763931274528 ], [ 67.182441711425781, 25.449129104614258 ], [ 67.183792114257812, 25.455846786499137 ], [ 67.205307006835881, 25.4894313812257 ], [ 67.209487915039176, 25.504964828491211 ], [ 67.335174560546989, 25.630218505859489 ], [ 67.336029052734375, 25.633922576904354 ], [ 67.370590209960994, 25.646932601928768 ], [ 67.389007568359375, 25.652067184448299 ], [ 67.401039123535156, 25.638631820678711 ], [ 67.405158996582145, 25.626459121704215 ], [ 67.400642395019531, 25.4135036468507 ], [ 67.400352478027401, 25.404726028442383 ], [ 67.386466979980582, 25.360870361328182 ], [ 67.372337341308707, 25.336868286132926 ], [ 67.308204650878963, 25.279994964599609 ], [ 67.303268432617244, 25.274145126342773 ], [ 67.268150329589901, 25.195556640625114 ], [ 67.269104003906307, 25.188182830810661 ], [ 67.453170776367244, 25.105386734008903 ], [ 67.459426879882812, 25.099248886108398 ], [ 67.501693725586051, 24.965757369995117 ], [ 67.507225036621207, 24.948064804077205 ], [ 67.576118469238281, 24.826763153076286 ], [ 67.576873779296875, 24.816846847534237 ], [ 67.563751220703125, 24.793090820312614 ], [ 67.554092407226619, 24.793401718139705 ], [ 67.492843627929744, 24.843246459961051 ], [ 67.489540100097656, 24.853353500366154 ], [ 67.43265533447277, 24.841615676879996 ], [ 67.429382324218864, 24.810163497924862 ], [ 67.422271728515682, 24.78996467590332 ], [ 67.386543273925781, 24.785715103149528 ], [ 67.364349365234489, 24.788833618164119 ], [ 67.305885314941406, 24.819555282592887 ], [ 67.298156738281364, 24.823591232299918 ], [ 67.203338623046932, 24.824193954467773 ], [ 67.195465087890682, 24.82407188415533 ], [ 67.182479858398438, 24.804027557373104 ] ] ] } },
{ "type": "Feature", "properties": { "GID_0": "PAK", "NAME_0": "Pakistan", "GID_1": "PAK.8_1", "NAME_1": "Sind", "NL_NAME_1": null, "GID_2": "PAK.8.3_1", "NAME_2": "Larkana", "NL_NAME_2": null, "GID_3": "PAK.8.3.1_1", "NAME_3": "Jakobabad", "VARNAME_3": null, "NL_NAME_3": null, "TYPE_3": "District", "ENGTYPE_3": "District", "CC_3": null, "HASC_3": null }, "geometry": { "type": "Polygon", "coordinates": [ [ [ 69.065338134765739, 28.034866333007756 ], [ 69.000450134277457, 28.077285766601619 ], [ 68.973312377929744, 28.085174560546989 ], [ 68.896385192871094, 28.091827392578182 ], [ 68.875236511230469, 28.084110260009879 ], [ 68.862609863281193, 28.090841293335075 ], [ 68.847557067871094, 28.103305816650391 ], [ 68.717041015625114, 28.128751754760799 ], [ 68.678863525390682, 28.130697250366325 ], [ 68.645256042480526, 28.163192749023551 ], [ 68.629913330078068, 28.167108535766602 ], [ 68.544944763183651, 28.160245895385799 ], [ 68.51837158203125, 28.165605545043945 ], [ 68.430274963378906, 28.131908416748047 ], [ 68.414291381835994, 28.120807647705078 ], [ 68.339317321777401, 28.120563507080192 ], [ 68.331230163574219, 28.118822097778434 ], [ 68.324806213378963, 27.971181869506893 ], [ 68.320655822753963, 27.944334030151424 ], [ 68.3001708984375, 27.950248718261776 ], [ 68.258270263671932, 27.931137084960938 ], [ 68.252891540527344, 27.930580139160156 ], [ 68.15799713134777, 27.944341659545955 ], [ 68.132789611816463, 27.946027755737362 ], [ 68.087882995605469, 27.993124008178768 ], [ 68.072753906250114, 27.998661041259879 ], [ 68.003242492675838, 27.983493804931641 ], [ 67.982650756835994, 27.983634948730526 ], [ 67.934875488281193, 28.003671646118164 ], [ 67.923667907714844, 28.011009216308707 ], [ 67.961364746093864, 28.071737289428768 ], [ 67.993087768554688, 28.103631973266602 ], [ 68.157852172851562, 28.211021423339901 ], [ 68.197998046875057, 28.251590728759879 ], [ 68.316764831542969, 28.288764953613281 ], [ 68.367424011230582, 28.315645217895621 ], [ 68.430618286132812, 28.419376373291072 ], [ 68.4656982421875, 28.43931770324707 ], [ 69.021781921386776, 28.45593452453619 ], [ 69.079956054687557, 28.460420608520621 ], [ 69.151771545410156, 28.4564208984375 ], [ 69.18804931640625, 28.454402923583984 ], [ 69.186943054199276, 28.422222137451229 ], [ 69.166328430175838, 28.387184143066406 ], [ 69.052970886230469, 28.234663009643668 ], [ 69.036483764648494, 28.187257766723746 ], [ 69.065338134765739, 28.034866333007756 ] ] ] } },
{ "type": "Feature", "properties": { "GID_0": "PAK", "NAME_0": "Pakistan", "GID_1": "PAK.8_1", "NAME_1": "Sind", "NL_NAME_1": null, "GID_2": "PAK.8.3_1", "NAME_2": "Larkana", "NL_NAME_2": null, "GID_3": "PAK.8.3.2_1", "NAME_3": "Kashmore", "VARNAME_3": null, "NL_NAME_3": null, "TYPE_3": "District", "ENGTYPE_3": "District", "CC_3": null, "HASC_3": null }, "geometry": { "type": "Polygon", "coordinates": [ [ [ 69.18804931640625, 28.454402923583984 ], [ 69.357566833496037, 28.457582473754826 ], [ 69.390136718750114, 28.456010818481559 ], [ 69.394905090332145, 28.468322753906307 ], [ 69.402236938476562, 28.47998237609869 ], [ 69.448883056640739, 28.494562149047965 ], [ 69.473770141601562, 28.495641708374023 ], [ 69.59161376953125, 28.478542327880916 ], [ 69.571357727050895, 28.445440292358512 ], [ 69.660758972168026, 28.437826156616325 ], [ 69.691680908203239, 28.43330192565918 ], [ 69.615051269531193, 28.363115310669059 ], [ 69.592353820800724, 28.359180450439567 ], [ 69.56735992431652, 28.362485885620231 ], [ 69.552009582519588, 28.386722564697266 ], [ 69.533935546875114, 28.407915115356502 ], [ 69.517158508300895, 28.407884597778377 ], [ 69.505752563476676, 28.396623611450252 ], [ 69.568618774414119, 28.242671966552678 ], [ 69.567901611328239, 28.230653762817383 ], [ 69.541893005371151, 28.213855743408317 ], [ 69.519828796386832, 28.222055435180664 ], [ 69.472457885742244, 28.276271820068359 ], [ 69.464981079101562, 28.28031158447277 ], [ 69.444229125976619, 28.236810684204158 ], [ 69.450798034668082, 28.218210220336857 ], [ 69.504653930664062, 28.179103851318473 ], [ 69.502937316894531, 28.166610717773551 ], [ 69.466865539550781, 28.145729064941406 ], [ 69.430717468261776, 28.148168563842773 ], [ 69.370727539062443, 28.178636550903377 ], [ 69.362121582031364, 28.177118301391658 ], [ 69.405410766601676, 28.093515396118164 ], [ 69.384895324707031, 28.070568084716911 ], [ 69.364303588867188, 28.061012268066406 ], [ 69.347557067871151, 28.069755554199332 ], [ 69.351486206054688, 28.095447540283203 ], [ 69.345741271972599, 28.111289978027457 ], [ 69.323196411132926, 28.118556976318359 ], [ 69.260299682617188, 28.103263854980526 ], [ 69.235877990722599, 28.094108581543026 ], [ 69.199317932128906, 28.082456588745231 ], [ 69.193595886230469, 28.007328033447266 ], [ 69.187255859375, 27.98668098449707 ], [ 69.140144348144531, 27.990564346313533 ], [ 69.116676330566406, 28.004053115844727 ], [ 69.089500427246151, 27.98307991027832 ], [ 69.078956604003906, 27.96790885925293 ], [ 69.066413879394588, 27.971406936645508 ], [ 69.062492370605412, 27.985893249511719 ], [ 69.065338134765739, 28.058944702148438 ], [ 69.065338134765739, 28.078020095825138 ], [ 69.036483764648494, 28.160463333129883 ], [ 69.036483764648494, 28.187257766723746 ], [ 69.052970886230469, 28.234663009643668 ], [ 69.071517944335938, 28.263517379760742 ], [ 69.166328430175838, 28.387184143066406 ], [ 69.186943054199276, 28.422222137451229 ], [ 69.18804931640625, 28.454402923583984 ] ] ] } },
{ "type": "Feature", "properties": { "GID_0": "PAK", "NAME_0": "Pakistan", "GID_1": "PAK.8_1", "NAME_1": "Sind", "NL_NAME_1": null, "GID_2": "PAK.8.3_1", "NAME_2": "Larkana", "NL_NAME_2": null, "GID_3": "PAK.8.3.3_1", "NAME_3": "Larkana", "VARNAME_3": null, "NL_NAME_3": null, "TYPE_3": "District", "ENGTYPE_3": "District", "CC_3": null, "HASC_3": null }, "geometry": { "type": "Polygon", "coordinates": [ [ [ 68.465911865234375, 27.694944381713867 ], [ 68.490066528320426, 27.647268295288086 ], [ 68.486991882324332, 27.638216018676758 ], [ 68.470260620117131, 27.626642227172908 ], [ 68.420074462890739, 27.61131477355957 ], [ 68.367401123046989, 27.613727569580135 ], [ 68.33994293212902, 27.604064941406307 ], [ 68.337593078613338, 27.576320648193416 ], [ 68.344772338867188, 27.553804397583065 ], [ 68.296493530273551, 27.51310920715332 ], [ 68.280937194824276, 27.495319366455192 ], [ 68.276824951171989, 27.466854095459041 ], [ 68.345642089843807, 27.388959884643668 ], [ 68.343574523925895, 27.380153656005973 ], [ 68.254104614257926, 27.370449066162109 ], [ 68.227317810058594, 27.354331970214844 ], [ 68.185935974121094, 27.24620437622076 ], [ 68.181175231933594, 27.229393005371037 ], [ 68.145065307617131, 27.220287322998161 ], [ 68.084297180175838, 27.141069412231559 ], [ 68.055793762206974, 27.13231277465826 ], [ 68.04050445556652, 27.13392257690424 ], [ 68.02866363525402, 27.133361816406307 ], [ 68.03458404541027, 27.146991729736385 ], [ 68.031448364257812, 27.160335540771541 ], [ 67.964668273925781, 27.208244323730469 ], [ 67.95468902587902, 27.221019744873104 ], [ 67.951591491699276, 27.252834320068416 ], [ 67.952751159668082, 27.257240295410099 ], [ 67.977424621582031, 27.306573867797908 ], [ 67.974319458007926, 27.308834075927678 ], [ 67.821624755859375, 27.306688308715763 ], [ 67.789588928222656, 27.307344436645565 ], [ 67.546066284179744, 27.339113235473576 ], [ 67.539955139160213, 27.339710235595817 ], [ 67.496803283691406, 27.357511520385685 ], [ 67.459754943847599, 27.375406265258789 ], [ 67.417388916015739, 27.412612915039119 ], [ 67.41452789306652, 27.415107727050895 ], [ 67.38455963134777, 27.394092559814396 ], [ 67.381568908691406, 27.391736984252987 ], [ 67.337425231933651, 27.398670196533146 ], [ 67.333091735839957, 27.39929389953619 ], [ 67.311279296875057, 27.417657852172965 ], [ 67.306907653808651, 27.419437408447379 ], [ 67.287483215332145, 27.413824081420898 ], [ 67.275650024414176, 27.419412612914982 ], [ 67.228828430175781, 27.461860656738395 ], [ 67.204788208007812, 27.472816467285156 ], [ 67.206367492675838, 27.485755920410156 ], [ 67.212242126464844, 27.554883956909293 ], [ 67.262351989746094, 27.603458404541129 ], [ 67.277778625488395, 27.626556396484375 ], [ 67.280807495117301, 27.667472839355582 ], [ 67.291145324706974, 27.690723419189453 ], [ 67.347167968750114, 27.726690292358455 ], [ 67.370376586914119, 27.743677139282227 ], [ 67.424064636230582, 27.891820907592773 ], [ 67.437255859375, 27.902648925781364 ], [ 67.710456848144588, 27.933452606201286 ], [ 67.759246826171875, 27.94367790222168 ], [ 67.886955261230582, 27.999002456665153 ], [ 67.923667907714844, 28.011009216308707 ], [ 67.958358764648438, 27.989723205566406 ], [ 67.982650756835994, 27.983634948730526 ], [ 68.046401977539176, 27.995479583740178 ], [ 68.072753906250114, 27.998661041259879 ], [ 68.114944458007812, 27.968378067016602 ], [ 68.132789611816463, 27.946027755737362 ], [ 68.252891540527344, 27.930580139160156 ], [ 68.258270263671932, 27.931137084960938 ], [ 68.256706237792969, 27.910320281982479 ], [ 68.284408569335994, 27.890201568603516 ], [ 68.296028137207088, 27.88299369812006 ], [ 68.366645812988395, 27.764028549194336 ], [ 68.381584167480469, 27.746250152587891 ], [ 68.465911865234375, 27.694944381713867 ] ] ] } },
{ "type": "Feature", "properties": { "GID_0": "PAK", "NAME_0": "Pakistan", "GID_1": "PAK.8_1", "NAME_1": "Sind", "NL_NAME_1": null, "GID_2": "PAK.8.3_1", "NAME_2": "Larkana", "NL_NAME_2": null, "GID_3": "PAK.8.3.4_1", "NAME_3": "Shikarpur", "VARNAME_3": null, "NL_NAME_3": null, "TYPE_3": "District", "ENGTYPE_3": "District", "CC_3": null, "HASC_3": null }, "geometry": { "type": "Polygon", "coordinates": [ [ [ 69.066230773925838, 28.019004821777457 ], [ 68.906372070312557, 27.888105392456168 ], [ 68.877754211425838, 27.853948593139762 ], [ 68.873992919921989, 27.821796417236385 ], [ 68.875465393066463, 27.753704071044979 ], [ 68.845016479492301, 27.721597671508789 ], [ 68.802406311035213, 27.688148498535156 ], [ 68.783706665039062, 27.6497802734375 ], [ 68.777091979980526, 27.64388465881359 ], [ 68.723823547363338, 27.649982452392635 ], [ 68.709342956543026, 27.64975738525402 ], [ 68.675735473632812, 27.631917953491268 ], [ 68.648521423339901, 27.632648468017692 ], [ 68.623565673828239, 27.654657363891658 ], [ 68.622261047363395, 27.726444244384822 ], [ 68.612144470214957, 27.734369277954102 ], [ 68.536384582519588, 27.725339889526424 ], [ 68.500762939453239, 27.726861953735465 ], [ 68.465911865234375, 27.694944381713867 ], [ 68.458396911621207, 27.693647384643555 ], [ 68.445358276367244, 27.716764450073299 ], [ 68.431907653808707, 27.726022720336971 ], [ 68.387313842773438, 27.740798950195312 ], [ 68.381584167480469, 27.746250152587891 ], [ 68.299263000488338, 27.875656127929688 ], [ 68.296028137207088, 27.88299369812006 ], [ 68.266380310058594, 27.899618148803711 ], [ 68.256706237792969, 27.910320281982479 ], [ 68.258270263671932, 27.931137084960938 ], [ 68.3001708984375, 27.950248718261776 ], [ 68.320655822753963, 27.944334030151424 ], [ 68.321121215820312, 28.076412200927734 ], [ 68.331230163574219, 28.118822097778434 ], [ 68.397018432617131, 28.120307922363224 ], [ 68.414291381835994, 28.120807647705078 ], [ 68.488037109375, 28.159358978271484 ], [ 68.51837158203125, 28.165605545043945 ], [ 68.586029052734489, 28.153726577758903 ], [ 68.629913330078068, 28.167108535766602 ], [ 68.661399841308594, 28.147972106933537 ], [ 68.678863525390682, 28.130697250366325 ], [ 68.717041015625114, 28.128751754760799 ], [ 68.754463195800724, 28.126100540161133 ], [ 68.862609863281193, 28.090841293335075 ], [ 68.875236511230469, 28.084110260009879 ], [ 68.948524475097713, 28.090330123901367 ], [ 68.973312377929744, 28.085174560546989 ], [ 69.037849426269645, 28.0542507171632 ], [ 69.047172546386776, 28.048688888549918 ], [ 69.066230773925838, 28.019004821777457 ] ] ] } },
{ "type": "Feature", "properties": { "GID_0": "PAK", "NAME_0": "Pakistan", "GID_1": "PAK.8_1", "NAME_1": "Sind", "NL_NAME_1": null, "GID_2": "PAK.8.4_1", "NAME_2": "Mirpur Khas", "NL_NAME_2": null, "GID_3": "PAK.8.4.1_1", "NAME_3": "Mirphurkhas", "VARNAME_3": null, "NL_NAME_3": null, "TYPE_3": "District", "ENGTYPE_3": "District", "CC_3": null, "HASC_3": null }, "geometry": { "type": "Polygon", "coordinates": [ [ [ 68.885421752929744, 25.70520210266119 ], [ 68.917861938476676, 25.727346420288086 ], [ 68.991432189941463, 25.692472457885799 ], [ 68.998847961425781, 25.690740585327148 ], [ 69.03842926025402, 25.703363418579045 ], [ 69.05224609375, 25.709812164306697 ], [ 69.111534118652344, 25.707040786743164 ], [ 69.146095275878906, 25.707347869873104 ], [ 69.197921752929631, 25.572938919067383 ], [ 69.206611633300838, 25.565597534179801 ], [ 69.237846374511719, 25.556385040283203 ], [ 69.262321472168026, 25.553533554077262 ], [ 69.426750183105582, 25.563711166381836 ], [ 69.461532592773438, 25.555248260498047 ], [ 69.511741638183594, 25.569883346557674 ], [ 69.523361206054688, 25.582763671875114 ], [ 69.551002502441406, 25.564952850341797 ], [ 69.567230224609375, 25.566591262817496 ], [ 69.559906005859489, 25.534381866455192 ], [ 69.551422119140682, 25.52824783325201 ], [ 69.566482543945312, 25.515783309936467 ], [ 69.633071899414119, 25.515663146972656 ], [ 69.72039794921875, 25.529722213745117 ], [ 69.742942810058651, 25.542772293090763 ], [ 69.765357971191349, 25.600845336914176 ], [ 69.779853820800724, 25.64078330993658 ], [ 69.843185424804688, 25.669013977050781 ], [ 69.856185913085938, 25.67752838134777 ], [ 69.90171051025402, 25.726493835449276 ], [ 69.933616638183594, 25.751234054565487 ], [ 69.974273681640625, 25.721389770507926 ], [ 69.994911193847713, 25.719402313232536 ], [ 70.145599365234432, 25.770465850830135 ], [ 70.164222717285156, 25.767753601074332 ], [ 70.204841613769531, 25.799556732177734 ], [ 70.206718444824162, 25.802291870117301 ], [ 70.260787963867244, 25.742309570312557 ], [ 70.267265319824276, 25.723453521728516 ], [ 70.265960693359432, 25.724542617797795 ], [ 70.258140563964901, 25.735382080078125 ], [ 70.217521667480526, 25.710397720337028 ], [ 70.2052001953125, 25.70512580871582 ], [ 70.163139343261776, 25.659908294677848 ], [ 70.15384674072277, 25.645448684692383 ], [ 70.199378967285213, 25.633920669555778 ], [ 70.207824707031364, 25.621583938598633 ], [ 70.184539794921989, 25.587741851806697 ], [ 70.179954528808707, 25.577972412109489 ], [ 70.190757751464844, 25.571321487426871 ], [ 70.155654907226562, 25.53341102600109 ], [ 70.019767761230582, 25.490633010864315 ], [ 69.959381103515625, 25.460437774658203 ], [ 69.86627197265625, 25.455404281616268 ], [ 69.805877685546932, 25.455404281616268 ], [ 69.763099670410156, 25.437789916992301 ], [ 69.727874755859432, 25.392494201660213 ], [ 69.662445068359432, 25.384946823120117 ], [ 69.624702453613338, 25.384946823120117 ], [ 69.549209594726676, 25.40507698059082 ], [ 69.519012451171932, 25.384946823120117 ], [ 69.483787536621207, 25.342168807983512 ], [ 69.458625793457145, 25.314487457275504 ], [ 69.373069763183594, 25.259128570556697 ], [ 69.337837219238338, 25.221382141113281 ], [ 69.29254150390625, 25.120727539062557 ], [ 69.282478332519531, 25.095563888549918 ], [ 69.279960632324219, 25.06536865234375 ], [ 69.279960632324219, 25.037687301635799 ], [ 69.297576904296932, 25.007490158081055 ], [ 69.307640075683594, 24.979810714721623 ], [ 69.297554016113338, 24.963424682617301 ], [ 69.220222473144645, 24.947475433349723 ], [ 69.215904235839844, 24.947408676147461 ], [ 69.130485534668026, 25.058753967285213 ], [ 69.127357482910156, 25.061939239502067 ], [ 68.996322631835938, 25.128013610839957 ], [ 68.99444580078125, 25.13167762756359 ], [ 68.980682373046875, 25.37413406372076 ], [ 68.980583190918026, 25.378288269043082 ], [ 68.915107727050781, 25.47470664978033 ], [ 68.905189514160156, 25.495101928710938 ], [ 68.923728942871151, 25.646163940429688 ], [ 68.922599792480526, 25.660923004150391 ], [ 68.885421752929744, 25.70520210266119 ] ] ] } },
{ "type": "Feature", "properties": { "GID_0": "PAK", "NAME_0": "Pakistan", "GID_1": "PAK.8_1", "NAME_1": "Sind", "NL_NAME_1": null, "GID_2": "PAK.8.4_1", "NAME_2": "Mirpur Khas", "NL_NAME_2": null, "GID_3": "PAK.8.4.2_1", "NAME_3": "Mithi", "VARNAME_3": null, "NL_NAME_3": null, "TYPE_3": "District", "ENGTYPE_3": "District", "CC_3": null, "HASC_3": null }, "geometry": { "type": "Polygon", "coordinates": [ [ [ 71.107139587402457, 24.680650711059513 ], [ 71.010192871093807, 24.615579605102653 ], [ 71.000556945800724, 24.599212646484375 ], [ 71.009757995605469, 24.528841018676758 ], [ 71.015342712402401, 24.522769927978459 ], [ 71.007522583007869, 24.466640472412223 ], [ 71.007011413574332, 24.446872711181641 ], [ 71.023200988769645, 24.435091018676815 ], [ 71.028579711914176, 24.433378219604492 ], [ 71.110092163085938, 24.431652069091797 ], [ 71.118949890136832, 24.431049346923828 ], [ 71.132827758789119, 24.405729293823242 ], [ 71.131767272949332, 24.401800155639705 ], [ 71.060935974121151, 24.353853225708065 ], [ 71.047187805175838, 24.347339630126953 ], [ 71.001129150390568, 24.358760833740234 ], [ 70.998428344726676, 24.36057090759283 ], [ 70.967460632324276, 24.347251892089844 ], [ 70.959747314453125, 24.34624099731451 ], [ 70.887771606445426, 24.293558120727596 ], [ 70.885139465332145, 24.290750503540153 ], [ 70.894821166992244, 24.264972686767635 ], [ 70.901062011718807, 24.262706756591854 ], [ 70.816246032714957, 24.225046157836914 ], [ 70.80576324462902, 24.222726821899414 ], [ 70.689834594726676, 24.223255157470817 ], [ 70.655303955078239, 24.225088119506836 ], [ 70.584289550781307, 24.244129180908203 ], [ 70.574249267578239, 24.252332687378043 ], [ 70.582847595214787, 24.278728485107479 ], [ 70.587806701660099, 24.285396575927791 ], [ 70.574035644531364, 24.289688110351619 ], [ 70.572257995605526, 24.293577194213867 ], [ 70.585609436035213, 24.308589935302734 ], [ 70.587417602539006, 24.310146331787109 ], [ 70.572807312011776, 24.340730667114371 ], [ 70.572067260742244, 24.344549179077205 ], [ 70.610671997070426, 24.396049499511719 ], [ 70.611869812011719, 24.400539398193359 ], [ 70.593193054199219, 24.411731719970817 ], [ 70.574867248535156, 24.420314788818473 ], [ 70.143974304199219, 24.298002243041992 ], [ 70.119041442871094, 24.290699005126953 ], [ 70.077308654785213, 24.215642929077205 ], [ 70.059303283691406, 24.192802429199276 ], [ 70.011863708496151, 24.167640686035213 ], [ 70.000640869140682, 24.16639518737793 ], [ 69.7283935546875, 24.174877166748047 ], [ 69.724578857421875, 24.175096511840877 ], [ 69.612876892089901, 24.267555236816463 ], [ 69.600677490234432, 24.277847290039119 ], [ 69.528182983398494, 24.259040832519645 ], [ 69.501167297363395, 24.255020141601676 ], [ 69.438323974609432, 24.272705078125057 ], [ 69.43157958984375, 24.273653030395508 ], [ 69.330810546875114, 24.273996353149357 ], [ 69.310272216796875, 24.276687622070312 ], [ 69.222290039062614, 24.247451782226562 ], [ 69.199768066406364, 24.235198974609489 ], [ 69.111412048339901, 24.266031265258789 ], [ 69.102447509765682, 24.268892288208008 ], [ 69.069160461425895, 24.298622131347656 ], [ 69.066696166992131, 24.305740356445369 ], [ 69.097854614257869, 24.440143585205192 ], [ 69.101226806640625, 24.447584152221737 ], [ 69.226531982421818, 24.517648696899471 ], [ 69.2340087890625, 24.523536682128963 ], [ 69.234474182128963, 24.555177688598633 ], [ 69.243919372558594, 24.573795318603572 ], [ 69.223731994628906, 24.588027954101619 ], [ 69.223236083984489, 24.597717285156307 ], [ 69.239799499511776, 24.595897674560604 ], [ 69.257759094238395, 24.589250564575309 ], [ 69.251052856445369, 24.663263320922965 ], [ 69.250869750976619, 24.670417785644588 ], [ 69.294975280761832, 24.715435028076172 ], [ 69.299377441406364, 24.722200393676871 ], [ 69.263336181640568, 24.730413436889705 ], [ 69.258346557617301, 24.736801147460994 ], [ 69.379615783691463, 24.775400161743278 ], [ 69.399642944335994, 24.78725624084484 ], [ 69.594543457031307, 24.969463348388615 ], [ 69.601005554199219, 24.975105285644531 ], [ 69.660102844238281, 25.06030082702631 ], [ 69.665802001953125, 25.065931320190487 ], [ 69.754562377929744, 25.11372184753418 ], [ 69.76493072509777, 25.115961074829102 ], [ 69.805587768554801, 25.226499557495117 ], [ 69.808959960937557, 25.233940124511719 ], [ 69.836502075195256, 25.260459899902344 ], [ 69.858390808105582, 25.279272079467717 ], [ 69.897346496581974, 25.286342620849609 ], [ 69.929420471191406, 25.28453254699707 ], [ 70.057723999023551, 25.226036071777401 ], [ 70.103416442871151, 25.217971801757869 ], [ 70.24423980712902, 25.247177124023494 ], [ 70.262466430664062, 25.260160446167106 ], [ 70.320297241210994, 25.34510612487793 ], [ 70.323188781738338, 25.351385116577148 ], [ 70.321403503417969, 25.441867828369254 ], [ 70.320449829101562, 25.449472427368278 ], [ 70.295158386230582, 25.484636306762695 ], [ 70.29019927978527, 25.48987007141119 ], [ 70.253433227539176, 25.496456146240348 ], [ 70.245468139648438, 25.500026702880916 ], [ 70.253814697265739, 25.571964263916129 ], [ 70.251098632812614, 25.578617095947379 ], [ 70.190757751464844, 25.571321487426871 ], [ 70.179954528808707, 25.577972412109489 ], [ 70.204704284668026, 25.614376068115234 ], [ 70.207824707031364, 25.621583938598633 ], [ 70.166015625000057, 25.63663291931158 ], [ 70.15384674072277, 25.645448684692383 ], [ 70.238327026367301, 25.72180366516119 ], [ 70.258140563964901, 25.735382080078125 ], [ 70.275947570800724, 25.7034206390382 ], [ 70.279617309570312, 25.701259613037223 ], [ 70.392295837402287, 25.66460037231451 ], [ 70.394432067871094, 25.664140701293945 ], [ 70.532775878906307, 25.676189422607422 ], [ 70.536231994628963, 25.676731109619141 ], [ 70.601707458496207, 25.703250885009766 ], [ 70.617050170898438, 25.706630706787223 ], [ 70.660797119140739, 25.701120376586914 ], [ 70.665962219238395, 25.69722938537609 ], [ 70.676139831542969, 25.680290222167969 ], [ 70.681137084960938, 25.660760879516658 ], [ 70.676521301269531, 25.531070709228572 ], [ 70.676216125488338, 25.523870468139705 ], [ 70.687736511230582, 25.518230438232422 ], [ 70.687866210937557, 25.517349243164006 ], [ 70.673660278320312, 25.394950866699219 ], [ 70.67417144775402, 25.38932037353527 ], [ 70.732269287109432, 25.334762573242301 ], [ 70.7442626953125, 25.320960998535156 ], [ 70.759056091308707, 25.274959564209041 ], [ 70.766448974609432, 25.264949798583984 ], [ 70.884567260742301, 25.153579711914176 ], [ 70.894309997558537, 25.144058227539176 ], [ 70.932609558105582, 24.973470687866325 ], [ 70.945487976074219, 24.934541702270508 ], [ 71.012435913085938, 24.835870742797965 ], [ 71.023567199707088, 24.82118034362793 ], [ 71.071777343750057, 24.714874267578239 ], [ 71.072853088378906, 24.711999893188533 ], [ 71.107139587402457, 24.680650711059513 ] ] ] } },
{ "type": "Feature", "properties": { "GID_0": "PAK", "NAME_0": "Pakistan", "GID_1": "PAK.8_1", "NAME_1": "Sind", "NL_NAME_1": null, "GID_2": "PAK.8.4_1", "NAME_2": "Mirpur Khas", "NL_NAME_2": null, "GID_3": "PAK.8.4.3_1", "NAME_3": "Sanghar", "VARNAME_3": null, "NL_NAME_3": null, "TYPE_3": "District", "ENGTYPE_3": "District", "CC_3": null, "HASC_3": null }, "geometry": { "type": "Polygon", "coordinates": [ [ [ 68.676849365234375, 25.676914215087891 ], [ 68.60794830322277, 25.701282501220817 ], [ 68.602531433105526, 25.704431533813533 ], [ 68.554733276367301, 25.748359680175781 ], [ 68.553611755371037, 25.749385833740178 ], [ 68.573318481445312, 25.764240264892692 ], [ 68.577964782714901, 25.781398773193473 ], [ 68.54791259765625, 25.793859481811637 ], [ 68.542533874511832, 25.795623779296989 ], [ 68.537300109863338, 25.821632385253906 ], [ 68.523101806640568, 25.850503921508846 ], [ 68.536224365234489, 25.864101409912166 ], [ 68.537651062011719, 25.868047714233512 ], [ 68.501823425293026, 25.897737503051758 ], [ 68.494003295898494, 25.905466079711971 ], [ 68.45877838134777, 25.911615371704215 ], [ 68.455650329589901, 25.914567947387695 ], [ 68.538085937500057, 25.961105346679744 ], [ 68.549125671386776, 25.966817855835075 ], [ 68.590499877929744, 25.969078063964844 ], [ 68.599357604980582, 25.980529785156307 ], [ 68.596435546875057, 26.065685272216797 ], [ 68.598411560058707, 26.078184127807674 ], [ 68.554565429687443, 26.093433380127067 ], [ 68.552207946777401, 26.096166610717887 ], [ 68.564582824707088, 26.159624099731445 ], [ 68.565765380859489, 26.163106918335075 ], [ 68.616386413574219, 26.191370010376033 ], [ 68.621849060058707, 26.196304321289119 ], [ 68.648033142089787, 26.175931930541992 ], [ 68.655448913574332, 26.174200057983342 ], [ 68.658584594726562, 26.201032638549918 ], [ 68.658493041992301, 26.20472526550293 ], [ 68.697555541992244, 26.217569351196403 ], [ 68.709709167480526, 26.229536056518555 ], [ 68.737609863281307, 26.312168121337947 ], [ 68.740058898925838, 26.315898895263672 ], [ 68.897331237792969, 26.458269119262809 ], [ 68.916526794433707, 26.473114013671989 ], [ 68.946273803710994, 26.412389755249137 ], [ 68.950729370117131, 26.386829376220703 ], [ 69.047622680664006, 26.304061889648494 ], [ 69.064071655273438, 26.296928405761719 ], [ 69.066780090332088, 26.28011512756359 ], [ 69.06705474853527, 26.269498825073299 ], [ 69.095909118652344, 26.244087219238281 ], [ 69.129028320312614, 26.23074913024908 ], [ 69.222541809082031, 26.241439819335938 ], [ 69.27133941650402, 26.2415065765382 ], [ 69.435455322265682, 26.213813781738338 ], [ 69.508064270019531, 26.20686149597168 ], [ 69.790626525878963, 26.209180831909237 ], [ 69.836074829101676, 26.211042404174805 ], [ 70.093299865722713, 26.17002105712902 ], [ 70.123680114746151, 26.164489746093864 ], [ 70.136016845703125, 26.155479431152401 ], [ 70.137283325195256, 26.15489768981945 ], [ 70.086044311523438, 26.082149505615291 ], [ 70.082572937011719, 26.073858261108512 ], [ 70.091110229492301, 25.983737945556754 ], [ 70.091300964355582, 25.965158462524471 ], [ 70.17144775390625, 25.832288742065487 ], [ 70.177963256835938, 25.819499969482479 ], [ 70.203216552734432, 25.805240631103629 ], [ 70.206718444824162, 25.802291870117301 ], [ 70.179481506347656, 25.777227401733512 ], [ 70.164222717285156, 25.767753601074332 ], [ 70.113761901855526, 25.763042449951229 ], [ 70.106803894042969, 25.76708984375 ], [ 70.017631530761776, 25.735456466674918 ], [ 69.994911193847713, 25.719402313232536 ], [ 69.943847656250114, 25.748622894287053 ], [ 69.933616638183594, 25.751234054565487 ], [ 69.820793151855526, 25.659891128540039 ], [ 69.779853820800724, 25.64078330993658 ], [ 69.755340576171932, 25.564899444580192 ], [ 69.742942810058651, 25.542772293090763 ], [ 69.692916870117188, 25.520982742309684 ], [ 69.633071899414119, 25.515663146972656 ], [ 69.566482543945312, 25.515783309936467 ], [ 69.551422119140682, 25.52824783325201 ], [ 69.568580627441406, 25.563379287719727 ], [ 69.567230224609375, 25.566591262817496 ], [ 69.529541015625057, 25.579395294189567 ], [ 69.523361206054688, 25.582763671875114 ], [ 69.498283386230582, 25.559284210205078 ], [ 69.461532592773438, 25.555248260498047 ], [ 69.426750183105582, 25.563711166381836 ], [ 69.408843994140739, 25.568281173706055 ], [ 69.374740600585938, 25.560132980346737 ], [ 69.349388122558594, 25.567819595336914 ], [ 69.293571472168026, 25.553789138794059 ], [ 69.262321472168026, 25.553533554077262 ], [ 69.227951049804744, 25.565929412841797 ], [ 69.206611633300838, 25.565597534179801 ], [ 69.190246582031364, 25.579425811767692 ], [ 69.181533813476562, 25.602380752563533 ], [ 69.158599853515739, 25.695074081420842 ], [ 69.146095275878906, 25.707347869873104 ], [ 69.005256652832145, 25.698690414428654 ], [ 68.998847961425781, 25.690740585327148 ], [ 68.962020874023438, 25.710023880004996 ], [ 68.917861938476676, 25.727346420288086 ], [ 68.885421752929744, 25.70520210266119 ], [ 68.79788970947277, 25.737949371337891 ], [ 68.791793823242301, 25.73785400390625 ], [ 68.733993530273551, 25.701858520507812 ], [ 68.729721069335938, 25.699945449829102 ], [ 68.700988769531307, 25.700422286987305 ], [ 68.696937561035213, 25.699895858764648 ], [ 68.676849365234375, 25.676914215087891 ] ] ] } },
{ "type": "Feature", "properties": { "GID_0": "PAK", "NAME_0": "Pakistan", "GID_1": "PAK.8_1", "NAME_1": "Sind", "NL_NAME_1": null, "GID_2": "PAK.8.4_1", "NAME_2": "Mirpur Khas", "NL_NAME_2": null, "GID_3": "PAK.8.4.4_1", "NAME_3": "Umerkot", "VARNAME_3": "Umarkot", "NL_NAME_3": null, "TYPE_3": "District", "ENGTYPE_3": "District", "CC_3": null, "HASC_3": null }, "geometry": { "type": "Polygon", "coordinates": [ [ [ 69.297554016113338, 24.963424682617301 ], [ 69.307640075683594, 24.979810714721623 ], [ 69.279960632324219, 25.06536865234375 ], [ 69.282478332519531, 25.095563888549918 ], [ 69.320220947265625, 25.186153411865234 ], [ 69.337837219238338, 25.221382141113281 ], [ 69.425910949707031, 25.286808013916129 ], [ 69.458625793457145, 25.314487457275504 ], [ 69.519012451171932, 25.384946823120117 ], [ 69.549209594726676, 25.40507698059082 ], [ 69.690124511718807, 25.384946823120117 ], [ 69.727874755859432, 25.392494201660213 ], [ 69.763099670410156, 25.437789916992301 ], [ 69.805877685546932, 25.455404281616268 ], [ 69.86627197265625, 25.455404281616268 ], [ 69.959381103515625, 25.460437774658203 ], [ 70.097778320312614, 25.513280868530387 ], [ 70.155654907226562, 25.53341102600109 ], [ 70.190757751464844, 25.571321487426871 ], [ 70.227943420410156, 25.579643249511776 ], [ 70.236541748046932, 25.581623077392635 ], [ 70.251098632812614, 25.578617095947379 ], [ 70.253814697265739, 25.571964263916129 ], [ 70.245834350585938, 25.535589218139762 ], [ 70.240081787109489, 25.511949539184627 ], [ 70.280433654785213, 25.49410438537609 ], [ 70.29019927978527, 25.48987007141119 ], [ 70.313117980957145, 25.458131790161133 ], [ 70.320449829101562, 25.449472427368278 ], [ 70.325874328613395, 25.37567138671875 ], [ 70.326072692871207, 25.367824554443416 ], [ 70.267875671386776, 25.267402648925838 ], [ 70.262466430664062, 25.260160446167106 ], [ 70.184692382812557, 25.230089187622127 ], [ 70.1600341796875, 25.22023963928217 ], [ 70.103416442871151, 25.217971801757869 ], [ 70.057723999023551, 25.226036071777401 ], [ 69.965133666992244, 25.269157409668082 ], [ 69.938377380371094, 25.282133102416935 ], [ 69.889472961425895, 25.286220550537223 ], [ 69.858390808105582, 25.279272079467717 ], [ 69.831565856933594, 25.254610061645508 ], [ 69.808959960937557, 25.233940124511719 ], [ 69.768295288085994, 25.123401641845703 ], [ 69.76493072509777, 25.115961074829102 ], [ 69.698112487793026, 25.084672927856445 ], [ 69.665802001953125, 25.065931320190487 ], [ 69.622505187988281, 24.999221801757869 ], [ 69.601005554199219, 24.975105285644531 ], [ 69.372299194335938, 24.773206710815543 ], [ 69.351722717285213, 24.762727737426758 ], [ 69.336898803710994, 24.759569168090934 ], [ 69.335029602050895, 24.890151977539119 ], [ 69.334434509277457, 24.893375396728516 ], [ 69.297554016113338, 24.963424682617301 ] ] ] } },
{ "type": "Feature", "properties": { "GID_0": "PAK", "NAME_0": "Pakistan", "GID_1": "PAK.8_1", "NAME_1": "Sind", "NL_NAME_1": null, "GID_2": "PAK.8.5_1", "NAME_2": "Rann of Kutch", "NL_NAME_2": null, "GID_3": "PAK.8.5.1_1", "NAME_3": "Rann of Kutch", "VARNAME_3": null, "NL_NAME_3": null, "TYPE_3": "District", "ENGTYPE_3": "District", "CC_3": null, "HASC_3": null }, "geometry": { "type": "MultiPolygon", "coordinates": [ [ [ [ 69.615051269531193, 28.363115310669059 ], [ 69.669906616210994, 28.317441940307731 ], [ 69.676467895507756, 28.309461593628043 ], [ 69.718025207519645, 28.334352493286246 ], [ 69.730789184570426, 28.332012176513729 ], [ 69.736557006835881, 28.30485725402832 ], [ 69.744049072265625, 28.290195465087891 ], [ 69.712150573730469, 28.265224456787109 ], [ 69.67661285400402, 28.263517379760742 ], [ 69.650039672851619, 28.269105911254996 ], [ 69.587898254394588, 28.233966827392635 ], [ 69.568618774414119, 28.242671966552678 ], [ 69.527725219726562, 28.362100601196346 ], [ 69.505752563476676, 28.396623611450252 ], [ 69.517158508300895, 28.407884597778377 ], [ 69.533935546875114, 28.407915115356502 ], [ 69.552009582519588, 28.386722564697266 ], [ 69.56735992431652, 28.362485885620231 ], [ 69.615051269531193, 28.363115310669059 ] ] ], [ [ [ 69.558074951171875, 28.217239379882812 ], [ 69.541732788085994, 28.190071105957145 ], [ 69.540039062500114, 28.186813354492244 ], [ 69.53936767578125, 28.143163681030273 ], [ 69.529075622558594, 28.137924194335938 ], [ 69.519302368164006, 28.142389297485408 ], [ 69.508895874023494, 28.152156829834041 ], [ 69.504653930664062, 28.179103851318473 ], [ 69.49700927734375, 28.189838409423771 ], [ 69.450798034668082, 28.218210220336857 ], [ 69.444229125976619, 28.236810684204158 ], [ 69.459075927734375, 28.272830963134766 ], [ 69.464981079101562, 28.28031158447277 ], [ 69.508476257324219, 28.23896598815918 ], [ 69.519828796386832, 28.222055435180664 ], [ 69.558074951171875, 28.217239379882812 ] ] ], [ [ [ 67.196098327636832, 25.476459503173828 ], [ 67.140899658203125, 25.273004531860408 ], [ 67.137351989746207, 25.262327194213867 ], [ 67.098396301269588, 25.255256652832145 ], [ 67.092323303222713, 25.253612518310661 ], [ 67.074485778808594, 25.265966415405273 ], [ 67.072441101074276, 25.28648567199707 ], [ 67.162567138671989, 25.451129913330078 ], [ 67.169761657714901, 25.468097686767578 ], [ 67.196098327636832, 25.476459503173828 ] ] ] ] } },
{ "type": "Feature", "properties": { "GID_0": "PAK", "NAME_0": "Pakistan", "GID_1": "PAK.8_1", "NAME_1": "Sind", "NL_NAME_1": null, "GID_2": "PAK.8.6_1", "NAME_2": "Sukkur", "NL_NAME_2": null, "GID_3": "PAK.8.6.1_1", "NAME_3": "Ghotki", "VARNAME_3": null, "NL_NAME_3": null, "TYPE_3": "District", "ENGTYPE_3": "District", "CC_3": null, "HASC_3": null }, "geometry": { "type": "Polygon", "coordinates": [ [ [ 70.1807861328125, 27.855144500732422 ], [ 70.156951904296875, 27.834049224853572 ], [ 70.107810974121151, 27.766872406005916 ], [ 70.024566650390568, 27.56969070434576 ], [ 70.016265869140682, 27.555995941162223 ], [ 70.0, 27.545042037963867 ], [ 69.936248779296818, 27.502107620239315 ], [ 69.907623291015739, 27.459577560424805 ], [ 69.861968994140682, 27.402778625488281 ], [ 69.724678039550895, 27.29477691650402 ], [ 69.70013427734375, 27.278671264648494 ], [ 69.674018859863281, 27.391851425170842 ], [ 69.61386871337902, 27.46895790100109 ], [ 69.576362609863281, 27.504856109619254 ], [ 69.412048339843807, 27.590499877929688 ], [ 69.387207031250057, 27.617820739746151 ], [ 69.380348205566463, 27.657890319824276 ], [ 69.373977661132812, 27.698888778686637 ], [ 69.296066284179744, 27.844757080078125 ], [ 69.276031494140682, 27.883466720581112 ], [ 69.18967437744152, 27.971477508544922 ], [ 69.178291320800781, 27.984970092773494 ], [ 69.187255859375, 27.98668098449707 ], [ 69.193595886230469, 28.007328033447266 ], [ 69.189567565917969, 28.066143035888729 ], [ 69.199317932128906, 28.082456588745231 ], [ 69.260299682617188, 28.103263854980526 ], [ 69.323196411132926, 28.118556976318359 ], [ 69.345741271972599, 28.111289978027457 ], [ 69.351486206054688, 28.095447540283203 ], [ 69.347557067871151, 28.069755554199332 ], [ 69.364303588867188, 28.061012268066406 ], [ 69.384895324707031, 28.070568084716911 ], [ 69.405410766601676, 28.093515396118164 ], [ 69.37841796875, 28.145969390869084 ], [ 69.362121582031364, 28.177118301391658 ], [ 69.466865539550781, 28.145729064941406 ], [ 69.502937316894531, 28.166610717773551 ], [ 69.524459838867131, 28.1396999359132 ], [ 69.529075622558594, 28.137924194335938 ], [ 69.567901611328239, 28.230653762817383 ], [ 69.568618774414119, 28.242671966552678 ], [ 69.587898254394588, 28.233966827392635 ], [ 69.625350952148381, 28.250482559204102 ], [ 69.650039672851619, 28.269105911254996 ], [ 69.712150573730469, 28.265224456787109 ], [ 69.744049072265625, 28.290195465087891 ], [ 69.728523254394645, 28.321125030517578 ], [ 69.730789184570426, 28.332012176513729 ], [ 69.689506530761719, 28.316360473632926 ], [ 69.676467895507756, 28.309461593628043 ], [ 69.628959655761832, 28.348667144775504 ], [ 69.615051269531193, 28.363115310669059 ], [ 69.679939270019531, 28.413188934326115 ], [ 69.691680908203239, 28.43330192565918 ], [ 69.713821411132926, 28.410020828247127 ], [ 69.719551086425895, 28.3944091796875 ], [ 69.766983032226619, 28.368133544921875 ], [ 69.784606933593864, 28.35455322265625 ], [ 69.814857482910213, 28.133365631103629 ], [ 69.835838317871151, 28.08774375915533 ], [ 69.944221496582145, 27.972829818725529 ], [ 69.964385986328182, 27.949361801147404 ], [ 70.023200988769645, 27.914949417114258 ], [ 70.0484619140625, 27.901027679443473 ], [ 70.1807861328125, 27.855144500732422 ] ] ] } },
{ "type": "Feature", "properties": { "GID_0": "PAK", "NAME_0": "Pakistan", "GID_1": "PAK.8_1", "NAME_1": "Sind", "NL_NAME_1": null, "GID_2": "PAK.8.6_1", "NAME_2": "Sukkur", "NL_NAME_2": null, "GID_3": "PAK.8.6.2_1", "NAME_3": "Khairpur", "VARNAME_3": null, "NL_NAME_3": null, "TYPE_3": "District", "ENGTYPE_3": "District", "CC_3": null, "HASC_3": null }, "geometry": { "type": "Polygon", "coordinates": [ [ [ 68.897331237792969, 26.458269119262809 ], [ 68.859298706054744, 26.444515228271541 ], [ 68.851051330566463, 26.449235916137752 ], [ 68.834762573242131, 26.520328521728459 ], [ 68.834228515625, 26.531404495239258 ], [ 68.795455932617301, 26.576978683471793 ], [ 68.779693603515625, 26.58735466003418 ], [ 68.420272827148551, 26.639486312866268 ], [ 68.380386352539176, 26.638864517212028 ], [ 68.28741455078125, 26.677131652832088 ], [ 68.280136108398438, 26.693643569946403 ], [ 68.326751708984432, 26.76963996887207 ], [ 68.337310791015739, 26.794279098510685 ], [ 68.329032897949276, 26.860185623168945 ], [ 68.333679199218864, 26.88773345947277 ], [ 68.373611450195312, 26.956699371338004 ], [ 68.392890930175781, 26.988170623779411 ], [ 68.452003479003906, 27.022569656372127 ], [ 68.453697204589844, 27.056076049804688 ], [ 68.438629150390625, 27.119106292724609 ], [ 68.42413330078125, 27.139661788940543 ], [ 68.362846374511832, 27.181192398071289 ], [ 68.357330322265739, 27.20835113525402 ], [ 68.200103759765682, 27.244926452636776 ], [ 68.185935974121094, 27.24620437622076 ], [ 68.191665649414062, 27.266962051391715 ], [ 68.195327758789119, 27.282949447631836 ], [ 68.227317810058594, 27.354331970214844 ], [ 68.254104614257926, 27.370449066162109 ], [ 68.313873291015625, 27.368839263916072 ], [ 68.343574523925895, 27.380153656005973 ], [ 68.299682617187557, 27.437425613403377 ], [ 68.276824951171989, 27.466854095459041 ], [ 68.280937194824276, 27.495319366455192 ], [ 68.331367492675895, 27.531200408935661 ], [ 68.344772338867188, 27.553804397583065 ], [ 68.337593078613338, 27.576320648193416 ], [ 68.33994293212902, 27.604064941406307 ], [ 68.420074462890739, 27.61131477355957 ], [ 68.470260620117131, 27.626642227172908 ], [ 68.490066528320426, 27.647268295288086 ], [ 68.490135192871094, 27.664817810058707 ], [ 68.463066101074219, 27.699954986572322 ], [ 68.472656250000057, 27.712572097778263 ], [ 68.500762939453239, 27.726861953735465 ], [ 68.590652465820312, 27.729877471923885 ], [ 68.612144470214957, 27.734369277954102 ], [ 68.623565673828239, 27.654657363891658 ], [ 68.648521423339901, 27.632648468017692 ], [ 68.675735473632812, 27.631917953491268 ], [ 68.709342956543026, 27.64975738525402 ], [ 68.801567077636662, 27.640802383422965 ], [ 68.809669494628963, 27.632154464721793 ], [ 68.802192687988281, 27.50573921203619 ], [ 68.802803039550838, 27.501823425292969 ], [ 68.818313598632926, 27.471355438232422 ], [ 68.820922851562557, 27.468626022338924 ], [ 68.879417419433594, 27.436979293823299 ], [ 68.888534545898551, 27.428117752075252 ], [ 68.835090637207145, 27.340700149536133 ], [ 68.835205078125, 27.326154708862362 ], [ 68.886039733886832, 27.275688171386832 ], [ 68.889671325683707, 27.272974014282227 ], [ 69.001113891601562, 27.217678070068359 ], [ 69.0211181640625, 27.210599899292106 ], [ 69.095947265625057, 27.226310729980582 ], [ 69.113517761230526, 27.225198745727653 ], [ 69.295402526855469, 27.188545227050895 ], [ 69.299232482910156, 27.18768310546875 ], [ 69.48246002197277, 27.088016510009766 ], [ 69.487098693847656, 27.08531761169445 ], [ 69.538558959961051, 27.083553314209098 ], [ 69.542617797851562, 27.08334922790533 ], [ 69.537261962890625, 27.069272994995231 ], [ 69.513206481933537, 27.016868591308707 ], [ 69.483879089355469, 26.807638168334961 ], [ 69.483734130859432, 26.806230545043945 ], [ 69.5113525390625, 26.744466781616325 ], [ 69.515449523925895, 26.740055084228459 ], [ 69.698982238769474, 26.665069580078125 ], [ 69.721870422363224, 26.653842926025334 ], [ 69.815361022949219, 26.592157363891715 ], [ 69.831756591796875, 26.587734222412166 ], [ 70.088439941406364, 26.59556961059576 ], [ 70.106880187988338, 26.589521408081112 ], [ 70.160514831543082, 26.558954238891715 ], [ 70.167739868164119, 26.550743103027457 ], [ 70.182258605957145, 26.498525619506893 ], [ 70.183898925781307, 26.486833572387752 ], [ 70.172225952148438, 26.248329162597713 ], [ 70.172668457031307, 26.245077133178768 ], [ 70.145195007324276, 26.166154861450195 ], [ 70.137283325195256, 26.15489768981945 ], [ 70.026321411132812, 26.185373306274414 ], [ 70.013008117675838, 26.189090728759766 ], [ 69.868110656738395, 26.200458526611442 ], [ 69.836074829101676, 26.211042404174805 ], [ 69.639152526855469, 26.209133148193416 ], [ 69.591522216796932, 26.203081130981559 ], [ 69.372016906738395, 26.230142593383903 ], [ 69.27133941650402, 26.2415065765382 ], [ 69.15582275390625, 26.226549148559513 ], [ 69.129028320312614, 26.23074913024908 ], [ 69.095909118652344, 26.244087219238281 ], [ 69.066780090332088, 26.28011512756359 ], [ 69.064071655273438, 26.296928405761719 ], [ 68.96250152587902, 26.373620986938477 ], [ 68.950729370117131, 26.386829376220703 ], [ 68.936103820800781, 26.452638626098633 ], [ 68.916526794433707, 26.473114013671989 ], [ 68.897331237792969, 26.458269119262809 ] ] ] } },
{ "type": "Feature", "properties": { "GID_0": "PAK", "NAME_0": "Pakistan", "GID_1": "PAK.8_1", "NAME_1": "Sind", "NL_NAME_1": null, "GID_2": "PAK.8.6_1", "NAME_2": "Sukkur", "NL_NAME_2": null, "GID_3": "PAK.8.6.3_1", "NAME_3": "Naushahro Firoz", "VARNAME_3": null, "NL_NAME_3": null, "TYPE_3": "District", "ENGTYPE_3": "District", "CC_3": null, "HASC_3": null }, "geometry": { "type": "Polygon", "coordinates": [ [ [ 68.34146881103527, 26.648281097412223 ], [ 68.258102416992244, 26.630266189575252 ], [ 68.224143981933651, 26.61634635925293 ], [ 68.17630767822277, 26.618602752685547 ], [ 68.146072387695312, 26.608203887939567 ], [ 68.104370117187557, 26.659275054931697 ], [ 68.086471557617301, 26.663614273071346 ], [ 67.978614807128906, 26.567039489746151 ], [ 67.972831726074162, 26.554481506347713 ], [ 67.938064575195426, 26.54216384887701 ], [ 67.920845031738338, 26.539817810058651 ], [ 67.882202148437614, 26.550300598144588 ], [ 67.8681640625, 26.552621841430721 ], [ 67.831939697265625, 26.598236083984489 ], [ 67.831832885742301, 26.602390289306641 ], [ 67.872604370117244, 26.638351440429688 ], [ 67.874511718750057, 26.643230438232422 ], [ 67.859542846679688, 26.72242546081543 ], [ 67.857910156250057, 26.726785659790096 ], [ 67.865196228027457, 26.800554275512752 ], [ 67.86431884765625, 26.815088272094783 ], [ 67.901420593261776, 26.845451354980469 ], [ 67.912300109863338, 26.85716438293457 ], [ 67.910949707031307, 26.920639038085938 ], [ 67.912902832031364, 26.923902511596737 ], [ 67.938484191894645, 26.927301406860465 ], [ 67.952255249023438, 26.935365676879883 ], [ 67.942390441894588, 26.96384429931652 ], [ 67.948020935058707, 26.972244262695426 ], [ 67.993721008300838, 26.994195938110408 ], [ 67.996665954589787, 26.998397827148551 ], [ 67.997291564941406, 27.023807525634822 ], [ 67.987663269043082, 27.032661437988338 ], [ 67.929153442382756, 27.054840087890739 ], [ 67.929817199707088, 27.058776855468807 ], [ 68.006156921386832, 27.105218887329215 ], [ 68.02866363525402, 27.133361816406307 ], [ 68.055793762206974, 27.13231277465826 ], [ 68.084297180175838, 27.141069412231559 ], [ 68.099510192871094, 27.172477722168026 ], [ 68.145065307617131, 27.220287322998161 ], [ 68.181175231933594, 27.229393005371037 ], [ 68.185935974121094, 27.24620437622076 ], [ 68.325630187988395, 27.215709686279411 ], [ 68.34110260009777, 27.216873168945369 ], [ 68.362846374511832, 27.181192398071289 ], [ 68.368492126464901, 27.169042587280387 ], [ 68.438629150390625, 27.119106292724609 ], [ 68.446456909179688, 27.091058731079158 ], [ 68.453697204589844, 27.056076049804688 ], [ 68.452003479003906, 27.022569656372127 ], [ 68.414916992187614, 26.991746902465934 ], [ 68.392890930175781, 26.988170623779411 ], [ 68.352584838867131, 26.913888931274471 ], [ 68.333679199218864, 26.88773345947277 ], [ 68.334907531738281, 26.818946838378906 ], [ 68.337310791015739, 26.794279098510685 ], [ 68.284736633300781, 26.702487945556584 ], [ 68.280136108398438, 26.693643569946403 ], [ 68.34146881103527, 26.648281097412223 ] ] ] } },
{ "type": "Feature", "properties": { "GID_0": "PAK", "NAME_0": "Pakistan", "GID_1": "PAK.8_1", "NAME_1": "Sind", "NL_NAME_1": null, "GID_2": "PAK.8.6_1", "NAME_2": "Sukkur", "NL_NAME_2": null, "GID_3": "PAK.8.6.4_1", "NAME_3": "Nawab Shah", "VARNAME_3": "Nawabshah", "NL_NAME_3": null, "TYPE_3": "District", "ENGTYPE_3": "District", "CC_3": null, "HASC_3": null }, "geometry": { "type": "Polygon", "coordinates": [ [ [ 67.913635253906307, 26.300407409668026 ], [ 67.897468566894645, 26.348966598510742 ], [ 67.897331237792969, 26.354274749755916 ], [ 67.930213928222713, 26.511102676391715 ], [ 67.920845031738338, 26.539817810058651 ], [ 67.958580017089844, 26.545022964477653 ], [ 67.972831726074162, 26.554481506347713 ], [ 68.067955017089957, 26.652011871337947 ], [ 68.086471557617301, 26.663614273071346 ], [ 68.128204345703182, 26.631246566772461 ], [ 68.146072387695312, 26.608203887939567 ], [ 68.310028076171989, 26.637077331543026 ], [ 68.34146881103527, 26.648281097412223 ], [ 68.756988525390625, 26.590696334838924 ], [ 68.779693603515625, 26.58735466003418 ], [ 68.818092346191463, 26.556320190429688 ], [ 68.834228515625, 26.531404495239258 ], [ 68.853607177734489, 26.458511352539119 ], [ 68.851051330566463, 26.449235916137752 ], [ 68.881965637207088, 26.452718734741211 ], [ 68.897331237792969, 26.458269119262809 ], [ 68.750236511230582, 26.32529449462902 ], [ 68.740058898925838, 26.315898895263672 ], [ 68.709861755371094, 26.2336940765382 ], [ 68.709709167480526, 26.229536056518555 ], [ 68.661972045898438, 26.207780838012752 ], [ 68.658493041992301, 26.20472526550293 ], [ 68.658767700195312, 26.18371772766119 ], [ 68.655448913574332, 26.174200057983342 ], [ 68.629814147949276, 26.192964553833121 ], [ 68.621849060058707, 26.196304321289119 ], [ 68.576896667480469, 26.175054550170955 ], [ 68.565765380859489, 26.163106918335075 ], [ 68.553596496582145, 26.101499557495231 ], [ 68.552207946777401, 26.096166610717887 ], [ 68.595291137695369, 26.080905914306641 ], [ 68.598411560058707, 26.078184127807674 ], [ 68.599510192871151, 25.984458923339787 ], [ 68.599357604980582, 25.980529785156307 ], [ 68.511238098144645, 25.93759727478033 ], [ 68.502449035644645, 25.933305740356502 ], [ 68.489578247070312, 25.94078445434576 ], [ 68.490417480468807, 25.94674110412592 ], [ 68.5120849609375, 25.994411468505916 ], [ 68.510215759277401, 26.008005142211914 ], [ 68.471603393554631, 26.007173538208121 ], [ 68.467979431152287, 26.0098876953125 ], [ 68.402893066406364, 26.10123252868658 ], [ 68.387496948242188, 26.106996536254883 ], [ 68.357749938964844, 26.097528457641658 ], [ 68.340202331542969, 26.077859878540096 ], [ 68.299026489257812, 25.997766494751033 ], [ 68.28985595703125, 25.981649398803768 ], [ 68.200492858886776, 26.014499664306584 ], [ 68.189155578613281, 26.020557403564567 ], [ 68.122924804687614, 26.107034683227596 ], [ 68.108001708984489, 26.124351501464901 ], [ 68.049270629882926, 26.155069351196289 ], [ 68.044860839843807, 26.158695220947209 ], [ 67.992942810058651, 26.221845626831168 ], [ 67.989028930664176, 26.22570991516119 ], [ 67.939483642578125, 26.255416870117244 ], [ 67.935302734375, 26.259737014770451 ], [ 67.913635253906307, 26.300407409668026 ] ] ] } },
{ "type": "Feature", "properties": { "GID_0": "PAK", "NAME_0": "Pakistan", "GID_1": "PAK.8_1", "NAME_1": "Sind", "NL_NAME_1": null, "GID_2": "PAK.8.6_1", "NAME_2": "Sukkur", "NL_NAME_2": null, "GID_3": "PAK.8.6.5_1", "NAME_3": "Sukkur", "VARNAME_3": null, "NL_NAME_3": null, "TYPE_3": "District", "ENGTYPE_3": "District", "CC_3": null, "HASC_3": null }, "geometry": { "type": "Polygon", "coordinates": [ [ [ 69.542617797851562, 27.08334922790533 ], [ 69.490951538085938, 27.083761215210075 ], [ 69.487098693847656, 27.08531761169445 ], [ 69.303077697753906, 27.186357498168945 ], [ 69.299232482910156, 27.18768310546875 ], [ 69.117118835449276, 27.223407745361328 ], [ 69.113517761230526, 27.225198745727653 ], [ 69.026969909668082, 27.210460662841797 ], [ 69.0211181640625, 27.210599899292106 ], [ 68.886039733886832, 27.275688171386832 ], [ 68.880088806152401, 27.279983520507812 ], [ 68.835090637207145, 27.340700149536133 ], [ 68.835235595703182, 27.344858169555664 ], [ 68.888130187988395, 27.424184799194393 ], [ 68.888534545898551, 27.428117752075252 ], [ 68.814926147460881, 27.474765777587834 ], [ 68.809577941894474, 27.485073089599553 ], [ 68.799057006836051, 27.519313812255916 ], [ 68.797187805175724, 27.542835235595817 ], [ 68.816139221191463, 27.597391128540039 ], [ 68.816223144531364, 27.604087829589901 ], [ 68.801567077636662, 27.640802383422965 ], [ 68.783706665039062, 27.6497802734375 ], [ 68.795471191406193, 27.670722961425895 ], [ 68.802406311035213, 27.688148498535156 ], [ 68.845016479492301, 27.721597671508789 ], [ 68.875465393066463, 27.753704071044979 ], [ 68.873992919921989, 27.821796417236385 ], [ 68.877754211425838, 27.853948593139762 ], [ 68.94077301025402, 27.924888610839901 ], [ 68.974288940429744, 27.956121444702205 ], [ 69.039947509765739, 28.002859115600643 ], [ 69.066230773925838, 28.019004821777457 ], [ 69.062492370605412, 27.985893249511719 ], [ 69.066413879394588, 27.971406936645508 ], [ 69.078956604003906, 27.96790885925293 ], [ 69.102996826171875, 28.001993179321346 ], [ 69.116676330566406, 28.004053115844727 ], [ 69.168792724609375, 27.983160018920898 ], [ 69.178291320800781, 27.984970092773494 ], [ 69.250915527343864, 27.92186546325695 ], [ 69.276031494140682, 27.883466720581112 ], [ 69.351921081543026, 27.726715087890682 ], [ 69.373977661132812, 27.698888778686637 ], [ 69.380348205566463, 27.657890319824276 ], [ 69.387207031250057, 27.617820739746151 ], [ 69.61386871337902, 27.46895790100109 ], [ 69.674018859863281, 27.391851425170842 ], [ 69.699546813964787, 27.289539337158317 ], [ 69.70013427734375, 27.278671264648494 ], [ 69.600608825683594, 27.189397811889705 ], [ 69.586662292480469, 27.177984237671012 ], [ 69.542617797851562, 27.08334922790533 ] ] ] } }
]
}
